{"type":"FeatureCollection","crs":{"type":"name","properties":{"name":"urn:ogc:def:crs:OGC:1.3:CRS84"}},"features":[{"type":"Feature","properties":{"shapeName":"Olovo","shapeISO":"","shapeID":"43093233B78325541023921","shapeGroup":"BIH","shapeType":"ADM3"},"geometry":{"type":"Polygon","coordinates":[[[18.494386594565754,44.1031938775954],[18.496986905121616,44.10276596667609],[18.518005470576043,44.09506322568734],[18.535448711988522,44.08245657421156],[18.5396740938844,44.078020261725726],[18.548002970760535,44.0618044618065],[18.555959417693032,44.05851989307865],[18.56527015549335,44.05839823908752],[18.572210885623917,44.0607096262483],[18.577289468734023,44.06946774773843],[18.580844477990297,44.07165707621317],[18.58524591656584,44.07190032843744],[18.59895809204238,44.060587976753766],[18.61044149350956,44.05416927180166],[18.611554037988526,44.056013576965086],[18.64709750974231,44.07650438157202],[18.690080313755516,44.097581717722164],[18.730662694128057,44.115062013001534],[18.74200486373354,44.116398914578326],[18.747857361128354,44.11923251197089],[18.749284167030737,44.11992332709991],[18.759441334150324,44.12211078768274],[18.766551350864177,44.12028790955941],[18.770952790339038,44.121989264093315],[18.77789352046966,44.13243936918161],[18.780771385191315,44.14713929254435],[18.78466496581558,44.15260527211569],[18.796345707688317,44.162199879121204],[18.79917716919107,44.16562074640041],[18.799562143777962,44.1660858586755],[18.793806416133236,44.17422129857414],[18.796176421104974,44.17786366977259],[18.807349305925754,44.18405518280048],[18.809888597480835,44.19000327992745],[18.806260724253093,44.19554115849775],[18.792621413647396,44.19170262537591],[18.78398782128096,44.18502634179231],[18.779247810438164,44.180048983673714],[18.773661367578086,44.16900017561767],[18.769937073537164,44.16730017456348],[18.759779905518258,44.17422129857414],[18.748667965054608,44.172434026409235],[18.733933301780496,44.17484294594527],[18.727432714248437,44.168703893070244],[18.729816263010207,44.159532978264394],[18.7248324792356,44.15595748964648],[18.717790176975143,44.15751207662112],[18.712156335346663,44.15144895620443],[18.70771426719972,44.14958325506325],[18.70305551280171,44.15183763689748],[18.69687995554557,44.157900716844665],[18.68572061451482,44.160543402556016],[18.67705316537132,44.16481808618579],[18.66903577408175,44.17157922530106],[18.66210181494688,44.18191372164097],[18.65744306144819,44.18432225356918],[18.64747549389898,44.18362301269195],[18.629707223109904,44.174920650967294],[18.622339891472848,44.1744544172376],[18.607422398724793,44.182355616118855],[18.590155213991977,44.19862088594516],[18.56543944117732,44.21439633462319],[18.552912268186674,44.21548832472644],[18.543770817869017,44.219492115468825],[18.541739384265213,44.22458745384796],[18.548002970760535,44.235140683295924],[18.54749511280926,44.2511488657276],[18.53913237825668,44.25909312684638],[18.53674882859559,44.26374860681278],[18.547149768646932,44.27592869815095],[18.54379113175537,44.289269595715325],[18.54296680147678,44.29065906086703],[18.540432495763127,44.29493080551231],[18.523205939702393,44.30128932084551],[18.506846129545295,44.316562453194706],[18.49005294598669,44.322996136562494],[18.489532577294803,44.32336840626461],[18.479560214832077,44.31741204093299],[18.469430816978672,44.31234738382477],[18.4554137488455,44.309850027656694],[18.445581349399788,44.30238734539972],[18.407145605785104,44.28703255820602],[18.38062792254067,44.280846857496556],[18.37496684404465,44.28106016769266],[18.36781600800242,44.28617939656198],[18.36424059043094,44.28660597918264],[18.34755530663216,44.27764710023354],[18.346837114333567,44.278003079649686],[18.346657637539977,44.27504757568511],[18.34177600056205,44.26980448678768],[18.3196865916629,44.255645809606506],[18.318100058970572,44.24874003252654],[18.325666597635404,44.24436886872837],[18.341409877563876,44.2431448851284],[18.35629887169563,44.23877330494412],[18.362011913019444,44.23407895897685],[18.361821224370033,44.227930384979345],[18.356672621844098,44.222327792094006],[18.356863310493452,44.218911315305036],[18.3597236456298,44.21672466501133],[18.37116498347723,44.214264588440074],[18.381652875379928,44.21467460824664],[18.396145237013116,44.220824567200054],[18.419027911808712,44.227383813911956],[18.42760891451985,44.227110527029254],[18.43352027164326,44.225607423543806],[18.44553367633813,44.217681335025645],[18.47318357546169,44.21494795268592],[18.477950799789653,44.21166772768356],[18.485578357455267,44.188701034625126],[18.485006291507204,44.18377843622591],[18.47871355528639,44.17557319095005],[18.480620445377326,44.16955528484857],[18.483099402315588,44.16805071277025],[18.497401073500782,44.17379523666091],[18.50674483260798,44.173932004658354],[18.51685134721197,44.16189524456996],[18.529246129205546,44.150676961972295],[18.527720618212015,44.143972336254365],[18.51786438223553,44.14103026983116],[18.506959357788162,44.132408488261206],[18.501596230981306,44.13069766746344],[18.488784316443116,44.13048381137884],[18.47150312926607,44.12663426875656],[18.475674450215763,44.12107337743447],[18.492359734014542,44.11016395350373],[18.494743346628184,44.10524335789472],[18.494386594565754,44.1031938775954]]]}},{"type":"Feature","properties":{"shapeName":"Brcko District","shapeISO":"","shapeID":"43093233B82378099338701","shapeGroup":"BIH","shapeType":"ADM3"},"geometry":{"type":"Polygon","coordinates":[[[18.78548503150904,44.96656163980788],[18.774677085279336,44.966768311208625],[18.765027775211706,44.96305523441157],[18.74691416026036,44.95155515194875],[18.745016706585393,44.94924241408508],[18.743867010754002,44.947841091293355],[18.737434138574713,44.942089813494135],[18.704761917028918,44.939573449255306],[18.698159758266286,44.93681730237665],[18.686140444126238,44.92734953485319],[18.66362539059935,44.917160951716596],[18.657700375472018,44.911166823689996],[18.651744161064244,44.90842491667661],[18.65092893102542,44.90804963048612],[18.639417474836648,44.90001608287599],[18.631799599272142,44.888983113679785],[18.62739815979728,44.87470906966786],[18.61436312975468,44.85983150681864],[18.605898823971586,44.845430204240586],[18.59794237613977,44.83846828428392],[18.57661232509878,44.834266719133836],[18.57529294487966,44.83252063410566],[18.57120193981774,44.82710654453143],[18.566543186319052,44.81949878544066],[18.55939254093306,44.81381152228397],[18.5500750321371,44.81004532343297],[18.53057327133945,44.81896082538185],[18.52353096907899,44.81765432988345],[18.522447537823666,44.809507274341286],[18.52688960597061,44.80412651362775],[18.541190897641854,44.79443987719861],[18.543141073002175,44.78998040357283],[18.542165985771703,44.786058856730904],[18.53815729012689,44.78290604767602],[18.537652591350618,44.78123429791441],[18.537507231373695,44.780752811692935],[18.546933082395867,44.774138797167836],[18.54985834588598,44.76852397979786],[18.54899160178104,44.7582928425407],[18.551916865271153,44.75429220572079],[18.574343890458238,44.73543932646379],[18.57586069421569,44.730436509437425],[18.579436017358375,44.72666486968802],[18.589295240882734,44.72897406610031],[18.596337544042456,44.72889709402574],[18.608580315429265,44.72504837698108],[18.636966212520747,44.728820122850436],[18.64325011290242,44.72535628416523],[18.646717092919573,44.71858195559281],[18.650942473916075,44.71480954242651],[18.656467973318343,44.71226879936563],[18.658414906621125,44.712509421050314],[18.66394364808093,44.713192718768994],[18.672069381596714,44.71658029764268],[18.67705316537132,44.71527148369205],[18.686370673268016,44.71627234369373],[18.699501858823794,44.725066851753866],[18.704424970735886,44.73260393672234],[18.717807512306877,44.74270110647092],[18.754735180084538,44.75067600749179],[18.766977951471347,44.7489062963885],[18.782362674397973,44.741903862873016],[18.787671486649856,44.74336597975622],[18.801322719567906,44.752445664635786],[18.801873575904835,44.752874101658506],[18.805873130840382,44.755984817045714],[18.818332589377576,44.763216323174845],[18.82461648975925,44.773850377393046],[18.84679297191815,44.777095008128185],[18.890130218534807,44.7742109012122],[18.906720257833683,44.768322067609404],[18.90834885181812,44.76877170884734],[18.91281455864504,44.770004652392856],[18.923987441667123,44.77865717368968],[18.939392479379478,44.800763282099865],[18.948026071745858,44.82190033323383],[18.956321090046345,44.82730344929479],[18.96292324970824,44.82838401171284],[18.97595828065016,44.827783701656585],[18.982391152829507,44.82502219481847],[18.988485453640806,44.81997910345291],[18.992886893115667,44.81901846383107],[18.998290505602426,44.820113591668985],[19.002299200347863,44.823879133115554],[19.00251588659893,44.83041061235991],[18.996340329342786,44.83686452237987],[19.00544115188768,44.846313588501346],[19.005874524389867,44.85242085214065],[18.99390260901822,44.85515147895762],[18.987469736838932,44.852991337080596],[18.973418989095137,44.85311134711105],[18.95852181023338,44.84927090382922],[18.92771173660742,44.84579028109664],[18.910053077887312,44.84613535276435],[18.900001715107123,44.84369730508661],[18.876989383253488,44.846885499766074],[18.855564108396948,44.85269881190072],[18.837841968332214,44.861136447389185],[18.81112650258609,44.8808194539547],[18.795784948017,44.888878170890905],[18.7772692785544,44.89300079894775],[18.770921048767434,44.89805998368138],[18.765027776111026,44.91368443348989],[18.759102761883014,44.9212366018877],[18.755378466942773,44.929746585136854],[18.756902041695923,44.93501974556489],[18.760626336636165,44.937656144115806],[18.782633532211776,44.92842821948682],[18.813612892421077,44.93921395875725],[18.811412172233986,44.943168222035865],[18.796514994271604,44.949758055589825],[18.788219974172534,44.95706589617424],[18.785172823766857,44.96269589230167],[18.78548503150904,44.96656163980788]]]}},{"type":"Feature","properties":{"shapeName":"Goražde","shapeISO":"","shapeID":"43093233B67817660226532","shapeGroup":"BIH","shapeType":"ADM3"},"geometry":{"type":"Polygon","coordinates":[[[18.943118911632144,43.71479073592676],[18.935794989747023,43.713292521232916],[18.915200582341072,43.713843844318035],[18.90242442214941,43.71701385020907],[18.895750308629886,43.71701385020907],[18.887359994568158,43.713292521232916],[18.877825545912287,43.70598701798656],[18.871532810590793,43.70736548353028],[18.862951807879654,43.713292521232916],[18.85379873742187,43.71480864690159],[18.8312974408243,43.71522212909804],[18.79907100602213,43.70681410108995],[18.78000211050903,43.703505702126506],[18.748538432103032,43.70295428371327],[18.741482941284744,43.69357940716395],[18.74091087443736,43.6872367468784],[18.738050539301014,43.68254826359157],[18.724893001810642,43.673308118974546],[18.708875129183923,43.65689301310215],[18.706308705982053,43.652118256952065],[18.709864327676655,43.651227724879675],[18.737871768467414,43.63958504501386],[18.765700438424517,43.635643270620506],[18.76798870671348,43.63343507436923],[18.769323529057658,43.625291648490816],[18.772183863294686,43.620460281816634],[18.781336932853208,43.61383377480894],[18.787248291775313,43.612591223805964],[18.80174065160986,43.61521435735676],[18.820428169824254,43.61645685440038],[18.831106752174946,43.615766581562525],[18.84331084461985,43.610658315428964],[18.859519405895924,43.609553768091985],[18.86333318607774,43.606101928161536],[18.87038867689597,43.60444497405638],[18.870007298697942,43.601683283756586],[18.860663539590746,43.59146392402096],[18.86485869797059,43.58883975535048],[18.878588302308344,43.584972349494365],[18.881008787886273,43.580004418354676],[18.884313546533008,43.582972962332406],[18.90284022010013,43.6018055124145],[18.911399326118044,43.60698343104059],[18.923425412153108,43.607689476188455],[18.94520237858694,43.621887070631885],[18.968821178154883,43.631690082031696],[19.005414065206992,43.65300611264206],[19.000504767780853,43.66574311725111],[18.98983974270999,43.67443701995256],[18.984422587332574,43.677253085061864],[18.966647544648538,43.6745594608505],[18.960383957253896,43.67774282167392],[18.94531749270817,43.69916489854131],[18.943624632270996,43.70724209564622],[18.943118911632144,43.71479073592676]]]}},{"type":"Feature","properties":{"shapeName":"Mostar","shapeISO":"","shapeID":"43093233B67623280303241","shapeGroup":"BIH","shapeType":"ADM3"},"geometry":{"type":"Polygon","coordinates":[[[17.91750235864697,43.20449691430122],[17.918747391778766,43.20593281594677],[17.926722250531498,43.2097858353481],[17.937881248021256,43.21219564071629],[17.94495901414723,43.215190730268034],[17.950693429658088,43.2176173556565],[17.97673108896862,43.23508404329402],[17.98789008645838,43.24772921093438],[17.994089529708106,43.26669204130474],[17.998288619024606,43.30070197201843],[17.99802410862577,43.31533025988364],[17.993791955734196,43.32687642091014],[17.987179217347034,43.33572699180729],[17.979465114323602,43.34507753539998],[17.97845040206448,43.34630750398816],[17.971837662777943,43.35669384804271],[17.964431394992914,43.36265557709328],[17.954909051211814,43.36746299482138],[17.949089840423824,43.37323139481305],[17.94644474542872,43.37957600033218],[17.9477672929263,43.38803444163625],[17.9556708381387,43.40704624728653],[17.974800169891978,43.42967120516204],[17.968536583396656,43.44208674620643],[17.96989087246584,43.45253349412553],[17.975646600110565,43.45892355677677],[17.989528062170393,43.46678732227713],[18.00087023267514,43.47550998979426],[18.00816772699058,43.47892258434911],[17.997414623685984,43.482118845808145],[17.981015372861236,43.49069667121444],[17.980443306013797,43.4930484424317],[17.98959637647164,43.49761338494983],[17.990549821517106,43.499826566143156],[17.970718169607892,43.507018843844605],[17.9465006715688,43.51033806794754],[17.915036993162744,43.522230454471924],[17.892535696565176,43.54504068258149],[17.88624296034442,43.549463484552234],[17.86927164357155,43.55167476457876],[17.864145774108238,43.55300153169537],[17.856829189415635,43.54895384234601],[17.836568486246676,43.55132925763917],[17.815711881498203,43.56428441799153],[17.809156948834186,43.56514799648289],[17.803495870338168,43.56234132119505],[17.794855277648992,43.55132925763917],[17.79038600411087,43.54830598603246],[17.784426974825067,43.54830598603246],[17.772508914454875,43.551761140864016],[17.75373796973156,43.559318601772134],[17.748970746302973,43.56428441799153],[17.74420352197501,43.58025861324444],[17.734967025907565,43.58932316343328],[17.701298506620844,43.608311128955506],[17.67627058092262,43.61780286431082],[17.64200615825763,43.62815577606824],[17.630088098786757,43.63009674866606],[17.622043407677154,43.62815577606824],[17.608933542349178,43.62103834084678],[17.599697045382413,43.618881375375224],[17.578162792478963,43.61849408143678],[17.578162792478963,43.61526913416327],[17.570375630331114,43.610979341023835],[17.5588641741424,43.59381711167043],[17.56072632206218,43.5846210455249],[17.585611380560806,43.57125359187984],[17.583918520123632,43.56573405318409],[17.5712220605497,43.54929509729095],[17.566143477439596,43.54647303370359],[17.557002027121882,43.54524600949577],[17.551584871744467,43.5467184362069],[17.53838055421926,43.55555224284177],[17.53160910887334,43.55555224284177],[17.521451941753753,43.543896253009734],[17.515696214109028,43.54033765905575],[17.49961403276143,43.53861964278235],[17.49690545462306,43.534815288394896],[17.500121890712762,43.53101069388845],[17.511294774634166,43.52475099965898],[17.525853381228615,43.52070026430579],[17.537534123101352,43.513580129319564],[17.538863673247253,43.50972315370011],[17.539226984437846,43.50866920142255],[17.554124162400228,43.49417963758026],[17.56868276899462,43.48423139826048],[17.581379227669288,43.478089692385424],[17.586288525095426,43.47219306705648],[17.623633043030566,43.442406320295504],[17.62569156331506,43.43745026981418],[17.624824817411422,43.43469673276803],[17.616374054519042,43.4235239558659],[17.619407662034007,43.41919591725781],[17.630241973688157,43.41990416214742],[17.64367651945588,43.42438460796336],[17.652817970672857,43.42524524836955],[17.663313710059697,43.42340100415305],[17.72038344603925,43.394559553680494],[17.72276699570034,43.38983578369454],[17.719408357909458,43.38550533760133],[17.70684055714605,43.37849723296097],[17.679863120686548,43.374087224745665],[17.677479571924778,43.36825922128611],[17.682680041950448,43.36203681474723],[17.692322579223685,43.3549472207377],[17.69123914796836,43.34462644175693],[17.6873387963484,43.33359466146453],[17.681379924444002,43.32981187551769],[17.680079806937613,43.32397961916416],[17.690697433240018,43.31964447051598],[17.698173107103287,43.32232441603901],[17.70434866615807,43.322560876583225],[17.71041588028868,43.320511524887024],[17.72417545633232,43.30947536399691],[17.72320036820247,43.29914685534317],[17.71897498540733,43.29007839760004],[17.707490615899246,43.28479441203257],[17.698064763977698,43.28384797810173],[17.697572929247315,43.28396327748334],[17.697723088150042,43.281230513877176],[17.697723088150042,43.27689220051468],[17.699510797385415,43.27103498797436],[17.703682118335166,43.265828102185196],[17.710832954377395,43.26127171311913],[17.718877645486998,43.25953585609494],[17.729305947411603,43.259752840920896],[17.746289182899545,43.26235659857821],[17.76952939936234,43.263224492916095],[17.776978187093732,43.26127171311913],[17.782639265589694,43.25649798669281],[17.78412902223664,43.24911967343422],[17.778169992950836,43.23544573083586],[17.779957702186266,43.229150344312984],[17.798430695220475,43.216340482027704],[17.799324549388473,43.21004312239222],[17.793365519203405,43.20309355732189],[17.77578638123657,43.191581598412085],[17.773104817833143,43.18723689896376],[17.776084332925677,43.181153799208516],[17.786214683161177,43.17181071639152],[17.792993815911927,43.168371273615435],[17.7930675675143,43.16833385552309],[17.80498562788449,43.173766364126436],[17.809156948834186,43.178763844575826],[17.816307784876415,43.181153799208516],[17.830907408650035,43.181153799208516],[17.842229564742695,43.18376091583366],[17.848784498305974,43.188974815435415],[17.852657867566563,43.188757578799255],[17.86308616949117,43.18376091583366],[17.863525447841198,43.18376091583366],[17.8693431513654,43.18376091583366],[17.870832908911666,43.18745414099584],[17.861894363634008,43.195491563784685],[17.8648738787266,43.201790426187245],[17.87262061724772,43.20874013964578],[17.89347722289557,43.222420074426964],[17.90181986479496,43.225676749782224],[17.908374797458976,43.22502542748157],[17.91750235864697,43.20449691430122]]]}},{"type":"Feature","properties":{"shapeName":"Živinice","shapeISO":"","shapeID":"43093233B3183764522744","shapeGroup":"BIH","shapeType":"ADM3"},"geometry":{"type":"Polygon","coordinates":[[[18.753393779199598,44.49730595420647],[18.749682565797798,44.49772392491923],[18.746250164713388,44.50180421109553],[18.741101563086715,44.503436244986744],[18.73385538271981,44.50302824146024],[18.71669337639827,44.494187445294415],[18.695336212596203,44.488882325658835],[18.660058754907652,44.47323621208159],[18.63984572569973,44.474324773069895],[18.626497498660683,44.477998517117896],[18.620967518835982,44.476910024478116],[18.60867952234213,44.46836465200715],[18.6029435977689,44.46644857624085],[18.589519095629782,44.46740662221788],[18.57780316598337,44.475854167336024],[18.557422329576923,44.48334272039028],[18.556978721844455,44.48435998850564],[18.546789513725116,44.48058360574885],[18.537255065968566,44.473372283104425],[18.53096232974775,44.466976591596506],[18.52085581514382,44.44928273161281],[18.518620223744392,44.44579150677265],[18.525623039471725,44.4439735272565],[18.533631976234744,44.43934459707555],[18.54145022344909,44.42654505720867],[18.546217446877733,44.42463850346422],[18.557849473374574,44.42817919731215],[18.56357014184863,44.425591788430324],[18.573485967803208,44.41755647185374],[18.571388389962294,44.41224438517031],[18.562235319504452,44.40556954140129],[18.56261669770248,44.40284489597525],[18.570053566718798,44.396305230202245],[18.570053566718798,44.39330763873659],[18.569672189420032,44.39017362910977],[18.560519118962247,44.38036173240806],[18.560519118962247,44.37531886767164],[18.56814667752718,44.363323282143824],[18.568528055725267,44.33345996710386],[18.572913900955825,44.32732178567193],[18.573343646492162,44.32523122883822],[18.57936157147941,44.32434624108623],[18.599622272849672,44.31219524641352],[18.606475157202794,44.31027643760757],[18.624054296968268,44.326051442919834],[18.637462113985407,44.326904024501175],[18.652061736859707,44.33841267120789],[18.679473275171574,44.34714920896886],[18.68930567461723,44.34629692146581],[18.697946267306463,44.33862577276125],[18.702415540844584,44.33883887341534],[18.711354085222922,44.34778841650228],[18.715823357861723,44.34714920896886],[18.72982707825713,44.33542916492405],[18.733700447517663,44.333937354225554],[18.74532055619875,44.340330559108054],[18.752471392241034,44.34949293664977],[18.75485500485462,44.36035808605686],[18.758728374115208,44.362488270617234],[18.77183823944324,44.35588444451156],[18.804612904561964,44.36525739561239],[18.81563710986478,44.371434202026876],[18.8200015844377,44.3724741334365],[18.818521280632638,44.38036173240806],[18.82119092622031,44.3900373638333],[18.82614883829831,44.39576022485454],[18.826644629146358,44.40832675307723],[18.804555221146586,44.41076781168522],[18.800405829265685,44.41294724222149],[18.790032350013007,44.424017498209025],[18.785150713035023,44.424889082465256],[18.779902952159546,44.423494540640604],[18.76367150853332,44.416259823032476],[18.757203338863064,44.417654536627595],[18.742055008132184,44.42572797006983],[18.737097094255546,44.4260003342481],[18.728325401995733,44.423821390244996],[18.726418513703493,44.42640887736786],[18.730041603437314,44.43689383838],[18.730041603437314,44.44628785520041],[18.732329870826902,44.44901047625251],[18.74338983047636,44.45200521237069],[18.747203609758856,44.4811278196932],[18.753393779199598,44.49730595420647]]]}},{"type":"Feature","properties":{"shapeName":"Široki Brijeg","shapeISO":"","shapeID":"43093233B82557646548063","shapeGroup":"BIH","shapeType":"ADM3"},"geometry":{"type":"Polygon","coordinates":[[[17.538863673247253,43.50972315370011],[17.526786645487334,43.506465622290705],[17.52227113060826,43.49734779716317],[17.51507071584092,43.472200255337555],[17.513118061049738,43.4687460780691],[17.50945683286659,43.46670890679064],[17.497862943919756,43.47051747540121],[17.4939957718874,43.474508465193594],[17.486177524673053,43.47769110476071],[17.480838234397027,43.47755273327209],[17.472638608085333,43.47298627449703],[17.460815893838458,43.46897304087321],[17.454713847166374,43.46468273871744],[17.443272509318888,43.461084185187076],[17.423631546059028,43.46938821559371],[17.418292255783,43.47049533319313],[17.414097098302477,43.469526606867475],[17.413525031455094,43.46454433665184],[17.41676674389015,43.455409108743424],[17.426682569844786,43.44018066280739],[17.425919814347992,43.432980426105814],[17.40437958904687,43.42293743421527],[17.396935091980936,43.41788484151226],[17.391931413404052,43.40795571278596],[17.39620284598459,43.40050779739698],[17.395627565859513,43.398835845298095],[17.402155202300776,43.397598552631166],[17.406326524149847,43.39629958355897],[17.42777903137727,43.37009775660624],[17.441484800083515,43.363166454068676],[17.454892617100654,43.35861735580636],[17.49154065237923,43.356667638200975],[17.492136554858178,43.33868395639951],[17.473365610134863,43.31549231052179],[17.473067659345077,43.31224043844554],[17.482006204622678,43.30248377540596],[17.494818119160925,43.29793013017144],[17.497240087745976,43.29396385753263],[17.499449476612085,43.29409786532426],[17.545825030600724,43.27179827946708],[17.5510727914762,43.27126512178802],[17.556930756749068,43.27339772462534],[17.561796833640788,43.279505661836524],[17.561742037964734,43.2796233507371],[17.579347794964804,43.281595207852604],[17.598984984669357,43.292685717471954],[17.605925715699243,43.29404108482828],[17.619637891175785,43.28911232967033],[17.631657206215152,43.28861943284062],[17.65197153955495,43.292685717471954],[17.661112989872606,43.29280893448481],[17.680242322525203,43.28985166861969],[17.69167252047049,43.285346491447456],[17.697572929247315,43.28396327748334],[17.698064763977698,43.28384797810173],[17.707490615899246,43.28479441203257],[17.71897498540733,43.29007839760004],[17.72320036820247,43.29914685534317],[17.72417545633232,43.30947536399691],[17.71041588028868,43.320511524887024],[17.70434866615807,43.322560876583225],[17.698173107103287,43.32232441603901],[17.690697433240018,43.31964447051598],[17.680079806937613,43.32397961916416],[17.681379924444002,43.32981187551769],[17.6873387963484,43.33359466146453],[17.69123914796836,43.34462644175693],[17.692322579223685,43.3549472207377],[17.682680041950448,43.36203681474723],[17.677479571924778,43.36825922128611],[17.679863120686548,43.374087224745665],[17.70684055714605,43.37849723296097],[17.719408357909458,43.38550533760133],[17.72276699570034,43.38983578369454],[17.72038344603925,43.394559553680494],[17.663313710059697,43.42340100415305],[17.652817970672857,43.42524524836955],[17.64367651945588,43.42438460796336],[17.630241973688157,43.41990416214742],[17.619407662034007,43.41919591725781],[17.616374054519042,43.4235239558659],[17.624824817411422,43.43469673276803],[17.62569156331506,43.43745026981418],[17.623633043030566,43.442406320295504],[17.586288525095426,43.47219306705648],[17.581379227669288,43.478089692385424],[17.56868276899462,43.48423139826048],[17.554124162400228,43.49417963758026],[17.539226984437846,43.50866920142255],[17.538863673247253,43.50972315370011]]]}},{"type":"Feature","properties":{"shapeName":"Bihać","shapeISO":"","shapeID":"43093233B52287249452969","shapeGroup":"BIH","shapeType":"ADM3"},"geometry":{"type":"Polygon","coordinates":[[[16.142445384746736,44.727919405955845],[16.141248298070536,44.72754141730263],[16.13648107464195,44.72794784611625],[16.113026332998913,44.74420270269263],[16.101012928304044,44.755172147376754],[16.082554237188333,44.781490319622606],[16.075109740122457,44.78824663207644],[16.063881974173796,44.79110483402093],[16.036666845998184,44.78867970150708],[16.025805202148433,44.78971905608961],[16.01405876300157,44.79199257909431],[16.0089101613749,44.79875848731439],[16.005477759391113,44.81107040307671],[16.00738464948205,44.82824857381269],[16.002236046956057,44.840554195219966],[16.003105588851895,44.84962351361429],[16.011404372613754,44.85914016558621],[16.015919886593565,44.861908349890484],[16.027513775540342,44.861475829945675],[16.042768892670324,44.857756022622425],[16.053142371023625,44.859053657100674],[16.0698619801463,44.865108897657535],[16.070472184543746,44.86908770973008],[16.06668891566096,44.87764987254366],[16.07755055861145,44.885086675909406],[16.077794640010666,44.887334822743924],[16.07547586312063,44.89053395677672],[16.06243676994103,44.89827467073951],[16.061929318483294,44.8975368462485],[16.055583190411937,44.89675878968643],[16.042768892670324,44.9010811931426],[16.031419086022026,44.9027236222974],[16.02226601556424,44.90281006423311],[15.997857828875738,44.8994387190217],[15.992854151198173,44.900735413708446],[15.984799448835531,44.90678626917105],[15.974425969582853,44.90730488481262],[15.951482273987779,44.90384736116681],[15.920849999927611,44.88396257011658],[15.905716924396586,44.882665496815264],[15.895831608841718,44.88785361285403],[15.893924718750839,44.893803158788785],[15.885725093338408,44.899881759235825],[15.880576490812473,44.90015190388732],[15.868372398367512,44.8962346764892],[15.860935529351252,44.89812578527682],[15.856168305023289,44.901907816692415],[15.846443167718064,44.919058906143675],[15.850447636549234,44.92716000363134],[15.856931060520083,44.93269509610184],[15.856931060520083,44.936339865792206],[15.84072249924401,44.94646301335746],[15.834620452571869,44.947812631347915],[15.83214149563355,44.9468679016324],[15.823941871120496,44.93822965527443],[15.802394017769757,44.926079923249915],[15.798008172539198,44.926079923249915],[15.794575770555412,44.92797005087721],[15.77550687594163,44.95159139282856],[15.771155034976914,44.96784625570018],[15.760876299301799,44.966768311208625],[15.753258423737293,44.96305523441157],[15.751057703550202,44.94760146603488],[15.738191959191624,44.94125103740549],[15.737514814657004,44.938015643607116],[15.752073420352133,44.9108071560255],[15.760368440451202,44.88202645925372],[15.771879896639973,44.8636712459313],[15.79095632667321,44.849323411646196],[15.790691816274375,44.84519765394862],[15.77905339559777,44.8375079531296],[15.749957344356005,44.8363825451184],[15.727738541000917,44.82644048593971],[15.72429991660789,44.822500704443996],[15.72694501250237,44.81555853000219],[15.731970693892436,44.80748954820416],[15.777297052916708,44.75858614743282],[15.787792792303549,44.74379883604752],[15.798288531690446,44.73850814783282],[15.815047857572608,44.73285619475763],[15.82842146078184,44.71709996549106],[15.837224338832243,44.71661879222353],[15.844672927813406,44.72684287339996],[15.849074367288267,44.72972934553292],[15.862447970497499,44.72624150664029],[15.870065846062005,44.727083418664904],[15.87514442917211,44.729368544722604],[15.891057324835742,44.74427978358517],[15.90087591968802,44.74632376722815],[15.9150959540151,44.74584283587825],[15.9218673984617,44.741273795149596],[15.917127387618905,44.73514109328687],[15.924162917984347,44.71658029764268],[15.928713329256766,44.71026692288024],[15.935863974642757,44.70988193930009],[15.944856453162856,44.712499780340636],[15.950598638816189,44.712345793023985],[15.956882539197863,44.71011293016767],[15.982884887527575,44.688318739917975],[15.981259740644589,44.67830452453421],[15.98591849504254,44.66782626257202],[15.993719199181726,44.66451288855899],[16.01896314563271,44.65942687525012],[16.030072969991636,44.65866827012462],[16.03774374727618,44.65584598980064],[16.049117658453213,44.64530826466472],[16.058904512633205,44.62987456825675],[16.06181411712788,44.6180141850067],[16.05996255063127,44.610859130244705],[16.045679034060242,44.59711142165486],[16.024253760103022,44.586374647771834],[16.020286116710963,44.58298367575611],[16.01975709681261,44.57507063730014],[16.039595314672056,44.55942980004528],[16.055201378740662,44.55754507734349],[16.072923518805396,44.55132506120265],[16.085884487878843,44.5396371724176],[16.10016800355055,44.53096399729071],[16.11502286121612,44.50922258915119],[16.12467216948511,44.50487635186221],[16.130427898029097,44.49823564186141],[16.127211461939453,44.494130097326206],[16.12633117404448,44.4860050976572],[16.143882758582492,44.46312149206324],[16.145616248591068,44.445566160050305],[16.138898974807887,44.43620631566898],[16.139115661058952,44.432106077133824],[16.146699679846392,44.419726253563795],[16.16403457813334,44.41392230786829],[16.1702101362888,44.4058732172752],[16.16966842066114,44.40037752949945],[16.164792980012066,44.39635219100086],[16.12784797780199,44.39457166375132],[16.12503105653809,44.39279108344181],[16.126222830918948,44.38946202615165],[16.132290045049615,44.38489394140231],[16.157317305249478,44.37018073865022],[16.165984754392923,44.36576605755755],[16.18288628017774,44.36204817208551],[16.192962189953164,44.3574779487484],[16.208455256005323,44.34740670735374],[16.2091459434306,44.34081104349491],[16.20643736529223,44.33754199166964],[16.183075880647436,44.322162898499016],[16.181383020210262,44.31138302011033],[16.18222945042885,44.306174054189285],[16.187138747854988,44.29769335466466],[16.18815446465686,44.28884789101738],[16.194248764568897,44.28060708295055],[16.193910192301587,44.24835987470851],[16.19560305363808,44.24508567246585],[16.216691884023305,44.24272994962752],[16.22929099108643,44.24811734733777],[16.244018884264165,44.25139138050787],[16.24723532035381,44.25466523111555],[16.24537317333335,44.259757525289615],[16.229121705402406,44.28000109547423],[16.23267671375936,44.28521238344479],[16.238432441404086,44.28909025021494],[16.243003166562914,44.29757219260267],[16.260439636979697,44.309687128957876],[16.278383966247077,44.30992940182051],[16.287017557714194,44.311504152494706],[16.294127575327366,44.31925616014371],[16.30259188111046,44.32264733990286],[16.30558522597744,44.32397023993468],[16.30807251963114,44.32506949206345],[16.31018859562721,44.33131364151137],[16.31151114402411,44.35136611025786],[16.3146852580183,44.35685096749819],[16.310320850826656,44.369130932146845],[16.309907554789845,44.37858439595317],[16.29957514937371,44.39482897147991],[16.297095373153013,44.40457355212777],[16.292962410986547,44.40929761439344],[16.304948000549814,44.41343085445044],[16.30412140847625,44.42081091509169],[16.292201946063017,44.435096064831555],[16.291672927063985,44.45813383940521],[16.288234302670958,44.473046895797665],[16.290879398565437,44.489843118165425],[16.29161973842457,44.49028322751264],[16.281559618081985,44.496958839279046],[16.271429266947166,44.50439674431436],[16.219585706315343,44.52288113985276],[16.182055735583788,44.541639991392515],[16.150210678979704,44.55916997601366],[16.123323535352938,44.58239925851905],[16.106161529930716,44.587288450701465],[16.101394305602753,44.591769850698086],[16.09281330289167,44.63398666974905],[16.085376433875354,44.65962755716606],[16.088618145411147,44.669663759175194],[16.092431924693642,44.672647159338965],[16.098533971365725,44.67413880276359],[16.105398773534603,44.67251155416494],[16.109403242365772,44.65949192141511],[16.115695977687267,44.649725276800154],[16.121225957511967,44.64674069672583],[16.132857984008808,44.64375596286743],[16.144680700054323,44.64389163638998],[16.148875856635527,44.64755468929752],[16.150210678979704,44.65338796188496],[16.149829300781676,44.67441000591708],[16.154787214658256,44.67766435112895],[16.16603786295707,44.67969822369412],[16.167944752148628,44.68132526994532],[16.16773880829942,44.68681892705189],[16.163955539416634,44.6931525266678],[16.16297921202107,44.70920032693357],[16.157243288347104,44.71648542726069],[16.146991848894743,44.722989206486716],[16.142445384746736,44.727919405955845]]]}},{"type":"Feature","properties":{"shapeName":"Tomislavgrad","shapeISO":"","shapeID":"43093233B94877039995793","shapeGroup":"BIH","shapeType":"ADM3"},"geometry":{"type":"Polygon","coordinates":[[[16.912080863341203,43.64945657306242],[16.916152492643448,43.64596040824631],[16.917127580773297,43.63772794139146],[16.92807023555298,43.618436029299346],[16.941179752843368,43.60988600823276],[16.97072708748516,43.57645238826717],[16.98771528813012,43.57409137022063],[17.00109349586819,43.56177929887559],[17.00531887776407,43.5518078489531],[17.02178703194602,43.550001818729015],[17.044105713108195,43.53594434765358],[17.052340791594304,43.535003463439125],[17.058386955293827,43.54053994446292],[17.077398580180386,43.55042570698083],[17.084837911540433,43.55012616169307],[17.095170316057306,43.54623194524811],[17.103849536426992,43.545033674164756],[17.112942051934226,43.54533324373426],[17.13402015790399,43.54922751863512],[17.14517915539375,43.548927967951386],[17.159644521177768,43.54413495466446],[17.17286999975073,43.54293664221234],[17.182789108230793,43.54713063237284],[17.222052246114345,43.54922751863512],[17.237344205770512,43.55312154172583],[17.24354364812092,43.55222294363398],[17.24189046307447,43.547430192049774],[17.242717056047354,43.542037892135056],[17.25180957155453,43.53874235977213],[17.260075495887463,43.53934156096432],[17.273714270497237,43.54563281240445],[17.281153600957964,43.54593237927594],[17.288179636281257,43.54293664221234],[17.298512040798073,43.541738305478475],[17.31876355469433,43.54293664221234],[17.33694858660806,43.55042570698083],[17.346041103014556,43.55851285058765],[17.34810758409776,43.563005240299674],[17.34812411633493,43.57018038861412],[17.354472345222575,43.58052834420778],[17.359762537011534,43.58340246145451],[17.382245848966818,43.5878091745538],[17.38938760815165,43.59317343180851],[17.401290538327714,43.59604694561011],[17.414251507401218,43.5924071383788],[17.427212475575345,43.56903050465411],[17.43620580035747,43.56768894728714],[17.439908934249956,43.568455555479545],[17.448108730533534,43.57075532160087],[17.452869902424084,43.57401317147077],[17.459218132211106,43.581869616489655],[17.465830871497587,43.59604694561011],[17.471385571886685,43.60351743757974],[17.488843202451903,43.60868877316841],[17.50180417152535,43.61749817310226],[17.51846827359202,43.63855889607623],[17.52931316577002,43.64468426666565],[17.540163661162126,43.646815400819435],[17.54024270123972,43.6484740268549],[17.5395655567051,43.65582318229406],[17.53380982906043,43.65925248161676],[17.52483766442674,43.65974236571765],[17.51823550566411,43.657537856686815],[17.501645465465913,43.65741538161461],[17.487764003406085,43.664028677581484],[17.482177562344702,43.67039634891245],[17.482002755722647,43.67128139601965],[17.480992559858805,43.676396035648565],[17.47676040606791,43.68606773793579],[17.47676040606791,43.6902297625935],[17.481500417810082,43.698675336397685],[17.480653987591495,43.70259172113106],[17.45576892729423,43.717275883875004],[17.437993884610137,43.731834125344676],[17.423435278915065,43.7518917876759],[17.409553816855237,43.75592696745565],[17.36689371477314,43.7576387811049],[17.358598694674072,43.76081773075373],[17.358613068538318,43.76083419734039],[17.32301733897907,43.77654725914874],[17.311848153069832,43.77998732065839],[17.264520679285965,43.78138655064885],[17.25658801762296,43.78350119492427],[17.253170872637725,43.78588007980187],[17.249021480756767,43.795394674124964],[17.25195046294357,43.806228894947594],[17.239746369599345,43.840304236951],[17.23388840432642,43.85121832026931],[17.226077785161692,43.85817060578887],[17.206436821901832,43.86773967294761],[17.186033104044554,43.87557526538626],[17.179549679174386,43.87585018004182],[17.16067147231064,43.86993924200249],[17.15170909140147,43.87488797380098],[17.146369800226125,43.87502543337712],[17.125394015521465,43.868564521235726],[17.121389546690295,43.866089943995746],[17.118104328651896,43.861803869553],[17.126370342017708,43.857642612017],[17.130153610900493,43.85315448149419],[17.13100789759642,43.845761528172034],[17.14118611154987,43.8197310445521],[17.122674942294793,43.81606783606185],[17.120019331526976,43.81432068804935],[17.117598040017583,43.811108056991316],[17.11845720823362,43.803893097488526],[17.126492383616664,43.793016167861936],[17.13100789759642,43.78121032669526],[17.149680160610956,43.77768574330247],[17.152731183497394,43.77336784544974],[17.138330353962715,43.763409056183036],[17.105867464911626,43.731847251849274],[17.08768336649422,43.72523303407729],[17.06486171159878,43.70573889143674],[17.03923311521612,43.70185694803979],[17.01714370721635,43.685797146321306],[17.00310899888126,43.672646083949644],[16.963079573863297,43.65454763156799],[16.958442017385266,43.65490082411378],[16.942698737456794,43.661964242455895],[16.937939140279127,43.66187595511127],[16.93049464321325,43.66099307177291],[16.912080863341203,43.64945657306242]]]}},{"type":"Feature","properties":{"shapeName":"Gornji Vakuf-Uskoplje","shapeISO":"","shapeID":"43093233B79928376109694","shapeGroup":"BIH","shapeType":"ADM3"},"geometry":{"type":"Polygon","coordinates":[[[17.44129093862597,43.90173660665914],[17.442395324085,43.8966209094275],[17.442226037501655,43.88795925821324],[17.442522086224084,43.87280841843728],[17.44519912513954,43.87374410001024],[17.458084761602493,43.87288742201696],[17.48430379528395,43.86726379129101],[17.491996157196922,43.864451776728174],[17.511606261120107,43.85101476681808],[17.517565133024505,43.85062411121379],[17.52363234715517,43.85210858973966],[17.53717523694769,43.85984291132138],[17.5404255298144,43.858905471510354],[17.546167714568412,43.85273362305833],[17.564802731261068,43.855936813932885],[17.57303680880176,43.85234297824593],[17.578995679806837,43.8515616805272],[17.591996853971693,43.859452313273664],[17.59795572497677,43.857811772695186],[17.601856076596732,43.85476493435431],[17.61399050665659,43.851405420623735],[17.638259364078465,43.84968652571263],[17.650285450113472,43.844451405707844],[17.662297994157143,43.83400909414445],[17.68075018047648,43.824117006694564],[17.68972234511017,43.824239141823],[17.69683236182408,43.83046767184561],[17.729843155637184,43.838160840450485],[17.739492463906117,43.84682973030789],[17.76217680401635,43.85745045657336],[17.77466334743559,43.86085845455409],[17.781272278093184,43.85843674575926],[17.78675043803853,43.85812606654426],[17.790914815366477,43.8578898950027],[17.797523745124806,43.85999914964111],[17.810524919289662,43.860545981511905],[17.81323349742803,43.862264562559574],[17.81225840929818,43.8684354244553],[17.81410024243229,43.87382464149408],[17.81930071155864,43.877026699222824],[17.82493455408644,43.877963853948756],[17.83147193198414,43.878057165805615],[17.832743265789134,43.87972633720074],[17.84311674594113,43.88887416820836],[17.84641185022673,43.89256808674787],[17.847754301519842,43.89881204643882],[17.844291390035664,43.902785634349584],[17.833231430386263,43.90786902163808],[17.817785624606927,43.90896807591605],[17.811111510188084,43.91308934599658],[17.808632554149085,43.92215513724983],[17.80500946441532,43.923253926227744],[17.759625491223517,43.92394066023331],[17.75257000040523,43.92517676039921],[17.717292542716734,43.94975608177782],[17.71347876433356,43.95428635543101],[17.714408371948878,43.95807847903865],[17.71524809592296,43.961100763189734],[17.702525589284562,43.97518154918919],[17.697643953205898,43.97746497103162],[17.68812476064926,43.97764061582183],[17.67579862570608,43.97570850064682],[17.67128311082695,43.97755279252743],[17.66920841533613,43.97948484834711],[17.66942961438525,43.98242123195433],[17.676103727904774,43.99079050008157],[17.67381546051513,43.99545482577963],[17.664662390057288,44.003822255692626],[17.63777524643052,44.021376307970286],[17.637012490933785,44.02535267478618],[17.64063558156687,44.03056268392078],[17.63777524643052,44.03234495045916],[17.620803929657654,44.03494970456529],[17.620702052657634,44.035143780960766],[17.592200586388003,44.024606784275704],[17.586830784812946,44.020306755952106],[17.58109486113898,44.01100358864477],[17.57535893746507,44.008194798151465],[17.558029124844268,44.00477140467666],[17.544604621805888,44.000030996333464],[17.523552561101837,43.98708621505682],[17.50810675442324,43.97363909137101],[17.50314884234524,43.97130611688385],[17.497428173871185,43.96911029260599],[17.48560545782567,43.97240399934515],[17.48350787908538,43.97144335342807],[17.480838234397027,43.96238507601049],[17.480838234397027,43.9238033139718],[17.47797790016,43.920232205951606],[17.456620736357934,43.90828116924064],[17.44129093862597,43.90173660665914]]]}},{"type":"Feature","properties":{"shapeName":"Ilijaš","shapeISO":"","shapeID":"43093233B29241521930866","shapeGroup":"BIH","shapeType":"ADM3"},"geometry":{"type":"Polygon","coordinates":[[[18.494386594565754,44.1031938775954],[18.491786435995266,44.10362176423308],[18.482793957475224,44.102065759027596],[18.470702695772843,44.09261882969531],[18.465941523882293,44.09128898959523],[18.451658007311266,44.09356869633831],[18.446367816421628,44.09223887782201],[18.433671357747016,44.08292931183831],[18.432613319748953,44.08045918084656],[18.444516249025696,44.07133780339694],[18.446632325921144,44.067156702320005],[18.442400173029625,44.05613238460194],[18.42732312796005,44.0449158853599],[18.42335548546731,44.04472575698816],[18.42335548546731,44.056512567600976],[18.42071038957289,44.063545514214184],[18.4148911787849,44.067916924426584],[18.39954962421581,44.06772686979923],[18.385001599044585,44.06126464914428],[18.37733082086072,44.05518191541313],[18.37432183364752,44.05052407840232],[18.37389219646775,44.04985901078476],[18.377193275849038,44.042216004565034],[18.37634684563045,44.0237166065362],[18.380917570789336,44.012151550753515],[18.381086856473303,44.004846143734596],[18.370252545718472,43.99851406127499],[18.364158244907117,43.99851406127499],[18.355693938224704,44.00618553553409],[18.34722963244161,44.009107740429954],[18.339781043460448,44.00752489675665],[18.336226035103493,44.003019650336626],[18.333686742649093,43.991937722947625],[18.333348170381782,43.97914831304428],[18.329793162924204,43.97330080778613],[18.32556101003263,43.970620507930164],[18.309986686636307,43.96720904396227],[18.299998805200744,43.96720904396227],[18.286455916307546,43.96830560711811],[18.27629874918796,43.97183884108972],[18.235162221859127,43.97390994918487],[18.231826319828826,43.97415086227255],[18.230081654844525,43.974276859089855],[18.22429550763161,43.97189737706236],[18.222229026548405,43.9668406627664],[18.236281097194933,43.94363374370238],[18.247853390721446,43.91773841109887],[18.248266686758257,43.90046859315112],[18.247529252572974,43.90039268497446],[18.249505427333645,43.89866365020737],[18.26094676428181,43.891930462021264],[18.26437916626554,43.88849486924289],[18.264409912287647,43.88841831984962],[18.283066683580614,43.8964651423525],[18.29336388773328,43.90869331414518],[18.296605599269014,43.90965497359821],[18.298122066680094,43.90930996668169],[18.30494824206778,43.928043726237036],[18.306735950403834,43.92890207337206],[18.31716425412708,43.92718536831018],[18.326102797606097,43.92310799413866],[18.33235977948027,43.92546861288622],[18.334743392093912,43.92868748793728],[18.330870022833324,43.94091762115136],[18.333849537925857,43.9454228262025],[18.357983608556765,43.959794291973026],[18.361856977817297,43.96794372802066],[18.365730347077886,43.971589166806666],[18.370795523094955,43.973304589435315],[18.376456601590917,43.972018027410115],[18.376456601590917,43.96751483863892],[18.37168937726301,43.96193898889328],[18.37377503818749,43.9574350365977],[18.39075827367543,43.94735352404592],[18.406847654095998,43.944993774043496],[18.43904262431772,43.95269393487723],[18.449172022171126,43.950673146548525],[18.453383270321694,43.94287169147543],[18.45422194208902,43.94284846558429],[18.459459161111454,43.94058582347702],[18.46479326139996,43.94179294478863],[18.49377798376696,43.9428913722391],[18.500642785935895,43.94440167659616],[18.511702744685977,43.95030522400691],[18.515642102492194,43.95111553113453],[18.51589790306582,43.95332541723428],[18.517935086934756,43.95772497442806],[18.517572097174593,43.957880124568135],[18.520063989961216,43.96170155168534],[18.52905646758194,43.96700434927135],[18.53729054512263,43.97862206125916],[18.543466102378773,43.982753987406625],[18.554842129660585,43.98470291001132],[18.562534491573558,43.987899003436326],[18.56838501945316,44.01026684154158],[18.58387808550532,44.02070747407072],[18.59287056312604,44.02374582101288],[18.608580315429265,44.05108392967969],[18.61044149350956,44.05416927180166],[18.59895809204238,44.060587976753766],[18.58524591656584,44.07190032843744],[18.580844477990297,44.07165707621317],[18.577289468734023,44.06946774773843],[18.572210885623917,44.0607096262483],[18.56527015549335,44.05839823908752],[18.555959417693032,44.05851989307865],[18.548002970760535,44.0618044618065],[18.5396740938844,44.078020261725726],[18.535448711988522,44.08245657421156],[18.518005470576043,44.09506322568734],[18.496986905121616,44.10276596667609],[18.494386594565754,44.1031938775954]]]}},{"type":"Feature","properties":{"shapeName":"Orašje","shapeISO":"","shapeID":"43093233B30937968623537","shapeGroup":"BIH","shapeType":"ADM3"},"geometry":{"type":"Polygon","coordinates":[[[18.78548503150904,44.96656163980788],[18.79623059356709,44.98150325956783],[18.79254692729893,44.987786975588506],[18.787563144423643,44.99177141381972],[18.758527188578967,45.00058216903193],[18.751484886318508,45.000352340987774],[18.73924211403238,44.99452970917878],[18.731116380516596,44.994836178346986],[18.72472413611007,44.99736448558258],[18.727615543722436,45.01370002213838],[18.727276971455126,45.01968344643399],[18.724229821049448,45.02339285579569],[18.71491908414845,45.03176805675048],[18.70696263721601,45.0359551976743],[18.68151681724737,45.042713792607515],[18.675697606459437,45.04682537968756],[18.670407415569798,45.053179068359384],[18.669084867172955,45.05897152251782],[18.679929759350955,45.069060203565584],[18.681781326746886,45.076158577656315],[18.67966524985144,45.08269577389092],[18.674639568461373,45.0882984899834],[18.6635301667838,45.09165985631739],[18.654272332502217,45.089979197881746],[18.649246650212774,45.085123685309895],[18.655859389499255,45.07298309849125],[18.65612389899877,45.065510685569734],[18.6526852746058,45.058784678470204],[18.641046853929197,45.062147781395026],[18.61728165192676,45.06513309711477],[18.61686631982485,45.04560127377982],[18.56530317230363,45.013256063716426],[18.568710048829757,45.01199582934413],[18.577810870475332,45.0020377289581],[18.594495710009085,45.00165469061153],[18.61204729544636,44.996368499007076],[18.62669528475965,44.98837852894599],[18.630924999589126,44.98357236397345],[18.63459350238827,44.981764725761536],[18.63709622391167,44.980531521412615],[18.64507027777114,44.978716747979604],[18.66725894754245,44.96684573204493],[18.678630640991344,44.96267557751594],[18.706522492818863,44.955441479540696],[18.731549753018726,44.95383139360399],[18.73924211403238,44.95191456420582],[18.745016706585393,44.94924241408508],[18.74691416026036,44.95155515194875],[18.765027775211706,44.96305523441157],[18.774677085279336,44.966768311208625],[18.78548503150904,44.96656163980788]]]}},{"type":"Feature","properties":{"shapeName":"Domaljevac-Šamac","shapeISO":"","shapeID":"43093233B96578157817645","shapeGroup":"BIH","shapeType":"ADM3"},"geometry":{"type":"Polygon","coordinates":[[[18.61728165192676,45.06513309711477],[18.61935706957314,45.06962063318571],[18.626498827858654,45.07373028582407],[18.629143923753134,45.078213205674956],[18.62940843325265,45.085123685309895],[18.624118242363068,45.08736474278868],[18.614860407182107,45.0869912390545],[18.60798315839611,45.08064130775023],[18.60269296750647,45.07952065805199],[18.59052552783089,45.09016594030595],[18.572274367867806,45.09744841101542],[18.56724868647774,45.09614136962858],[18.564074571584285,45.092780267695275],[18.56592613808084,45.08624422439152],[18.57782906915628,45.07429066957877],[18.575448482761317,45.07111508699171],[18.566984176978224,45.072422701246694],[18.54846850751568,45.09053942245646],[18.540797730231134,45.09408738642378],[18.53444950044417,45.09390065659011],[18.528894800055014,45.090352681830836],[18.536301067840043,45.07391708130831],[18.53656557733956,45.06625797092869],[18.53233342444804,45.060279415562604],[18.518049907877014,45.05953205196266],[18.513553245485923,45.06177411308488],[18.494508557024346,45.060653092866005],[18.489928401574502,45.062185525042025],[18.48981892530321,45.05777773005826],[18.493147225364226,45.05219362093891],[18.520497362463345,45.030145756221714],[18.55939254093306,45.01544246040129],[18.56530317230363,45.013256063716426],[18.61686631982485,45.04560127377982],[18.61728165192676,45.06513309711477]]]}},{"type":"Feature","properties":{"shapeName":"Odžak","shapeISO":"","shapeID":"43093233B26946767069658","shapeGroup":"BIH","shapeType":"ADM3"},"geometry":{"type":"Polygon","coordinates":[[[18.45898068221277,45.073074025346045],[18.442929192028657,45.08120162405578],[18.430497242853505,45.104729953624485],[18.410394516393865,45.11107720764704],[18.385001598145266,45.112197237712394],[18.378378279234255,45.10744815810608],[18.342658907282782,45.10661180119371],[18.336903179638057,45.10458059781638],[18.32369886211285,45.10553646743409],[18.314218839527882,45.10852345589285],[18.300675949735364,45.117125109736094],[18.29644379684379,45.11748348417552],[18.29221164395227,45.115452667506645],[18.285778771772925,45.11831968190785],[18.28290090705127,45.122261590300184],[18.280192329812223,45.13301086745764],[18.275283032386085,45.13838474565955],[18.265464437533808,45.1394594606856],[18.22754434629462,45.13516047917284],[18.204690720500423,45.127875354564026],[18.20079713987616,45.12536714537754],[18.197919275154447,45.11939477464921],[18.214509315352643,45.11186869738253],[18.216879321223757,45.109718207929006],[18.217048606907724,45.10326625123656],[18.21230859516561,45.09442349724668],[18.191994260926435,45.08151539841697],[18.189276715647964,45.08123730016132],[18.210527705489255,45.06474485798884],[18.22255379152432,45.059694081017085],[18.23479656381045,45.056785856082456],[18.24661906459141,45.0530738978329],[18.253323236478252,45.050968961948115],[18.274233457907826,45.04438597313418],[18.29449362058415,45.03527570590916],[18.30034414936307,45.02983947591116],[18.30164426597014,45.01628493809949],[18.30446118813336,45.00893198302464],[18.308903255380983,45.00632758415077],[18.316920645771233,45.00686379322951],[18.328946731806298,45.014599969213236],[18.33371382932978,45.02570453343753],[18.34400642535627,45.03397411980984],[18.347581748498953,45.034280377637344],[18.36798925699867,45.026029214776486],[18.371733595129342,45.02759745525839],[18.37190670742865,45.028111915132854],[18.37443783943479,45.035634019194674],[18.37832085662228,45.041317735425196],[18.38842710322831,45.046912093218566],[18.393735915480192,45.046070066080745],[18.401536620518698,45.040405194244386],[18.407387148398243,45.04155352417587],[18.405978687766265,45.04821338434027],[18.407603834649308,45.05272940014174],[18.414971166286364,45.057933856862064],[18.42688890919584,45.062831737394845],[18.45337202969546,45.067887019070724],[18.45898068221277,45.073074025346045]]]}},{"type":"Feature","properties":{"shapeName":"Pelagićevo","shapeISO":"","shapeID":"43093233B99179574711878","shapeGroup":"BIH","shapeType":"ADM3"},"geometry":{"type":"Polygon","coordinates":[[[18.651744161064244,44.90842491667661],[18.627545283488075,44.92056853331121],[18.623707924880875,44.92600263821123],[18.624755625171986,44.93780753239179],[18.621599903212996,44.943615257038516],[18.614383909489902,44.94399358833351],[18.61307945365394,44.944061980875745],[18.601403282135834,44.93244603425711],[18.592251689264117,44.9282011595559],[18.583731239705003,44.926190320427],[18.55911660734563,44.9282011595559],[18.55185844710968,44.93289284532858],[18.547756007933458,44.94919905409313],[18.542706853338643,44.95299572557235],[18.5177766497726,44.96170478724616],[18.510834060743377,44.95143241967048],[18.516463868912467,44.94144412994268],[18.51585797046903,44.93644039830576],[18.513030443500213,44.93429580750558],[18.486168937746356,44.9351536537182],[18.48172568069566,44.92442966100009],[18.47687849224866,44.921569591163745],[18.471754397147777,44.92105126870115],[18.472025244169743,44.920539865622345],[18.4696446586741,44.91192361758095],[18.47361230116684,44.906865652328065],[18.48075405945235,44.889440364980885],[18.49239248102822,44.88625452652525],[18.524133627265144,44.85701153505437],[18.526778723159623,44.85082361391869],[18.52277933909528,44.84338972885297],[18.52311791136259,44.83954863715991],[18.52616506176821,44.83678769509612],[18.535306512085924,44.832465953540975],[18.548849400979122,44.830905244881194],[18.55832942356409,44.83114535667295],[18.572549457891228,44.832225847145196],[18.57529294487966,44.83252063410566],[18.57661232509878,44.834266719133836],[18.59794237613977,44.83846828428392],[18.605898823971586,44.845430204240586],[18.61436312975468,44.85983150681864],[18.62739815979728,44.87470906966786],[18.631799599272142,44.888983113679785],[18.639417474836648,44.90001608287599],[18.65092893102542,44.90804963048612],[18.651744161064244,44.90842491667661]]]}},{"type":"Feature","properties":{"shapeName":"Donji Žabar","shapeISO":"","shapeID":"43093233B22511030794636","shapeGroup":"BIH","shapeType":"ADM3"},"geometry":{"type":"Polygon","coordinates":[[[18.745016706585393,44.94924241408508],[18.73924211403238,44.95191456420582],[18.731549753018726,44.95383139360399],[18.706522492818863,44.955441479540696],[18.678630640991344,44.96267557751594],[18.66725894754245,44.96684573204493],[18.64507027777114,44.978716747979604],[18.63709622391167,44.980531521412615],[18.63459350238827,44.981764725761536],[18.630751496984033,44.96706355324045],[18.624124480960063,44.96282123800978],[18.61907532546593,44.954112345408475],[18.61686631982485,44.947858991399414],[18.614383909489902,44.94399358833351],[18.621599903212996,44.943615257038516],[18.624755625171986,44.93780753239179],[18.623707924880875,44.92600263821123],[18.627545283488075,44.92056853331121],[18.651744161064244,44.90842491667661],[18.657700375472018,44.911166823689996],[18.66362539059935,44.917160951716596],[18.686140444126238,44.92734953485319],[18.698159758266286,44.93681730237665],[18.704761917028918,44.939573449255306],[18.737434138574713,44.942089813494135],[18.743867010754002,44.947841091293355],[18.745016706585393,44.94924241408508]]]}},{"type":"Feature","properties":{"shapeName":"Šamac","shapeISO":"","shapeID":"43093233B66905949038138","shapeGroup":"BIH","shapeType":"ADM3"},"geometry":{"type":"Polygon","coordinates":[[[18.56530317230363,45.013256063716426],[18.55939254093306,45.01544246040129],[18.520497362463345,45.030145756221714],[18.493147225364226,45.05219362093891],[18.48981892530321,45.05777773005826],[18.489928401574502,45.062185525042025],[18.45898068221277,45.073074025346045],[18.45337202969546,45.067887019070724],[18.42688890919584,45.062831737394845],[18.414971166286364,45.057933856862064],[18.407603834649308,45.05272940014174],[18.405978687766265,45.04821338434027],[18.407387148398243,45.04155352417587],[18.401536620518698,45.040405194244386],[18.393735915480192,45.046070066080745],[18.38842710322831,45.046912093218566],[18.37832085662228,45.041317735425196],[18.37443783943479,45.035634019194674],[18.37190670742865,45.028111915132854],[18.38902319186684,45.02441562328244],[18.397859214431264,45.01727763765291],[18.40152401292289,45.01482327717258],[18.40385508624331,45.013262129643635],[18.41016652926197,45.00679210916854],[18.417740262503173,44.98916317034411],[18.424998422739066,44.98581529114284],[18.439918676405853,44.98460107867692],[18.445573730343426,44.98088685704289],[18.446987494277494,44.974743578253594],[18.444967831899987,44.97074294862824],[18.435475420254477,44.965313077736425],[18.416894529259196,44.95759606090951],[18.41406700229038,44.95345130863103],[18.41628862991638,44.94701920357346],[18.42477121082277,44.941015255849436],[18.453450412806376,44.9351536537182],[18.458701534448323,44.932437097693935],[18.461932993712765,44.9290054754224],[18.462243424326257,44.926661064772595],[18.4696446586741,44.92503478692595],[18.471754397147777,44.92105126870115],[18.47687849224866,44.921569591163745],[18.48172568069566,44.92442966100009],[18.486168937746356,44.9351536537182],[18.513030443500213,44.93429580750558],[18.51585797046903,44.93644039830576],[18.516463868912467,44.94144412994268],[18.510834060743377,44.95143241967048],[18.5177766497726,44.96170478724616],[18.542706853338643,44.95299572557235],[18.547756007933458,44.94919905409313],[18.55185844710968,44.93289284532858],[18.55911660734563,44.9282011595559],[18.583731239705003,44.926190320427],[18.592251689264117,44.9282011595559],[18.601403282135834,44.93244603425711],[18.61307945365394,44.944061980875745],[18.614383909489902,44.94399358833351],[18.61686631982485,44.947858991399414],[18.61907532546593,44.954112345408475],[18.624124480960063,44.96282123800978],[18.630751496984033,44.96706355324045],[18.63459350238827,44.981764725761536],[18.630924999589126,44.98357236397345],[18.62669528475965,44.98837852894599],[18.61204729544636,44.996368499007076],[18.594495710009085,45.00165469061153],[18.577810870475332,45.0020377289581],[18.568710048829757,45.01199582934413],[18.56530317230363,45.013256063716426]]]}},{"type":"Feature","properties":{"shapeName":"Vukosavlje","shapeISO":"","shapeID":"43093233B60247240608533","shapeGroup":"BIH","shapeType":"ADM3"},"geometry":{"type":"Polygon","coordinates":[[[18.24661906459141,45.0530738978329],[18.239126397465327,45.04827679823569],[18.21577405532844,45.04181073387832],[18.207569176975994,45.03801994216667],[18.197155294781055,45.02619998074459],[18.18958156243923,45.009469447557024],[18.181061112880116,45.00523027006096],[18.176396416661362,45.00149225776153],[18.176327529491914,45.00143705557571],[18.202474277465967,44.99956501061678],[18.209175030703136,45.000851910787105],[18.22150110988838,44.9931300780907],[18.233579012161726,44.99734211584604],[18.237467104223526,45.004361490790245],[18.242016998385793,45.006584113965744],[18.24689779539699,45.00471243682955],[18.2501189133572,44.99419408488916],[18.25451369784895,44.992274469391305],[18.26524214311047,44.9955652002738],[18.27519503732117,44.99547379318108],[18.28010685554699,44.99382844932353],[18.290189009315384,44.99903854299441],[18.30143448741171,44.99967834677835],[18.312033674014913,44.99794172083381],[18.332456497069757,44.99775891474218],[18.344994559051713,44.99410267689706],[18.361281114032238,44.99419408488916],[18.36903661644675,44.99602223124106],[18.40152401292289,45.01482327717258],[18.397859214431264,45.01727763765291],[18.38902319186684,45.02441562328244],[18.37190670742865,45.028111915132854],[18.371733595129342,45.02759745525839],[18.36798925699867,45.026029214776486],[18.347581748498953,45.034280377637344],[18.34400642535627,45.03397411980984],[18.33371382932978,45.02570453343753],[18.328946731806298,45.014599969213236],[18.316920645771233,45.00686379322951],[18.308903255380983,45.00632758415077],[18.30446118813336,45.00893198302464],[18.30164426597014,45.01628493809949],[18.30034414936307,45.02983947591116],[18.29449362058415,45.03527570590916],[18.274233457907826,45.04438597313418],[18.253323236478252,45.050968961948115],[18.24661906459141,45.0530738978329]]]}},{"type":"Feature","properties":{"shapeName":"Brod","shapeISO":"","shapeID":"43093233B98794056378335","shapeGroup":"BIH","shapeType":"ADM3"},"geometry":{"type":"Polygon","coordinates":[[[18.189276715647964,45.08123730016132],[18.180313519053698,45.080320056425535],[18.167617060379087,45.08247165384381],[18.152381309250075,45.09000160718847],[18.12123266335675,45.09000160718847],[18.10650477107839,45.086894127562005],[18.100749042534346,45.08832836995833],[18.093977598087747,45.092630880410866],[18.088221869543702,45.10039848140485],[18.08161971168039,45.105058534423904],[18.071970402512136,45.10876240845846],[18.07450969406716,45.11342177889202],[18.085851864571964,45.11855859310464],[18.086529009106528,45.122739379418874],[18.077556844472838,45.13635467362934],[18.072816832730723,45.139340048704355],[18.06181323539255,45.14280288914205],[18.051148209422365,45.14375811844246],[18.040991042302835,45.14387752053119],[18.033542453321616,45.14125060712985],[18.02626315002442,45.14089238287721],[18.0132281190825,45.149727937794125],[17.997315223418866,45.149727937794125],[17.990882351239577,45.147817663554406],[17.984110906792978,45.14125060712985],[17.96802872544538,45.12094765111328],[17.932309353493906,45.10828450242792],[17.929431489671572,45.10398317188594],[17.934848645948307,45.088925960464735],[17.931293637591352,45.08127633253679],[17.9064069306354,45.0684485071929],[17.908747551158626,45.058692314498785],[17.90672788878112,45.05398416573672],[17.912382942718693,45.04585099482762],[17.908747551158626,45.03400588926041],[17.911575078127385,45.03100854600763],[17.92147142206852,45.028296528861745],[17.936820853799418,45.02786830407905],[17.95560371094257,45.033720434550446],[17.9782239257936,45.030009396516505],[17.986302575303682,45.03300679192995],[17.99862251301863,45.04156991432012],[18.008922790154713,45.04470940531485],[18.0170014378661,45.044424003664915],[18.026695815659423,45.042426156142255],[18.03517839656581,45.03657491599961],[18.023666322542795,45.0268690997292],[18.02346435639498,45.022301087824985],[18.029862646044307,45.01494011169683],[18.036971856066373,45.01018838088913],[18.04110812504001,45.00927454108728],[18.061272430778104,45.01567111213217],[18.076007885455624,45.01219877665227],[18.10470324375973,45.0110108243901],[18.117112047982687,45.005984598910175],[18.120214248588752,45.00278586237772],[18.121862980192418,45.00274268502693],[18.123704225169888,45.002694466976095],[18.136565432448776,45.00773811592137],[18.14464408105954,45.008166491790234],[18.176396416661362,45.00149225776153],[18.181061112880116,45.00523027006096],[18.18958156243923,45.009469447557024],[18.197155294781055,45.02619998074459],[18.207569176975994,45.03801994216667],[18.21577405532844,45.04181073387832],[18.239126397465327,45.04827679823569],[18.24661906459141,45.0530738978329],[18.23479656381045,45.056785856082456],[18.22255379152432,45.059694081017085],[18.210527705489255,45.06474485798884],[18.189276715647964,45.08123730016132]]]}},{"type":"Feature","properties":{"shapeName":"Modriča","shapeISO":"","shapeID":"43093233B78423126306328","shapeGroup":"BIH","shapeType":"ADM3"},"geometry":{"type":"Polygon","coordinates":[[[18.40152401292289,45.01482327717258],[18.36903661644675,44.99602223124106],[18.361281114032238,44.99419408488916],[18.344994559051713,44.99410267689706],[18.332456497069757,44.99775891474218],[18.312033674014913,44.99794172083381],[18.30143448741171,44.99967834677835],[18.290189009315384,44.99903854299441],[18.28010685554699,44.99382844932353],[18.27519503732117,44.99547379318108],[18.26524214311047,44.9955652002738],[18.25451369784895,44.992274469391305],[18.2501189133572,44.99419408488916],[18.24689779539699,45.00471243682955],[18.242016998385793,45.006584113965744],[18.237467104223526,45.004361490790245],[18.233579012161726,44.99734211584604],[18.22150110988838,44.9931300780907],[18.209175030703136,45.000851910787105],[18.202474277465967,44.99956501061678],[18.176327529491914,45.00143705557571],[18.176396416661362,45.00149225776153],[18.14464408105954,45.008166491790234],[18.136565432448776,45.00773811592137],[18.123704225169888,45.002694466976095],[18.121862980192418,45.00274268502693],[18.124712439827306,44.9958211374356],[18.12239613067692,44.9917259962578],[18.12242125938035,44.991692267128236],[18.126467123259204,44.9862616858282],[18.13939296031691,44.96717072365004],[18.14080672335166,44.95388009009412],[18.146461777289232,44.93615445706257],[18.145855878845794,44.93300901435458],[18.142018521137913,44.930292358505596],[18.128284817690258,44.927003601634965],[18.119826473513,44.92120349244726],[18.11956795709557,44.91836614488176],[18.124221258004695,44.91287410655485],[18.12525532547295,44.8995079524301],[18.127840492344887,44.89456351939094],[18.13598376983515,44.88714607303291],[18.189897134545163,44.8510686117271],[18.196524151468452,44.85352950668147],[18.198102011998287,44.85599029641509],[18.20914703840515,44.859569439877816],[18.21892977728743,44.85934574970662],[18.231237093017455,44.85442435190237],[18.252574822470137,44.83923014765327],[18.26692250207185,44.831988901866396],[18.27006509662698,44.81750941222964],[18.280163405816552,44.80776651421331],[18.28561649450569,44.80576041810889],[18.309246540095785,44.80346765320968],[18.31368979624716,44.80189132422527],[18.326666295346094,44.78801164861151],[18.32670330011723,44.788050591561614],[18.327253870469804,44.78862999867556],[18.346721774490334,44.80724933748701],[18.358063944995138,44.81433512016969],[18.35992609111628,44.81781764316975],[18.35654037024193,44.82430178120228],[18.355524652540737,44.83534715025081],[18.35874108863038,44.8485507923852],[18.398227075818966,44.89449986357789],[18.409071967996965,44.90386812921082],[18.41013000689435,44.90873902468627],[18.40272373910932,44.92072716112966],[18.409071967996965,44.92278737034093],[18.425736070962955,44.91791766646719],[18.44345821192701,44.91660652147385],[18.45350957470714,44.92128904315484],[18.456419180101136,44.925971185322],[18.461973880490234,44.92672029180807],[18.462243424326257,44.926661064772595],[18.461932993712765,44.9290054754224],[18.458701534448323,44.932437097693935],[18.453450412806376,44.9351536537182],[18.42477121082277,44.941015255849436],[18.41628862991638,44.94701920357346],[18.41406700229038,44.95345130863103],[18.416894529259196,44.95759606090951],[18.435475420254477,44.965313077736425],[18.444967831899987,44.97074294862824],[18.446987494277494,44.974743578253594],[18.445573730343426,44.98088685704289],[18.439918676405853,44.98460107867692],[18.424998422739066,44.98581529114284],[18.417740262503173,44.98916317034411],[18.41016652926197,45.00679210916854],[18.40385508624331,45.013262129643635],[18.40152401292289,45.01482327717258]]]}},{"type":"Feature","properties":{"shapeName":"Petrovo","shapeISO":"","shapeID":"43093233B90446643337162","shapeGroup":"BIH","shapeType":"ADM3"},"geometry":{"type":"Polygon","coordinates":[[[18.07706344492209,44.654863579390735],[18.077265672772626,44.65480284097839],[18.07856579027907,44.65372384607866],[18.079426011145255,44.65233890509188],[18.080624308764868,44.650409666273106],[18.090808561665824,44.63422141348752],[18.094107105732856,44.63070038955217],[18.094708914185105,44.63005799038399],[18.101256901384943,44.61765268722178],[18.10887477694945,44.609578659327724],[18.109721207168036,44.60536043783401],[18.102780477037413,44.59644090242574],[18.102611190454127,44.59053397086609],[18.106335484495048,44.58474700527012],[18.106843342446325,44.56991527906695],[18.110059779435346,44.570035877253986],[18.127496249852072,44.57811540090506],[18.153397026051948,44.58679662136706],[18.187423536666927,44.591016190944515],[18.222296476601173,44.59752578428754],[18.230422210116956,44.59511490872609],[18.242102952889013,44.58679662136706],[18.262925145978727,44.58402359511285],[18.277653038257142,44.57871830460613],[18.293058074170858,44.57727132421229],[18.29992871024183,44.57797766163981],[18.30947882778571,44.57895946500736],[18.331824595628632,44.58149158446912],[18.360941808817472,44.580285827429066],[18.404617626802064,44.58522927481124],[18.413759077119778,44.58969007403772],[18.427471253495582,44.601262442208],[18.430687689585284,44.60765036717078],[18.429841259366697,44.61403758976303],[18.427185318547686,44.61514969770042],[18.42120766700026,44.61765268722178],[18.406479774721902,44.618255181731286],[18.401909049563017,44.621147067783],[18.39090545132558,44.6362066453205],[18.370252545718472,44.63439970138518],[18.352308216451092,44.642831620782715],[18.34570605768846,44.66137752994911],[18.330470307458768,44.677750803856554],[18.3221752873597,44.678473047593116],[18.314895984062446,44.67570439744003],[18.285778771772925,44.690268421550456],[18.262925145978727,44.69484149214122],[18.253952981345037,44.69869221827133],[18.24633510578053,44.706272587609874],[18.242491361087502,44.70769787635595],[18.242441525156323,44.70771635562534],[18.229921124060695,44.70210471106361],[18.222182000931234,44.70344462353867],[18.213514557251074,44.69933754029529],[18.207657538065007,44.69359489059178],[18.194731700107923,44.69043619097749],[18.189278613217482,44.6874209071492],[18.180392100015467,44.673778378769214],[18.166254465171505,44.6650167454265],[18.154338459752182,44.66279883649713],[18.151236258246797,44.66096009163499],[18.131330468926024,44.66555684497246],[18.0968184826869,44.65755825940619],[18.08402190428751,44.65737437053082],[18.07706344492209,44.654863579390735]]]}},{"type":"Feature","properties":{"shapeName":"Doboj","shapeISO":"","shapeID":"43093233B88979236759582","shapeGroup":"BIH","shapeType":"ADM3"},"geometry":{"type":"Polygon","coordinates":[[[18.12242125938035,44.991692267128236],[18.11827537320994,44.99017195966826],[18.11336355498412,44.985418174808956],[18.10283707587041,44.97074294862824],[18.09798988742341,44.96931408507703],[18.074359840933937,44.968885419626474],[18.068300855600057,44.96517017906058],[18.06910872019131,44.96159760694405],[18.07920702938094,44.95345130863103],[18.078803097984633,44.94444616046201],[18.07314804404706,44.93644039830576],[18.070320517078244,44.92800454797157],[18.060222206089975,44.924715660699235],[18.0535573223126,44.91642110824762],[18.040227552059946,44.9092696705589],[18.03936919593167,44.906525070075986],[18.044733922632474,44.900713594356944],[18.044733922632474,44.89646637512317],[18.04410277842055,44.89199527955856],[18.038106906608505,44.88707667324991],[18.030848746372612,44.881934044020966],[18.025799590878478,44.88036880367741],[18.007811975442337,44.88953602946424],[17.998344809565367,44.88953602946424],[17.993926798283155,44.88841815327521],[17.984144061199515,44.88126323161288],[17.981619483452448,44.87813267358405],[17.98256619977036,44.87209468921861],[17.9958202318183,44.85845098092807],[17.993926798283155,44.85397693109053],[17.981390757077804,44.83941345826452],[17.973247479587542,44.83565546932448],[17.95476353101219,44.832355569853746],[17.94287176052336,44.815669849883705],[17.94255120077736,44.81318674886944],[17.9476801729017,44.80901988675839],[17.945198411877243,44.79255857281993],[17.942096211271178,44.78934794095477],[17.93964030125892,44.7882471114151],[17.93666735931123,44.789990081177336],[17.928901516491862,44.79904166943754],[17.92774336146698,44.81465388127168],[17.92981149550417,44.820580720224086],[17.927164283504908,44.82257575646605],[17.925344326379616,44.82310384286808],[17.89504616305004,44.81108501526131],[17.880827742106646,44.80714176597979],[17.871650398047507,44.808609053065425],[17.864113019000683,44.811635214193814],[17.827153203157877,44.813354553370004],[17.82170011536806,44.815360385073745],[17.816650959873925,44.81951509914256],[17.812813602166045,44.82911277553421],[17.80857231216254,44.83570129967529],[17.805744785193724,44.836990270984245],[17.801503495190218,44.83730139696752],[17.799887765108338,44.83741992119246],[17.796656305843896,44.83570129967529],[17.7925917353204,44.827572957226266],[17.786280292301683,44.8239918253625],[17.774288547778326,44.82309650799749],[17.74841162789437,44.81056060169044],[17.747149339470468,44.80518723520282],[17.755354216024273,44.798693751415556],[17.746202622253236,44.78928809826715],[17.744309188718148,44.78324079782459],[17.74525590593538,44.781672875702725],[17.756300932342185,44.77965691313608],[17.758825510089252,44.77652083147126],[17.757247649559417,44.7706962283483],[17.74841162789437,44.76352667921293],[17.74494033382939,44.75837301710112],[17.745887050147303,44.74515064838374],[17.746694685411455,44.744904808809906],[17.750305060530195,44.743805831873715],[17.765452527012542,44.741788548202976],[17.770817253713346,44.733718707552384],[17.7723951151425,44.722284504925994],[17.821296183072434,44.7217284316219],[17.827153203157877,44.717710191472236],[17.829172864636064,44.71412224094871],[17.8287689332397,44.709242272213146],[17.822104047663743,44.70292640722795],[17.822104047663743,44.68900036127769],[17.84734982423504,44.6711931165691],[17.85219701268204,44.670618598169824],[17.8576501004718,44.68009742285784],[17.870172005233883,44.695317745217835],[17.87461526228458,44.696322719617854],[17.884511606225715,44.69302059432505],[17.888348963933595,44.694456324200075],[17.892186321641475,44.69402560919457],[17.89885120631817,44.69172840704039],[17.905718058041998,44.69000544539506],[17.913239820215193,44.68864013516072],[17.913645559395093,44.68914014200402],[17.921580846179154,44.69327706118747],[17.939080798839825,44.712408350764804],[17.94517509875186,44.714573758172435],[17.95194654409778,44.707355417218764],[17.960410849880873,44.70651321831042],[17.98597305381344,44.71168653060897],[17.996638079783622,44.712167744346004],[18.034727455807513,44.705911640210104],[18.038252998776898,44.70419893533267],[18.041295757793023,44.702720766450284],[18.04290285977919,44.702592259625135],[18.049963206936525,44.70202770301614],[18.06513124271271,44.69810018557513],[18.077807388400288,44.68985923451612],[18.08019093626274,44.68516059698402],[18.075640525889582,44.67630147353424],[18.078024074651353,44.67137059237899],[18.07607389839177,44.66643929213967],[18.0680565071022,44.663279956704685],[18.068923252106458,44.65796263776559],[18.072390232123553,44.6562671585026],[18.07706344492209,44.654863579390735],[18.08402190428751,44.65737437053082],[18.0968184826869,44.65755825940619],[18.131330468926024,44.66555684497246],[18.151236258246797,44.66096009163499],[18.154338459752182,44.66279883649713],[18.166254465171505,44.6650167454265],[18.180392100015467,44.673778378769214],[18.189278613217482,44.6874209071492],[18.194731700107923,44.69043619097749],[18.207657538065007,44.69359489059178],[18.213514557251074,44.69933754029529],[18.222182000931234,44.70344462353867],[18.22147036026894,44.70356783338883],[18.206085637342312,44.70718697869614],[18.189624255954698,44.716498497108034],[18.178789944300547,44.7204680695458],[18.165585626775282,44.72323458021174],[18.156782748724936,44.729488811959186],[18.163384906588192,44.74055233472251],[18.15813703779412,44.751012630928244],[18.158814181429364,44.75774469496173],[18.171679926687318,44.7643557794957],[18.17602522058752,44.7659935276792],[18.18539210216386,44.76952391889381],[18.19622641471733,44.77769584698581],[18.23143792691883,44.78574646732568],[18.23888651590005,44.784785258432976],[18.250905830939416,44.779738647120894],[18.26529515095052,44.77925799456085],[18.313710981576605,44.77937815837538],[18.322344573043665,44.783463569787955],[18.326666295346094,44.78801164861151],[18.31368979624716,44.80189132422527],[18.309246540095785,44.80346765320968],[18.28561649450569,44.80576041810889],[18.280163405816552,44.80776651421331],[18.27006509662698,44.81750941222964],[18.26692250207185,44.831988901866396],[18.252574822470137,44.83923014765327],[18.231237093017455,44.85442435190237],[18.21892977728743,44.85934574970662],[18.20914703840515,44.859569439877816],[18.198102011998287,44.85599029641509],[18.196524151468452,44.85352950668147],[18.189897134545163,44.8510686117271],[18.13598376983515,44.88714607303291],[18.127840492344887,44.89456351939094],[18.12525532547295,44.8995079524301],[18.124221258004695,44.91287410655485],[18.11956795709557,44.91836614488176],[18.119826473513,44.92120349244726],[18.128284817690258,44.927003601634965],[18.142018521137913,44.930292358505596],[18.145855878845794,44.93300901435458],[18.146461777289232,44.93615445706257],[18.14080672335166,44.95388009009412],[18.13939296031691,44.96717072365004],[18.126467123259204,44.9862616858282],[18.12242125938035,44.991692267128236]]]}},{"type":"Feature","properties":{"shapeName":"Derventa","shapeISO":"","shapeID":"43093233B95245630393454","shapeGroup":"BIH","shapeType":"ADM3"},"geometry":{"type":"Polygon","coordinates":[[[17.9064069306354,45.0684485071929],[17.869165631488727,45.05174394372807],[17.860254410312848,45.04982082087423],[17.829051592856786,45.05196399883954],[17.804024332656866,45.06397961676595],[17.80126149302356,45.06795104000855],[17.763129915413288,45.04770603090867],[17.75484930065477,45.04071365990751],[17.75386262026376,45.024118018731656],[17.753839469915647,45.0237286302721],[17.760100422296716,45.02344312520012],[17.764543678448035,45.02672635483748],[17.775247887879743,45.028153787567305],[17.781508840260813,45.0275828187921],[17.785750130264375,45.02558438311286],[17.787163893299066,45.020873509404964],[17.78675996190276,45.01344952677431],[17.782518670999934,45.00645297032838],[17.77483587607486,45.00059233946496],[17.773931068164302,44.99757610865055],[17.778713627731804,44.988252209272105],[17.796656305843896,44.97260041827474],[17.798070068878644,44.96959986084494],[17.78918355657595,44.96359827474066],[17.788779623380947,44.9611688830376],[17.795040576661336,44.953022524469986],[17.794030745022894,44.950449749356494],[17.78070097477024,44.94716214721535],[17.777873448700745,44.91198732195738],[17.788173724937508,44.89897003733739],[17.78675996190276,44.8892409124382],[17.80231135978147,44.88036880367741],[17.80473495445466,44.86448145145789],[17.793424846579455,44.85632137643046],[17.792818947236697,44.85388744674833],[17.801503495190218,44.841573045259906],[17.801503495190218,44.83730139696752],[17.805744785193724,44.836990270984245],[17.80857231216254,44.83570129967529],[17.812813602166045,44.82911277553421],[17.816650959873925,44.81951509914256],[17.82170011536806,44.815360385073745],[17.827153203157877,44.813354553370004],[17.864113019000683,44.811635214193814],[17.871650398047507,44.808609053065425],[17.880827742106646,44.80714176597979],[17.89504616305004,44.81108501526131],[17.925344326379616,44.82310384286808],[17.927164283504908,44.82257575646605],[17.92981149550417,44.820580720224086],[17.92774336146698,44.81465388127168],[17.928901516491862,44.79904166943754],[17.93666735931123,44.789990081177336],[17.93964030125892,44.7882471114151],[17.942096211271178,44.78934794095477],[17.945198411877243,44.79255857281993],[17.9476801729017,44.80901988675839],[17.94255120077736,44.81318674886944],[17.94287176052336,44.815669849883705],[17.95476353101219,44.832355569853746],[17.973247479587542,44.83565546932448],[17.981390757077804,44.83941345826452],[17.993926798283155,44.85397693109053],[17.9958202318183,44.85845098092807],[17.98256619977036,44.87209468921861],[17.981619483452448,44.87813267358405],[17.984144061199515,44.88126323161288],[17.993926798283155,44.88841815327521],[17.998344809565367,44.88953602946424],[18.007811975442337,44.88953602946424],[18.025799590878478,44.88036880367741],[18.030848746372612,44.881934044020966],[18.038106906608505,44.88707667324991],[18.04410277842055,44.89199527955856],[18.044733922632474,44.89646637512317],[18.044733922632474,44.900713594356944],[18.03936919593167,44.906525070075986],[18.040227552059946,44.9092696705589],[18.0535573223126,44.91642110824762],[18.060222206089975,44.924715660699235],[18.070320517078244,44.92800454797157],[18.07314804404706,44.93644039830576],[18.078803097984633,44.94444616046201],[18.07920702938094,44.95345130863103],[18.06910872019131,44.96159760694405],[18.068300855600057,44.96517017906058],[18.074359840933937,44.968885419626474],[18.09798988742341,44.96931408507703],[18.10283707587041,44.97074294862824],[18.11336355498412,44.985418174808956],[18.11827537320994,44.99017195966826],[18.12242125938035,44.991692267128236],[18.12239613067692,44.9917259962578],[18.124712439827306,44.9958211374356],[18.121862980192418,45.00274268502693],[18.120214248588752,45.00278586237772],[18.117112047982687,45.005984598910175],[18.10470324375973,45.0110108243901],[18.076007885455624,45.01219877665227],[18.061272430778104,45.01567111213217],[18.04110812504001,45.00927454108728],[18.036971856066373,45.01018838088913],[18.029862646044307,45.01494011169683],[18.02346435639498,45.022301087824985],[18.023666322542795,45.0268690997292],[18.03517839656581,45.03657491599961],[18.026695815659423,45.042426156142255],[18.0170014378661,45.044424003664915],[18.008922790154713,45.04470940531485],[17.99862251301863,45.04156991432012],[17.986302575303682,45.03300679192995],[17.9782239257936,45.030009396516505],[17.95560371094257,45.033720434550446],[17.936820853799418,45.02786830407905],[17.92147142206852,45.028296528861745],[17.911575078127385,45.03100854600763],[17.908747551158626,45.03400588926041],[17.912382942718693,45.04585099482762],[17.90672788878112,45.05398416573672],[17.908747551158626,45.058692314498785],[17.9064069306354,45.0684485071929]]]}},{"type":"Feature","properties":{"shapeName":"Petrovac","shapeISO":"","shapeID":"43093233B23267747345323","shapeGroup":"BIH","shapeType":"ADM3"},"geometry":{"type":"Polygon","coordinates":[[[16.659404925696833,44.52671738599861],[16.65534597053535,44.52631172251185],[16.648612710408315,44.525638781404666],[16.613570482991463,44.52793185117406],[16.58845265476623,44.533980899898665],[16.55671150763004,44.5322839115733],[16.5421634815595,44.535866385225575],[16.529731532384346,44.5360549307905],[16.482384320280232,44.53416945175883],[16.462411521574495,44.528501484456],[16.45569424779137,44.5241759963252],[16.44670176927127,44.51506052382416],[16.442043015772583,44.50857067329798],[16.437512918386517,44.492681013418064],[16.44225293012869,44.48144938578059],[16.44402231892306,44.47908223976909],[16.44631579643692,44.47601395078328],[16.454441530852023,44.46840349192769],[16.475771581893014,44.45704635850268],[16.487621609449775,44.44882918282059],[16.535759810366983,44.412916231798704],[16.545402348539596,44.409433528934244],[16.545423993422617,44.409405176907455],[16.552077420736452,44.41451001302676],[16.55744214833652,44.4194688621983],[16.563753592254557,44.42713171195902],[16.576692052196506,44.438398781878334],[16.578901056938264,44.44245439515424],[16.57763876851442,44.45146586285932],[16.583003496114486,44.45844879277763],[16.59120837356761,44.45889927668031],[16.596888672374405,44.45597107420576],[16.603831261403627,44.456646826589804],[16.6180320106688,44.462728241015554],[16.62592131511667,44.46205255967794],[16.636650769417543,44.45844879277763],[16.648011368829657,44.457773061977264],[16.648237728188633,44.457849092461686],[16.6533760973291,44.45957499399083],[16.657794107711936,44.46317869164335],[16.65857672653476,44.4730787039191],[16.664837678915774,44.48950595513577],[16.66424793769221,44.510168901673524],[16.659586557273826,44.51817051255915],[16.659404925696833,44.52671738599861]]]}},{"type":"Feature","properties":{"shapeName":"Istočni Drvar","shapeISO":"","shapeID":"43093233B25456706530362","shapeGroup":"BIH","shapeType":"ADM3"},"geometry":{"type":"Polygon","coordinates":[[[16.545423993422617,44.409405176907455],[16.548864994723772,44.40489796456944],[16.55940461203329,44.39612924097173],[16.566854285596833,44.382958204657484],[16.572054754723183,44.378234739541654],[16.59697367089825,44.373123675617194],[16.611708335071683,44.36181579716134],[16.6218925888719,44.35600610659657],[16.639119144033316,44.3500408917738],[16.655478955089734,44.33586138629397],[16.664904806111963,44.330126623644844],[16.671622078995824,44.328111573890055],[16.67882316911255,44.32751364998712],[16.67820784221817,44.33125512982042],[16.673554540409782,44.338836360709536],[16.67368379816878,44.363422389231914],[16.678337100876547,44.37016788014358],[16.679758942521232,44.37571153595866],[16.678176819204907,44.38838975368424],[16.687111158353332,44.407304053039695],[16.686201179341026,44.41138164664574],[16.680793009090166,44.417272234825816],[16.656104660201947,44.42918085771049],[16.6407229140313,44.43924129105278],[16.63710367969111,44.44357874196544],[16.637232937450165,44.447731319245065],[16.648237728188633,44.457849092461686],[16.648011368829657,44.457773061977264],[16.636650769417543,44.45844879277763],[16.62592131511667,44.46205255967794],[16.6180320106688,44.462728241015554],[16.603831261403627,44.456646826589804],[16.596888672374405,44.45597107420576],[16.59120837356761,44.45889927668031],[16.583003496114486,44.45844879277763],[16.57763876851442,44.45146586285932],[16.578901056938264,44.44245439515424],[16.576692052196506,44.438398781878334],[16.563753592254557,44.42713171195902],[16.55744214833652,44.4194688621983],[16.552077420736452,44.41451001302676],[16.545423993422617,44.409405176907455]]]}},{"type":"Feature","properties":{"shapeName":"Kupres","shapeISO":"","shapeID":"43093233B52535681657605","shapeGroup":"BIH","shapeType":"ADM3"},"geometry":{"type":"Polygon","coordinates":[[[17.24966474196439,44.07568665143925],[17.235182169921245,44.07634609459666],[17.21307898880434,44.0813603743818],[17.202067791295576,44.0858519717911],[17.186314426369734,44.099052046314966],[17.18126527177492,44.10064745981248],[17.17601414923365,44.10035738798314],[17.164704042257767,44.094845748932244],[17.153191968234808,44.09528089759539],[17.144305455032793,44.09992227709148],[17.13844843494735,44.10108256530822],[17.12855209100627,44.09789171762873],[17.112596760831877,44.10369313083339],[17.104922044516798,44.10311301505368],[17.097853228443796,44.10195276640712],[17.0620211606481,44.0874946257764],[17.06664108232013,44.08354614423922],[17.07656802029794,44.06861631998726],[17.08049701712372,44.06506129004657],[17.08113874545677,44.06448064276748],[17.093327346180104,44.05997972478451],[17.125322422292015,44.05401852183735],[17.137003164164753,44.04976015190954],[17.146313901065753,44.04854341954325],[17.166141538401348,44.056512567600976],[17.20211483842911,44.05613238460194],[17.228565793776397,44.057653102208974],[17.240733233452033,44.06126464914428],[17.242786615909665,44.065269479502945],[17.24443636824384,44.06848708471125],[17.2484040116359,44.07437841932864],[17.24966474196439,44.07568665143925]]]}},{"type":"Feature","properties":{"shapeName":"Kupra na Uni","shapeISO":"","shapeID":"43093233B11243466270578","shapeGroup":"BIH","shapeType":"ADM3"},"geometry":{"type":"Polygon","coordinates":[[[16.235181842767872,44.98163477282657],[16.233374173079653,44.981426624739015],[16.227306958049724,44.98203970157101],[16.21116383414369,44.98954935721713],[16.20455490348604,44.98625442560132],[16.194912367112124,44.969163716632295],[16.203471472230717,44.96249465910131],[16.207480167875474,44.95413808040814],[16.223081576153845,44.93304955759106],[16.22742884406597,44.90984803176133],[16.2308145667389,44.900735551304706],[16.2375860111855,44.89390024150299],[16.28041539985088,44.86943037391268],[16.311394760060182,44.866070952812265],[16.318335490190748,44.862471355168964],[16.326122651439277,44.852991337080596],[16.33763410852731,44.831625577558384],[16.346098414310404,44.82490212723144],[16.355239864628118,44.82322114144256],[16.3794477794915,44.83666765089146],[16.386222325699805,44.84065375646577],[16.38740422732326,44.84134918062023],[16.394344732575313,44.847143114169626],[16.38352747571247,44.84853752828434],[16.376633696487943,44.86042923582062],[16.375714524605655,44.87068996796768],[16.375593968686758,44.876157024027464],[16.37525493956383,44.891531537850256],[16.37525493956383,44.90194949127607],[16.383987060754293,44.91024994687763],[16.385365816779085,44.91529473616322],[16.382608305628878,44.91838648484844],[16.376633696487943,44.91985093906965],[16.357790698082283,44.91838648484844],[16.351586295970833,44.91692199285575],[16.33664977266892,44.90732051053317],[16.33343267467825,44.907646011154554],[16.324617828450073,44.932124854878225],[16.318441002250495,44.937642705546466],[16.311087637084825,44.93514412180383],[16.300939992886413,44.920983424745316],[16.289027541587814,44.91098553745263],[16.282997782421774,44.90942321001319],[16.26711451312434,44.91067307520234],[16.26472466910826,44.91529473616322],[16.271388656261536,44.92294244313928],[16.27184824130336,44.93221595530213],[16.24667215769398,44.957107116600184],[16.242701340594465,44.97250742567718],[16.235181842767872,44.98163477282657]]]}},{"type":"Feature","properties":{"shapeName":"Kostajnica","shapeISO":"","shapeID":"43093233B47950730410595","shapeGroup":"BIH","shapeType":"ADM3"},"geometry":{"type":"Polygon","coordinates":[[[16.635682485558334,45.213526529026126],[16.62470950923654,45.22140285985415],[16.603582601555843,45.23010193815395],[16.592964976152757,45.23010193815395],[16.579313744134026,45.2258288733039],[16.567070971847897,45.216060661170616],[16.562845589952076,45.214534226573335],[16.53478472313651,45.222318615211975],[16.526121606926665,45.22011467275399],[16.504903691452228,45.21244599718506],[16.499287184256218,45.20878225179956],[16.49374001658856,45.20502056124997],[16.49249190417811,45.19505332195331],[16.485163575238857,45.18926578079123],[16.47162068634566,45.18384419895068],[16.467503647575313,45.17849847222675],[16.47205405884779,45.172999486637025],[16.475296315372702,45.163463162894686],[16.4803621038281,45.16362551840302],[16.486538930926997,45.16103308680755],[16.494774699193044,45.164869843768315],[16.50080445925846,45.16559568749102],[16.540659698186573,45.145164838886274],[16.541542102186327,45.13022598094432],[16.545531303227108,45.12596535551677],[16.558169899521317,45.12434402895383],[16.56161678958324,45.12126338149989],[16.567361606652867,45.12110123823163],[16.567710352950485,45.12124598861152],[16.571268080857294,45.12272265652541],[16.591949421228833,45.12774876059689],[16.60137092043169,45.134719720538726],[16.603668846540074,45.14120356988889],[16.607647561485805,45.145756502860365],[16.62330964162669,45.148050741748364],[16.627345637990857,45.15068475259932],[16.628716247057184,45.15368290434259],[16.62756728400302,45.158220166627416],[16.60934013054265,45.17264625901771],[16.606545851509907,45.18259852190431],[16.6135499307847,45.199201191281986],[16.635682485558334,45.213526529026126]]]}},{"type":"Feature","properties":{"shapeName":"Novi Grad","shapeISO":"","shapeID":"43093233B49947296698025","shapeGroup":"BIH","shapeType":"ADM3"},"geometry":{"type":"Polygon","coordinates":[[[16.375593968686758,44.876157024027464],[16.384212769004137,44.87961513672923],[16.397546870391807,44.88202350767881],[16.4014686654466,44.885358010363916],[16.406174819512387,44.897027243612456],[16.411926785292962,44.90239800026757],[16.429967041645682,44.90554614094168],[16.45637379261649,44.90406468413789],[16.467354818769934,44.89999048097599],[16.474152595366036,44.89443428501431],[16.477551485013066,44.89480471486576],[16.49271575712652,44.906842384168726],[16.500820799940016,44.91073093848206],[16.50097694383095,44.91082908959089],[16.50910363062809,44.915937486126154],[16.51345420804529,44.9185442861899],[16.514458187795185,44.92126944962547],[16.51245022829545,44.92506076744053],[16.509940279820114,44.929325700620666],[16.49354194900178,44.944842647270434],[16.495382577943644,44.94768499146926],[16.507932322119018,44.95206666474485],[16.50860164075317,44.95490865101351],[16.50408373367742,44.958224124943456],[16.50508771252794,44.961184207485246],[16.508936300070218,44.96296018416524],[16.518641435553832,44.960355399482125],[16.52968520920507,44.96071060381138],[16.555286685632097,44.963670558649426],[16.56147789289048,44.9751537347571],[16.560641242799193,44.98403090400308],[16.56432250158224,44.9938533686381],[16.57319098607519,44.99527334418951],[16.593437906234442,44.99515501409269],[16.602003105159213,45.001574064591466],[16.599388575422495,45.007674452913704],[16.58004105465102,45.02079732783449],[16.575868265108397,45.02768655828811],[16.578043554266685,45.03099782429024],[16.591429946734706,45.03324464552401],[16.59762115399309,45.03620085558509],[16.60113508221832,45.04045752939152],[16.60174165245536,45.05700824943119],[16.615337207446203,45.07695141367685],[16.61558018267931,45.07832400664762],[16.615860112853966,45.07990536464092],[16.61324558401651,45.090612157824864],[16.597819857400566,45.09245795337188],[16.583962848806493,45.09670305740025],[16.569582934804657,45.107591229451714],[16.567710352950485,45.12124598861152],[16.567361606652867,45.12110123823163],[16.56161678958324,45.12126338149989],[16.558169899521317,45.12434402895383],[16.545531303227108,45.12596535551677],[16.541542102186327,45.13022598094432],[16.540659698186573,45.145164838886274],[16.50080445925846,45.16559568749102],[16.494774699193044,45.164869843768315],[16.486538930926997,45.16103308680755],[16.4803621038281,45.16362551840302],[16.475296315372702,45.163463162894686],[16.476448726427634,45.15808463519778],[16.472216573536116,45.1479370575492],[16.460705117347345,45.14029533646067],[16.42617074878109,45.12524770371863],[16.410081795538474,45.12195580371741],[16.390471691615346,45.109340668936795],[16.39025500536428,45.105058534423904],[16.393721985381376,45.0982523392741],[16.403256179529137,45.08991555555849],[16.40195606202269,45.08448452004461],[16.392855240377116,45.07453903085167],[16.383002787848454,45.057005891408835],[16.36488917379637,45.04289321365093],[16.36488917379637,45.01740981910791],[16.36268845360928,45.007237222319986],[16.357609870499175,45.00340706998037],[16.34762198906361,45.00376615758216],[16.34135840256829,45.00687815630192],[16.329677660695552,45.00352676614739],[16.30919403987309,45.00125249760475],[16.30106830635731,44.998738727010675],[16.29698177438945,45.001556048472935],[16.283970408207836,44.99598542288902],[16.23803292657834,44.981963067641516],[16.235181842767872,44.98163477282657],[16.242701340594465,44.97250742567718],[16.24667215769398,44.957107116600184],[16.27184824130336,44.93221595530213],[16.271388656261536,44.92294244313928],[16.26472466910826,44.91529473616322],[16.26711451312434,44.91067307520234],[16.282997782421774,44.90942321001319],[16.289027541587814,44.91098553745263],[16.300939992886413,44.920983424745316],[16.311087637084825,44.93514412180383],[16.318441002250495,44.937642705546466],[16.324617828450073,44.932124854878225],[16.33343267467825,44.907646011154554],[16.33664977266892,44.90732051053317],[16.351586295970833,44.91692199285575],[16.357790698082283,44.91838648484844],[16.376633696487943,44.91985093906965],[16.382608305628878,44.91838648484844],[16.385365816779085,44.91529473616322],[16.383987060754293,44.91024994687763],[16.37525493956383,44.90194949127607],[16.37525493956383,44.891531537850256],[16.375593968686758,44.876157024027464]]]}},{"type":"Feature","properties":{"shapeName":"Banja Luka","shapeISO":"","shapeID":"43093233B64626551405892","shapeGroup":"BIH","shapeType":"ADM3"},"geometry":{"type":"Polygon","coordinates":[[[17.24195644363499,44.506592642336614],[17.241423346210524,44.508721674865455],[17.251416989602433,44.51520278757863],[17.2611819875587,44.53320209779861],[17.2611819875587,44.53795570459215],[17.254275036863532,44.553571963375475],[17.22545638420479,44.5815688919908],[17.22545638420479,44.58937169424837],[17.230696140214775,44.595477503683924],[17.23117248052563,44.60090435195434],[17.219740288783328,44.61769045425109],[17.21950211682929,44.6334547981005],[17.22188382377948,44.636505466654],[17.238793942586426,44.64243686337062],[17.240884229623532,44.64975301548935],[17.24081363014494,44.64975706603582],[17.232887309601722,44.661250630212464],[17.215870110317383,44.67238203560254],[17.21801631360205,44.67592004767209],[17.223869596105033,44.676544380418875],[17.228747331823968,44.67598941867681],[17.232356856184026,44.673283901830644],[17.237624810436728,44.67418575546827],[17.243081015276687,44.68072214141375],[17.254036866708077,44.685463690097265],[17.27142332582588,44.711366013131055],[17.27142332582588,44.71525882483496],[17.268708180837905,44.719117527052276],[17.270080043559233,44.73059733699756],[17.273090520511175,44.73539570934457],[17.280950153626748,44.738102655213424],[17.291429662948644,44.7392869040674],[17.30190917316986,44.747914271326636],[17.301432831959687,44.75890806875242],[17.291667834003363,44.764826939711554],[17.290715151583015,44.76820887983598],[17.29309685853326,44.77531030892368],[17.28788509482132,44.787275826518226],[17.28237917725727,44.78629889387889],[17.276186739726313,44.78900345654432],[17.265232793059,44.79843759841651],[17.265049878149398,44.81554200406032],[17.25742841698792,44.82635400893042],[17.25760942713339,44.83344152910331],[17.25022613612731,44.83732612100374],[17.23260150505547,44.834961618084265],[17.20640273040175,44.85269302296467],[17.20354468134201,44.87531374593266],[17.197828585920547,44.8899955758352],[17.199048018950975,44.90403262600495],[17.185329388140815,44.91666304116649],[17.184109954211067,44.92562139581082],[17.17389719549925,44.93727596021745],[17.173340967511706,44.94337847993296],[17.167846773509837,44.94366442207547],[17.157124332122294,44.94616540700798],[17.14826670424503,44.953592933866844],[17.14677932810355,44.95696110986739],[17.147969229196633,44.96159202934871],[17.154513687456756,44.96685398332471],[17.15689349054219,44.97085274595753],[17.15600106539688,44.97358858074847],[17.137260114862443,44.98389939973754],[17.132500508691578,44.98284736111685],[17.124171196543557,44.974430349780846],[17.117031787287203,44.97295724588025],[17.067948347638207,44.97358858074847],[17.06437864256037,44.97169455545941],[17.057536708352472,44.962013002897834],[17.050992250092293,44.95990810187743],[17.0339735426449,44.96025715754183],[17.03407050484998,44.96000944288153],[17.016095612122854,44.9391926987841],[16.99240143497832,44.919814780028105],[16.967420255140723,44.90408690638566],[16.95989040971466,44.90313875385044],[16.95453585254762,44.89910893403015],[16.95336454313923,44.89650125263074],[16.95487051276399,44.8931822146875],[16.961898369214396,44.887966196283],[16.964073657473364,44.88429099083663],[16.961898369214396,44.879548442106966],[16.964910306665388,44.876939873976085],[16.96557962619886,44.86318364970572],[16.939141500579865,44.861997613898836],[16.93378694431209,44.85737184303616],[16.934121603629137,44.85345743771063],[16.93763553185437,44.84871234929551],[16.942488098247168,44.8273546081287],[16.946336686688767,44.82047098404871],[16.95888642996482,44.807413575276314],[16.961229049680924,44.802189784031384],[16.95871909940695,44.799221510464406],[16.950687265005342,44.79898404178016],[16.920567880603244,44.81263689347793],[16.905173528635487,44.808125874309724],[16.892791115917305,44.80195232793761],[16.88743655875021,44.802189784031384],[16.884424619500635,44.80539534911611],[16.88228070588991,44.81622023227794],[16.877313098220952,44.819373088097564],[16.871561132440377,44.819929456379384],[16.867639338284903,44.81918763080455],[16.85535104771276,44.811954327829994],[16.829467202149715,44.81269624693431],[16.816133099862725,44.807502612655526],[16.810696962494887,44.80737405187102],[16.81191722290157,44.80448831088688],[16.812666861786283,44.80015712734962],[16.81009667402236,44.7952176603668],[16.813644067819496,44.77665763813957],[16.812640088069656,44.76822361163045],[16.823181872745295,44.75479790260118],[16.82842210989253,44.7525839057227],[16.855426213049327,44.751221052409676],[16.8608311025734,44.7487374900432],[16.86685497927391,44.74136907382376],[16.872711526315925,44.737565652033254],[16.88258399055877,44.711529274256634],[16.879906712424884,44.70748604554461],[16.87304618653235,44.702847877527574],[16.868695608215774,44.702491079599724],[16.862671731515263,44.69868510193595],[16.875723463766917,44.68441045717691],[16.88934411973537,44.674411353101505],[16.911083621312116,44.668623363177744],[16.924255832141,44.65788358735773],[16.92725438318331,44.65376995432001],[16.92725438318331,44.645465621741096],[16.920936006391628,44.633807076035794],[16.9182666189094,44.63120390203852],[16.91918984313679,44.630124538416794],[16.92126768085882,44.6154493607994],[16.92430451963793,44.61226356011525],[16.929259363229107,44.61180843211349],[16.93916904861277,44.61442537293266],[16.949398401614985,44.615221808939395],[16.96474243021902,44.6154493607994],[16.97097594248578,44.61317380712558],[16.97383296901637,44.59520802632943],[16.969837127381595,44.59129550058691],[16.96708998721317,44.58453688047268],[16.96284440654415,44.55891813886109],[16.965092067744763,44.54681647649926],[16.972574278779973,44.526864597822964],[16.97309510664723,44.52647007492016],[16.97513161703057,44.52492743475335],[16.98328313321008,44.52173667340878],[16.993032984784463,44.51467079272294],[17.008536847197774,44.513531054015004],[17.015409693802383,44.51056762959246],[17.025223479979672,44.501179418795175],[17.03013356970854,44.50052278150122],[17.04936475238145,44.5170824057285],[17.067984971629187,44.52509836349873],[17.083219115669692,44.53560239733281],[17.08396833636965,44.55357948080842],[17.110350875792335,44.568327221124434],[17.12825224354623,44.56946588784052],[17.135444756870072,44.56753014210244],[17.156542797212353,44.549991627411714],[17.15606329668384,44.52902958614652],[17.16533364772971,44.51752004101712],[17.158780468743714,44.50566625159627],[17.147751946695053,44.49723035629597],[17.15046911875487,44.491643754255904],[17.153985458961813,44.490389545341316],[17.15718213244952,44.49141571856063],[17.168210652699486,44.500650460950055],[17.17156715909715,44.500992460533666],[17.177481004644676,44.49871242643741],[17.18834969108542,44.49107366231971],[17.20625105973869,44.492099822948546],[17.21008706666487,44.49495017561014],[17.217759081416546,44.495862258136754],[17.24195644363499,44.506592642336614]]]}},{"type":"Feature","properties":{"shapeName":"Oštra Luka","shapeISO":"","shapeID":"43093233B6819283992361","shapeGroup":"BIH","shapeType":"ADM3"},"geometry":{"type":"Polygon","coordinates":[[[16.394344732575313,44.847143114169626],[16.397899966710156,44.85011102350501],[16.407379989295123,44.86043148322642],[16.418214300949273,44.867390749283686],[16.431418618474538,44.866310918014506],[16.471200856734185,44.85611151603371],[16.487621609449775,44.85383140189771],[16.531974572868307,44.85383140189771],[16.5465331794627,44.855391489125964],[16.551781049156148,44.85743154003359],[16.56058392720655,44.85743154003359],[16.56921751957293,44.85479146055752],[16.574296103582355,44.851551197829565],[16.582929695049415,44.84951093917857],[16.597149729376554,44.85383140189771],[16.604598319257093,44.852511295160184],[16.61407834094274,44.84651042671487],[16.649120568359592,44.81949878544066],[16.704836862431307,44.819874033859605],[16.7146237166113,44.81668434450694],[16.72732017528591,44.80805253639551],[16.735255462069972,44.805237536982816],[16.764351514211057,44.79941943595827],[16.770435233599187,44.794726992956384],[16.775989933988285,44.77238572711968],[16.796357170846818,44.75116290944078],[16.807202063024818,44.72880478851022],[16.809318139020945,44.721099567191345],[16.808676121106146,44.71257677399899],[16.803367308854263,44.69894731996288],[16.80434239698411,44.68662414828589],[16.809217836733808,44.68130897153185],[16.832944979427282,44.679922323056815],[16.840528997315403,44.677380048450516],[16.84746295645033,44.670600104511266],[16.846487868320537,44.64863688668305],[16.851038280492276,44.63992636091285],[16.85159128171233,44.638097738819624],[16.87167408099407,44.63449293859827],[16.87799245868507,44.63594084169654],[16.89448449436395,44.64409415022493],[16.90048159824721,44.64439892417107],[16.90615742832273,44.64234166653472],[16.91301126235993,44.6315970226845],[16.918044545719283,44.630987337195904],[16.9182666189094,44.63120390203852],[16.920936006391628,44.633807076035794],[16.92725438318331,44.645465621741096],[16.92725438318331,44.65376995432001],[16.924255832141,44.65788358735773],[16.911083621312116,44.668623363177744],[16.88934411973537,44.674411353101505],[16.875723463766917,44.68441045717691],[16.862671731515263,44.69868510193595],[16.868695608215774,44.702491079599724],[16.87304618653235,44.702847877527574],[16.879906712424884,44.70748604554461],[16.88258399055877,44.711529274256634],[16.872711526315925,44.737565652033254],[16.86685497927391,44.74136907382376],[16.8608311025734,44.7487374900432],[16.855426213049327,44.751221052409676],[16.82842210989253,44.7525839057227],[16.823181872745295,44.75479790260118],[16.812640088069656,44.76822361163045],[16.813644067819496,44.77665763813957],[16.81009667402236,44.7952176603668],[16.812666861786283,44.80015712734962],[16.81191722290157,44.80448831088688],[16.810696962494887,44.80737405187102],[16.809858228674386,44.80935753632127],[16.787634724562963,44.81677663113669],[16.751899330289916,44.83554267815214],[16.74704676389706,44.840882097031226],[16.748552732622557,44.84456007508743],[16.75658456882286,44.850729060098104],[16.758592526523955,44.857253228753564],[16.75491126953949,44.860337123659406],[16.741692205830702,44.865911438262344],[16.732321731462775,44.86686020323583],[16.723620575729058,44.865437049480306],[16.708393554319116,44.857609071601416],[16.703875646344045,44.85796491085199],[16.69638763288299,44.86590402605003],[16.68880549637663,44.870721815659294],[16.669457975605155,44.877577205523664],[16.655600967011083,44.87739193528961],[16.645404300767893,44.87257470415932],[16.6234422502597,44.873501125476594],[16.615860112853966,44.87739193528961],[16.60984669436948,44.88665470864794],[16.605663446610833,44.8899889415365],[16.594682422256028,44.89665682815013],[16.582394131683884,44.90110165631643],[16.577949430322008,44.900546072243515],[16.572720371747835,44.890174171301],[16.56304661091241,44.88257927251544],[16.542653277526767,44.881838252733246],[16.53010353425077,44.88665470864794],[16.515723620248934,44.89480471486576],[16.50097694383095,44.91082908959089],[16.500820799940016,44.91073093848206],[16.49271575712652,44.906842384168726],[16.477551485013066,44.89480471486576],[16.474152595366036,44.89443428501431],[16.467354818769934,44.89999048097599],[16.45637379261649,44.90406468413789],[16.429967041645682,44.90554614094168],[16.411926785292962,44.90239800026757],[16.406174819512387,44.897027243612456],[16.4014686654466,44.885358010363916],[16.397546870391807,44.88202350767881],[16.384212769004137,44.87961513672923],[16.375593968686758,44.876157024027464],[16.375714524605655,44.87068996796768],[16.376633696487943,44.86042923582062],[16.38352747571247,44.84853752828434],[16.394344732575313,44.847143114169626]]]}},{"type":"Feature","properties":{"shapeName":"Prijedor","shapeISO":"","shapeID":"43093233B77793160970471","shapeGroup":"BIH","shapeType":"ADM3"},"geometry":{"type":"Polygon","coordinates":[[[16.50097694383095,44.91082908959089],[16.515723620248934,44.89480471486576],[16.53010353425077,44.88665470864794],[16.542653277526767,44.881838252733246],[16.56304661091241,44.88257927251544],[16.572720371747835,44.890174171301],[16.577949430322008,44.900546072243515],[16.582394131683884,44.90110165631643],[16.594682422256028,44.89665682815013],[16.605663446610833,44.8899889415365],[16.60984669436948,44.88665470864794],[16.615860112853966,44.87739193528961],[16.6234422502597,44.873501125476594],[16.645404300767893,44.87257470415932],[16.655600967011083,44.87739193528961],[16.669457975605155,44.877577205523664],[16.68880549637663,44.870721815659294],[16.69638763288299,44.86590402605003],[16.703875646344045,44.85796491085199],[16.708393554319116,44.857609071601416],[16.723620575729058,44.865437049480306],[16.732321731462775,44.86686020323583],[16.741692205830702,44.865911438262344],[16.75491126953949,44.860337123659406],[16.758592526523955,44.857253228753564],[16.75658456882286,44.850729060098104],[16.748552732622557,44.84456007508743],[16.74704676389706,44.840882097031226],[16.751899330289916,44.83554267815214],[16.787634724562963,44.81677663113669],[16.809858228674386,44.80935753632127],[16.810696962494887,44.80737405187102],[16.816133099862725,44.807502612655526],[16.829467202149715,44.81269624693431],[16.85535104771276,44.811954327829994],[16.867639338284903,44.81918763080455],[16.871561132440377,44.819929456379384],[16.877313098220952,44.819373088097564],[16.88228070588991,44.81622023227794],[16.884424619500635,44.80539534911611],[16.88743655875021,44.802189784031384],[16.892791115917305,44.80195232793761],[16.905173528635487,44.808125874309724],[16.920567880603244,44.81263689347793],[16.950687265005342,44.79898404178016],[16.95871909940695,44.799221510464406],[16.961229049680924,44.802189784031384],[16.95888642996482,44.807413575276314],[16.946336686688767,44.82047098404871],[16.942488098247168,44.8273546081287],[16.93763553185437,44.84871234929551],[16.934121603629137,44.85345743771063],[16.93378694431209,44.85737184303616],[16.939141500579865,44.861997613898836],[16.96557962619886,44.86318364970572],[16.964910306665388,44.876939873976085],[16.961898369214396,44.879548442106966],[16.964073657473364,44.88429099083663],[16.961898369214396,44.887966196283],[16.95487051276399,44.8931822146875],[16.95336454313923,44.89650125263074],[16.95453585254762,44.89910893403015],[16.95989040971466,44.90313875385044],[16.967420255140723,44.90408690638566],[16.99240143497832,44.919814780028105],[17.016095612122854,44.9391926987841],[17.03407050484998,44.96000944288153],[17.0339735426449,44.96025715754183],[17.03191241612518,44.96552279693958],[17.01561126964441,44.98379419704463],[17.02012917761948,44.99243335711378],[17.01962718774456,44.996811612066324],[17.014774620452442,45.00107121496467],[17.005236815526644,45.00367414974227],[16.99938026848463,45.00296426988518],[16.99051178309236,44.9988231310827],[16.984989896266768,44.99858648527811],[16.98181062735864,45.00024298342697],[16.97846402969128,45.00852475831101],[16.973778792057658,45.01183713227789],[16.95938841983974,45.016687049267944],[16.936129562229553,45.018579588877],[16.933619613754217,45.021181727754595],[16.93211364502872,45.029578733671656],[16.926257097087387,45.03194386521727],[16.916217303186045,45.0326533853455],[16.908854787418534,45.03549137952359],[16.908018137327247,45.039629868024065],[16.912201385085893,45.04483211331143],[16.911197405336054,45.04849704850005],[16.90622153559542,45.052929359902066],[16.90215113296847,45.05183666383101],[16.8801890815609,45.043524206776794],[16.871038227032614,45.04315473650195],[16.856135406723695,45.047403504368276],[16.80561223161925,45.05322564964405],[16.779006776341703,45.05996323191766],[16.771811590232744,45.06303625132199],[16.756551102351523,45.08100774011518],[16.75226745697762,45.08516656408574],[16.746912898911205,45.08728366800693],[16.744235620777317,45.08705683920181],[16.736953423461784,45.08025155866255],[16.733419416073218,45.07919288574311],[16.730815761838016,45.08052567561947],[16.722783926537033,45.08052567561947],[16.715421410769522,45.07319967592434],[16.71408277170258,45.06681820179864],[16.708226223761244,45.063745385641084],[16.704042976002597,45.064336324761655],[16.692329882817887,45.07119077033781],[16.679612809883338,45.07237248849958],[16.665389766424653,45.067881829982525],[16.658863900748486,45.072490658517154],[16.655015313206206,45.07260882853467],[16.65183604429808,45.06693638350737],[16.6484894457314,45.064690885176276],[16.64079226974752,45.0644545118663],[16.62086662429533,45.078134193937956],[16.61558018267931,45.07832400664762],[16.615337207446203,45.07695141367685],[16.60174165245536,45.05700824943119],[16.60113508221832,45.04045752939152],[16.59762115399309,45.03620085558509],[16.591429946734706,45.03324464552401],[16.578043554266685,45.03099782429024],[16.575868265108397,45.02768655828811],[16.58004105465102,45.02079732783449],[16.599388575422495,45.007674452913704],[16.602003105159213,45.001574064591466],[16.593437906234442,44.99515501409269],[16.57319098607519,44.99527334418951],[16.56432250158224,44.9938533686381],[16.560641242799193,44.98403090400308],[16.56147789289048,44.9751537347571],[16.555286685632097,44.963670558649426],[16.52968520920507,44.96071060381138],[16.518641435553832,44.960355399482125],[16.508936300070218,44.96296018416524],[16.50508771252794,44.961184207485246],[16.50408373367742,44.958224124943456],[16.50860164075317,44.95490865101351],[16.507932322119018,44.95206666474485],[16.495382577943644,44.94768499146926],[16.49354194900178,44.944842647270434],[16.509940279820114,44.929325700620666],[16.51245022829545,44.92506076744053],[16.514458187795185,44.92126944962547],[16.51345420804529,44.9185442861899],[16.50910363062809,44.915937486126154],[16.50097694383095,44.91082908959089]]]}},{"type":"Feature","properties":{"shapeName":"Šipovo","shapeISO":"","shapeID":"43093233B4185139827614","shapeGroup":"BIH","shapeType":"ADM3"},"geometry":{"type":"Polygon","coordinates":[[[17.24966474196439,44.07568665143925],[17.255545769022092,44.08178926376354],[17.286228878160273,44.11769021063475],[17.287551426557116,44.145218487243426],[17.282261235667534,44.16533448859582],[17.285964369560077,44.17406194050619],[17.28649338855911,44.181270599358754],[17.278822611274563,44.197202405067],[17.277500062877664,44.20876923071546],[17.26765471948977,44.21853986292439],[17.26718419059796,44.21900682150766],[17.258381312547613,44.221433249045276],[17.251271294934384,44.22786279643094],[17.23806697740912,44.24654089604559],[17.238106494519172,44.24663713609499],[17.231206652065396,44.24887855150399],[17.224261434317782,44.25507511422518],[17.213782685822366,44.26118376371977],[17.210127307729124,44.26563395004683],[17.205984546549644,44.27872078373724],[17.202207322909658,44.28063994058084],[17.190022730464705,44.277324993653565],[17.18624550682472,44.279593136014455],[17.183321205609218,44.28325687240681],[17.18294043625218,44.2958655761355],[17.176467372471336,44.29777327291828],[17.164473164704816,44.29532050873456],[17.15152703444511,44.3052671931265],[17.147148196731962,44.31112540931025],[17.146005891358868,44.316983041833964],[17.152288571360543,44.32624508134546],[17.150003960614356,44.32910512060488],[17.146005891358868,44.33019462408271],[17.124347778427307,44.32807552276722],[17.11460010501088,44.33008022672112],[17.108264117694944,44.33774976563922],[17.10777673370933,44.34323984254473],[17.107241203618685,44.34419730216382],[17.1063145817526,44.34585398377436],[17.09985674888992,44.34855514160654],[17.086796388542552,44.34394785091263],[17.082417550829348,44.34558168344796],[17.072517569130582,44.35742560640665],[17.06585412067119,44.358242340111985],[17.0536695291255,44.34449246685392],[17.031584954981724,44.33046699635486],[17.027777269505407,44.32597268928822],[17.02872919109933,44.31657438899691],[17.041294552002,44.30649338006549],[17.043579162748188,44.30322349097139],[17.0430080105113,44.2991358744211],[17.035583024237212,44.29273136955709],[17.02111382104607,44.28946071513997],[17.013308066314266,44.28441809861641],[17.011784993382776,44.26737902961855],[16.996363867698392,44.255653282073354],[16.98817734540819,44.2451526629651],[16.974279294453936,44.23410453389715],[16.971042762113825,44.229739268752326],[16.96799661445226,44.22046200641654],[16.969329303604525,44.216505082943286],[16.9683773820106,44.19562449327577],[16.963808161417546,44.19275795281732],[16.960571628178172,44.1928944573134],[16.924969772437123,44.20558805074802],[16.918115940198504,44.206679844799055],[16.906692884668928,44.20722573418033],[16.896632461219156,44.20722573418033],[16.897463305287374,44.20553833262801],[16.921840506734043,44.17907774284362],[16.95180415014147,44.16742160462343],[16.97161062552999,44.157342045399105],[17.02027022728919,44.127579084806996],[17.040097017463438,44.11373480521712],[17.0580819754029,44.090861306204374],[17.0620211606481,44.0874946257764],[17.097853228443796,44.10195276640712],[17.104922044516798,44.10311301505368],[17.112596760831877,44.10369313083339],[17.12855209100627,44.09789171762873],[17.13844843494735,44.10108256530822],[17.144305455032793,44.09992227709148],[17.153191968234808,44.09528089759539],[17.164704042257767,44.094845748932244],[17.17601414923365,44.10035738798314],[17.18126527177492,44.10064745981248],[17.186314426369734,44.099052046314966],[17.202067791295576,44.0858519717911],[17.21307898880434,44.0813603743818],[17.235182169921245,44.07634609459666],[17.24966474196439,44.07568665143925]]]}},{"type":"Feature","properties":{"shapeName":"Jezero","shapeISO":"","shapeID":"43093233B33359263753816","shapeGroup":"BIH","shapeType":"ADM3"},"geometry":{"type":"Polygon","coordinates":[[[17.238106494519172,44.24663713609499],[17.241452700082107,44.2547864813111],[17.238913408527026,44.27915270293494],[17.23654340265597,44.290544384715645],[17.23281910771567,44.297087543455405],[17.21622906841685,44.3180449756951],[17.208272620585035,44.323616213717344],[17.19913117026732,44.3259172218024],[17.194560445108493,44.330276780748875],[17.19574544849371,44.35315914797633],[17.198961883684035,44.36126874225869],[17.205733329029954,44.367077910317334],[17.21555192388223,44.370345314584654],[17.226894094386978,44.37687957633142],[17.22977195731005,44.382324237473654],[17.228248382556842,44.38619568848031],[17.21741407180201,44.38776839229752],[17.21335120459446,44.391155610543024],[17.211658343257966,44.401074194718376],[17.213520491177803,44.40712128651819],[17.223508371714047,44.414014208688855],[17.22498821603341,44.4158639882325],[17.219874982044814,44.41810514193878],[17.190936574763157,44.419192989764724],[17.18865196401697,44.4176971932709],[17.189223117153176,44.41280159341886],[17.196076950291058,44.40572944715632],[17.19512502869719,44.40110489037846],[17.185451128466866,44.39216077470007],[17.17771676911366,44.381106271237456],[17.174742015031995,44.37345193176128],[17.165222802690266,44.36452060264372],[17.16076067066848,44.36409526738271],[17.147374278200402,44.37090026193761],[17.137260114862443,44.369837033952024],[17.119114116223557,44.35750217558501],[17.111974706067883,44.34622839582386],[17.107241203618685,44.34419730216382],[17.10777673370933,44.34323984254473],[17.108264117694944,44.33774976563922],[17.11460010501088,44.33008022672112],[17.124347778427307,44.32807552276722],[17.146005891358868,44.33019462408271],[17.150003960614356,44.32910512060488],[17.152288571360543,44.32624508134546],[17.146005891358868,44.316983041833964],[17.147148196731962,44.31112540931025],[17.15152703444511,44.3052671931265],[17.164473164704816,44.29532050873456],[17.176467372471336,44.29777327291828],[17.18294043625218,44.2958655761355],[17.183321205609218,44.28325687240681],[17.18624550682472,44.279593136014455],[17.190022730464705,44.277324993653565],[17.202207322909658,44.28063994058084],[17.205984546549644,44.27872078373724],[17.210127307729124,44.26563395004683],[17.213782685822366,44.26118376371977],[17.224261434317782,44.25507511422518],[17.231206652065396,44.24887855150399],[17.238106494519172,44.24663713609499]]]}},{"type":"Feature","properties":{"shapeName":"Gradiška","shapeISO":"","shapeID":"43093233B56705694783132","shapeGroup":"BIH","shapeType":"ADM3"},"geometry":{"type":"Polygon","coordinates":[[[17.173340967511706,44.94337847993296],[17.176132295868797,44.943233207046944],[17.183686743148712,44.94547549120102],[17.193921800550697,44.95780649147645],[17.201963631816227,44.961944973681625],[17.234862030158638,44.9605655125884],[17.248996156747296,44.94858004893018],[17.254235531444692,44.94780392501116],[17.268247812486607,44.95168443758678],[17.277142565277188,44.96030686037335],[17.287255777132486,44.9605655125884],[17.297856372073966,44.95642692965913],[17.30090251973553,44.95694426916276],[17.302852054778555,44.96099659811455],[17.290111845885008,44.973227720582884],[17.28995588275785,44.975158530841554],[17.29424485931287,44.97863382419166],[17.302510886168534,44.97968188870823],[17.314671109684014,44.98392565904197],[17.33416645651681,44.98513219759292],[17.36158178996766,44.977375434328906],[17.3669430102118,44.977375434328906],[17.382379841656416,44.98242653955322],[17.382379841656416,44.98583248528104],[17.382379841656416,44.98873853295697],[17.380000037671664,44.99631200809273],[17.38356974364882,45.00178111820412],[17.380297513619382,45.007460025759656],[17.391601578949746,45.013769262741334],[17.404095545373195,45.01650304887664],[17.407367774503257,45.018605873362446],[17.408260201447206,45.02197023174085],[17.389221774964994,45.0322723479905],[17.3904116769574,45.0356359032744],[17.397551086213696,45.03878905587027],[17.405582922414,45.045725381121485],[17.404987972317144,45.0499288060696],[17.391304103002028,45.06968076185774],[17.3921965290466,45.07850389893582],[17.413495767515712,45.10588895671003],[17.43652036342411,45.118820890271934],[17.449311805795276,45.121339756424675],[17.451989083929107,45.12343872731549],[17.452577298103847,45.126758794083116],[17.440424833939005,45.13013503700239],[17.438366314553832,45.13663172237614],[17.44432518555891,45.15351964231769],[17.44237500929927,45.15497131177665],[17.437066197047386,45.15443649035183],[17.412262394993604,45.13814591720035],[17.398550219517062,45.13372741398899],[17.376373737358165,45.137429426426934],[17.340315794038702,45.14089238287721],[17.319832173216298,45.147340084877044],[17.317462168244504,45.15319014690783],[17.326095759711563,45.15856212304362],[17.324233612691103,45.1622625238964],[17.31290498507707,45.16253467313669],[17.307487829699653,45.16597223273243],[17.302937418427177,45.17521441970973],[17.29600345929225,45.17636004088325],[17.28668595139561,45.17246483518403],[17.264692298710656,45.18521873355775],[17.25960017181052,45.1847605586529],[17.252449526424527,45.173228621303906],[17.249415918909563,45.15351964231769],[17.245298881038593,45.14840030373108],[17.237281490648343,45.14435035168742],[17.226013806492006,45.140070844993545],[17.189393832759208,45.1457258395759],[17.167183493823245,45.14733053317764],[17.1458060422151,45.16309806512368],[17.13598744736288,45.16763364567623],[17.116519544241612,45.175033027352356],[17.070758120191158,45.18689867433443],[17.059707122285943,45.19522128923114],[17.050281271263714,45.21109959786821],[17.038363528354182,45.219418673033374],[17.036846724596728,45.22292911009043],[17.032729685826382,45.22300542206261],[17.027204187323434,45.21735809869733],[17.021678688820487,45.21766337356587],[17.017886679426738,45.219571305071725],[17.02319549167862,45.22682086329223],[17.02276211917649,45.23193315389199],[17.01799502255227,45.23353541842488],[17.005535564015133,45.23361171600794],[17.00196024087245,45.232085752655394],[17.001404982354074,45.226682558353446],[16.997172829462556,45.22250939559217],[16.9933567506136,45.22215880028847],[16.996368330134374,45.21753745409029],[17.0062911249355,45.21181172153376],[17.00792520568376,45.20663112832398],[16.994444036363234,45.18964698811806],[16.996486637748205,45.183888502252614],[17.009559286431966,45.17352175892211],[17.009150766694574,45.16862569591916],[17.0062911249355,45.164593328319484],[16.996486637748205,45.15710388943302],[16.982188427154256,45.15163021436297],[16.97352779756983,45.14116538917142],[16.974573609284676,45.13286592462276],[16.987384806163902,45.12714781382061],[16.98921497688974,45.12345840448182],[16.987384806163902,45.119768757722056],[16.97718813902145,45.114787355352234],[16.97561942189884,45.11201972233238],[16.97829670003273,45.101553164147276],[16.986997854867184,45.09552922539348],[16.988503824491943,45.09033159182957],[16.97394612261553,45.080407521789766],[16.973731940077016,45.076697366890016],[16.980692863584864,45.069663954427995],[16.981549592839485,45.06626038021244],[16.97694467365784,45.064142497478315],[16.966449742761483,45.06822691424077],[16.959932242578986,45.06882726116925],[16.946075233984914,45.06513408277175],[16.93875455018241,45.061440665154635],[16.91522378165223,45.0553460055138],[16.90622153559542,45.052929359902066],[16.911197405336054,45.04849704850005],[16.912201385085893,45.04483211331143],[16.908018137327247,45.039629868024065],[16.908854787418534,45.03549137952359],[16.916217303186045,45.0326533853455],[16.926257097087387,45.03194386521727],[16.93211364502872,45.029578733671656],[16.933619613754217,45.021181727754595],[16.936129562229553,45.018579588877],[16.95938841983974,45.016687049267944],[16.973778792057658,45.01183713227789],[16.97846402969128,45.00852475831101],[16.98181062735864,45.00024298342697],[16.984989896266768,44.99858648527811],[16.99051178309236,44.9988231310827],[16.99938026848463,45.00296426988518],[17.005236815526644,45.00367414974227],[17.014774620452442,45.00107121496467],[17.01962718774456,44.996811612066324],[17.02012917761948,44.99243335711378],[17.01561126964441,44.98379419704463],[17.03191241612518,44.96552279693958],[17.0339735426449,44.96025715754183],[17.050992250092293,44.95990810187743],[17.057536708352472,44.962013002897834],[17.06437864256037,44.97169455545941],[17.067948347638207,44.97358858074847],[17.117031787287203,44.97295724588025],[17.124171196543557,44.974430349780846],[17.132500508691578,44.98284736111685],[17.137260114862443,44.98389939973754],[17.15600106539688,44.97358858074847],[17.15689349054219,44.97085274595753],[17.154513687456756,44.96685398332471],[17.147969229196633,44.96159202934871],[17.14677932810355,44.95696110986739],[17.14826670424503,44.953592933866844],[17.157124332122294,44.94616540700798],[17.167846773509837,44.94366442207547],[17.173340967511706,44.94337847993296]]]}},{"type":"Feature","properties":{"shapeName":"Srbac","shapeISO":"","shapeID":"43093233B45245298150544","shapeGroup":"BIH","shapeType":"ADM3"},"geometry":{"type":"Polygon","coordinates":[[[17.80126149302356,45.06795104000855],[17.794381795383572,45.07316182615739],[17.771954770196544,45.08456101637785],[17.74714419624769,45.09167479495585],[17.731326101718253,45.10008779801353],[17.704788809655895,45.118200225859766],[17.68295089976425,45.12011149205176],[17.67770303007086,45.1230977178854],[17.67431730739787,45.128591964947304],[17.667376577267305,45.13277201651539],[17.65874298490087,45.13313029202942],[17.637412933859878,45.126800421002656],[17.62099218024497,45.12082820046112],[17.617437171888014,45.11593051328259],[17.606602860233863,45.11437750012158],[17.59475283177784,45.10852345589285],[17.575115642073285,45.119514227999275],[17.569190627845273,45.120230944502566],[17.557171312805906,45.1173640263288],[17.553785591032238,45.12190324643774],[17.559879890944273,45.1355187402977],[17.554293448983515,45.139340048704355],[17.549045579290123,45.137548842005515],[17.54464413981526,45.13313029202942],[17.53567197608089,45.12011149205176],[17.528561958467662,45.11688619314333],[17.507597565475294,45.11713944492948],[17.491671127820325,45.11423414279153],[17.486037285292525,45.11652781510662],[17.48018675741298,45.12004459867933],[17.491562784694793,45.134262428768125],[17.492646215950174,45.13991799981591],[17.48766243217557,45.14137001551387],[17.47541965988944,45.138695221307444],[17.466860553871527,45.132657367343654],[17.454942810961995,45.12646599371067],[17.452577298103847,45.126758794083116],[17.451989083929107,45.12343872731549],[17.449311805795276,45.121339756424675],[17.43652036342411,45.118820890271934],[17.413495767515712,45.10588895671003],[17.3921965290466,45.07850389893582],[17.391304103002028,45.06968076185774],[17.404987972317144,45.0499288060696],[17.405582922414,45.045725381121485],[17.397551086213696,45.03878905587027],[17.3904116769574,45.0356359032744],[17.389221774964994,45.0322723479905],[17.408260201447206,45.02197023174085],[17.407367774503257,45.018605873362446],[17.404095545373195,45.01650304887664],[17.391601578949746,45.013769262741334],[17.380297513619382,45.007460025759656],[17.38356974364882,45.00178111820412],[17.380000037671664,44.99631200809273],[17.382379841656416,44.98873853295697],[17.382379841656416,44.98583248528104],[17.416161147618936,44.98186263495268],[17.446051475595198,44.9834785871671],[17.45633222485236,44.980919974577205],[17.457093761767737,44.97701450401621],[17.44928800793525,44.967855804701685],[17.44985916017214,44.96314119880731],[17.45499953570004,44.955462295248765],[17.45480915102155,44.94293135409879],[17.452714924054533,44.93915806139546],[17.45328607719074,44.93619315848753],[17.46699374346656,44.925275601088174],[17.46770066455406,44.925429606391276],[17.469468738891237,44.925814788721596],[17.475370650435195,44.92878022852477],[17.48641293750711,44.920557496831066],[17.49231484905107,44.91961382921488],[17.49574176606967,44.92217517664312],[17.492505233729617,44.92864543903585],[17.47784564496061,44.94306610941345],[17.4763225711298,44.94872557002907],[17.4780360296391,44.951824561854096],[17.482605252030794,44.95357609226289],[17.487745626659375,44.95317189826454],[17.50430905681759,44.942392327444],[17.513066732243942,44.94225757033064],[17.516303264584053,44.95532756961171],[17.518968644687277,44.95883036243134],[17.522395560806558,44.95990810187743],[17.535722458624605,44.952767700668915],[17.539339759422433,44.94791711008662],[17.539720527880093,44.944009392119824],[17.53557967056537,44.93948655046398],[17.53557967056537,44.928535922295055],[17.55372567010363,44.92811470323102],[17.56056760341221,44.93169497174563],[17.568004488616282,44.947698150349424],[17.570979242697945,44.948750834683324],[17.570086816653316,44.93990768589106],[17.572466619738748,44.93569618413164],[17.576928749961894,44.93316913504759],[17.58734039014695,44.93443267442842],[17.593587373358616,44.94243443909812],[17.59983435657034,44.94622436026606],[17.601321732711824,44.950435089507835],[17.600131831618796,44.955698066912305],[17.59239747136627,44.96411782747583],[17.592099995418494,44.97022138051233],[17.595372224548555,44.97337813579236],[17.60756871592355,44.971905005811436],[17.62065763424249,44.982005715291564],[17.659031960456673,44.9956809241354],[17.6729895060609,45.003539536520464],[17.678129880689482,45.00273184819628],[17.686316402979685,44.995058246141184],[17.69278946765985,44.99223087115786],[17.69964330079773,44.99626993600879],[17.71011443473344,44.996539197525976],[17.718872111059113,45.00017409535826],[17.720052493727678,45.01451219268358],[17.72833801608664,45.021833305462735],[17.75386262026376,45.024118018731656],[17.75484930065477,45.04071365990751],[17.763129915413288,45.04770603090867],[17.80126149302356,45.06795104000855]]]}},{"type":"Feature","properties":{"shapeName":"Prnjavor","shapeISO":"","shapeID":"43093233B75622628887489","shapeGroup":"BIH","shapeType":"ADM3"},"geometry":{"type":"Polygon","coordinates":[[[17.801503495190218,44.83730139696752],[17.801503495190218,44.841573045259906],[17.792818947236697,44.85388744674833],[17.793424846579455,44.85632137643046],[17.80473495445466,44.86448145145789],[17.80231135978147,44.88036880367741],[17.78675996190276,44.8892409124382],[17.788173724937508,44.89897003733739],[17.777873448700745,44.91198732195738],[17.78070097477024,44.94716214721535],[17.794030745022894,44.950449749356494],[17.795040576661336,44.953022524469986],[17.788779623380947,44.9611688830376],[17.78918355657595,44.96359827474066],[17.798070068878644,44.96959986084494],[17.796656305843896,44.97260041827474],[17.778713627731804,44.988252209272105],[17.773931068164302,44.99757610865055],[17.77483587607486,45.00059233946496],[17.782518670999934,45.00645297032838],[17.78675996190276,45.01344952677431],[17.787163893299066,45.020873509404964],[17.785750130264375,45.02558438311286],[17.781508840260813,45.0275828187921],[17.775247887879743,45.028153787567305],[17.764543678448035,45.02672635483748],[17.760100422296716,45.02344312520012],[17.753839469915647,45.0237286302721],[17.75386262026376,45.024118018731656],[17.72833801608664,45.021833305462735],[17.720052493727678,45.01451219268358],[17.718872111059113,45.00017409535826],[17.71011443473344,44.996539197525976],[17.69964330079773,44.99626993600879],[17.69278946765985,44.99223087115786],[17.686316402979685,44.995058246141184],[17.678129880689482,45.00273184819628],[17.6729895060609,45.003539536520464],[17.659031960456673,44.9956809241354],[17.62065763424249,44.982005715291564],[17.60756871592355,44.971905005811436],[17.595372224548555,44.97337813579236],[17.592099995418494,44.97022138051233],[17.59239747136627,44.96411782747583],[17.600131831618796,44.955698066912305],[17.601321732711824,44.950435089507835],[17.59983435657034,44.94622436026606],[17.593587373358616,44.94243443909812],[17.58734039014695,44.93443267442842],[17.576928749961894,44.93316913504759],[17.572466619738748,44.93569618413164],[17.570086816653316,44.93990768589106],[17.570979242697945,44.948750834683324],[17.568004488616282,44.947698150349424],[17.56056760341221,44.93169497174563],[17.55372567010363,44.92811470323102],[17.53557967056537,44.928535922295055],[17.53557967056537,44.93948655046398],[17.539720527880093,44.944009392119824],[17.539339759422433,44.94791711008662],[17.535722458624605,44.952767700668915],[17.522395560806558,44.95990810187743],[17.518968644687277,44.95883036243134],[17.516303264584053,44.95532756961171],[17.513066732243942,44.94225757033064],[17.50430905681759,44.942392327444],[17.487745626659375,44.95317189826454],[17.482605252030794,44.95357609226289],[17.4780360296391,44.951824561854096],[17.4763225711298,44.94872557002907],[17.47784564496061,44.94306610941345],[17.492505233729617,44.92864543903585],[17.49574176606967,44.92217517664312],[17.49231484905107,44.91961382921488],[17.48641293750711,44.920557496831066],[17.475370650435195,44.92878022852477],[17.469468738891237,44.925814788721596],[17.46770066455406,44.925429606391276],[17.45266838593733,44.914947989957795],[17.447469626422162,44.908658364492],[17.44703639601289,44.89822527187886],[17.458958884644858,44.88496637629726],[17.45992931968243,44.8817248482232],[17.455908946340855,44.877991953066214],[17.446603166502996,44.8761254146562],[17.435772417063447,44.870138574735506],[17.430573658447656,44.85263501219612],[17.430573658447656,44.848949373714674],[17.434039498124378,44.84664572971673],[17.453534845856495,44.84449557930759],[17.457650530247804,44.84280611830775],[17.4736800383032,44.827137852629846],[17.47497972773232,44.82483333628949],[17.46739820366423,44.81976307640491],[17.454522609930564,44.814889061181304],[17.452193248919343,44.81323661807551],[17.4521658384827,44.81321717293423],[17.454938510403963,44.809086417704066],[17.47389665350778,44.79409765188518],[17.48342771171957,44.78779481357981],[17.487760011315515,44.78687238974902],[17.493608615545213,44.78717986525862],[17.501406754817936,44.792867883845815],[17.522635022388442,44.798094217474215],[17.529566700842622,44.807623370921874],[17.534548846052473,44.80992857524359],[17.54407990426421,44.81008225139482],[17.552744503456097,44.805625452352785],[17.558376492481216,44.80147570973628],[17.559676181910334,44.789485886164755],[17.570506931349826,44.77103513966],[17.573972771026604,44.75980805180018],[17.57917153054177,44.75580883500976],[17.597800417455346,44.75457825218467],[17.613829926410006,44.746886509904584],[17.61577946055371,44.741963258597536],[17.615996074859027,44.72411295434944],[17.61296346559152,44.71641715972419],[17.613265205894535,44.716155091803486],[17.614913000634544,44.71472394675277],[17.62162806478341,44.70825849933033],[17.62531918373338,44.700794626370964],[17.634191733162027,44.69547325778467],[17.640014343387293,44.69409356466633],[17.654432236658465,44.697838370444515],[17.66053211416579,44.70217416030931],[17.694774609560625,44.70631256517282],[17.700475915631046,44.705333415704615],[17.707190979779966,44.70133043165413],[17.714555887744098,44.70287007369501],[17.727769401736566,44.71472394675277],[17.73054761887755,44.73338225858441],[17.737823109049316,44.74025208346694],[17.746694685411455,44.744904808809906],[17.745887050147303,44.74515064838374],[17.74494033382939,44.75837301710112],[17.74841162789437,44.76352667921293],[17.757247649559417,44.7706962283483],[17.758825510089252,44.77652083147126],[17.756300932342185,44.77965691313608],[17.74525590593538,44.781672875702725],[17.744309188718148,44.78324079782459],[17.746202622253236,44.78928809826715],[17.755354216024273,44.798693751415556],[17.747149339470468,44.80518723520282],[17.74841162789437,44.81056060169044],[17.774288547778326,44.82309650799749],[17.786280292301683,44.8239918253625],[17.7925917353204,44.827572957226266],[17.796656305843896,44.83570129967529],[17.799887765108338,44.83741992119246],[17.801503495190218,44.83730139696752]]]}},{"type":"Feature","properties":{"shapeName":"Teslić","shapeISO":"","shapeID":"43093233B44678371024633","shapeGroup":"BIH","shapeType":"ADM3"},"geometry":{"type":"Polygon","coordinates":[[[17.746694685411455,44.744904808809906],[17.737823109049316,44.74025208346694],[17.73054761887755,44.73338225858441],[17.727769401736566,44.71472394675277],[17.714555887744098,44.70287007369501],[17.707190979779966,44.70133043165413],[17.700475915631046,44.705333415704615],[17.694774609560625,44.70631256517282],[17.66053211416579,44.70217416030931],[17.654432236658465,44.697838370444515],[17.640014343387293,44.69409356466633],[17.634191733162027,44.69547325778467],[17.62531918373338,44.700794626370964],[17.62162806478341,44.70825849933033],[17.614913000634544,44.71472394675277],[17.613265205894535,44.716155091803486],[17.610762657270868,44.715278094608436],[17.604940047045602,44.713110731175334],[17.59911743682028,44.712027019331515],[17.59509706257944,44.706115504826755],[17.59052215467375,44.70394779875198],[17.57846103285044,44.70158293520433],[17.569172582948397,44.69034851517188],[17.568479415192883,44.685814710780335],[17.5798213752563,44.676074456770834],[17.579388145746407,44.67191540527176],[17.57527246045572,44.669142538197605],[17.565741402243987,44.657279331975644],[17.56573140358148,44.65705739188519],[17.564658327120128,44.6332373438284],[17.57245646639285,44.625066965268275],[17.573905079056203,44.59029145788452],[17.577628148220526,44.58547059259382],[17.598612723798226,44.58378319643742],[17.61713980295957,44.57758819673796],[17.621437443583204,44.57353935535701],[17.61727843615097,44.56958899423677],[17.61547619926722,44.56336663176472],[17.615198932884482,44.551117497674454],[17.626289619670274,44.540940853937286],[17.624764650068585,44.535901274424305],[17.614783031511763,44.53283778693435],[17.61367396328285,44.52987296946202],[17.61533756607588,44.52542545951741],[17.609930856324013,44.521669519233],[17.602721909688455,44.52028569103186],[17.595417652902427,44.51365027174268],[17.591518583715697,44.50577204694247],[17.593251503554086,44.49820176979591],[17.59693395753618,44.4968112029747],[17.63007604877066,44.49990130500129],[17.651954161055755,44.49001240295007],[17.65217077626039,44.48630363300629],[17.64070751114275,44.47756854675106],[17.644866518575043,44.47034704917701],[17.644727885383645,44.453922236022436],[17.65373906890295,44.44353066061154],[17.658036709526584,44.44234293497851],[17.672177334616322,44.44729163530076],[17.684792991003803,44.445510151172584],[17.68881336434532,44.44036333739814],[17.688258829781205,44.435315060541654],[17.67231596870704,44.42036564276026],[17.670236465440553,44.41472149040453],[17.68576342604132,44.41343415226436],[17.693249639958992,44.4114535753223],[17.710162936969994,44.39639899981404],[17.71071747153411,44.39431878698247],[17.697226690259583,44.381897880582756],[17.692508318004514,44.37272469768669],[17.69683236182408,44.37179743640263],[17.70495809533986,44.369377214187125],[17.714099545657575,44.37058733743572],[17.72137884895477,44.37288650370925],[17.73492173874729,44.38075138796626],[17.737322466358762,44.38193097293612],[17.743047472263072,44.38474392369318],[17.76099180153045,44.39127657925076],[17.77398451037692,44.40052236621426],[17.793293709237332,44.40524675493384],[17.797790371628423,44.40921494601298],[17.80413860051607,44.42017331464683],[17.813396435696973,44.422818129952816],[17.828208971267088,44.42414049308934],[17.894336361434,44.440384225951334],[17.898920107876734,44.44159363603751],[17.91867124078516,44.446804921310104],[17.936128871350377,44.45416896862304],[17.939491297985057,44.45632902776248],[17.94141906313928,44.45756744548129],[17.9477672929263,44.4726693972749],[17.959405713602848,44.479275272935524],[17.964431394992914,44.485502984575135],[17.965224923491462,44.49078658253478],[17.960199242101396,44.496258375323805],[17.959141204103332,44.502861579997955],[17.9641668854934,44.50776633404911],[17.974218249172907,44.51078443905067],[17.97659883466855,44.515688525804876],[17.96601845199001,44.52700407457843],[17.96125728099878,44.53680910495626],[17.95993473260188,44.54585843771679],[17.95596708920982,44.55170205160846],[17.953613718997985,44.554706562457966],[17.949618859422856,44.55980673739106],[17.944857687532306,44.56753340933943],[17.94194808303763,44.59051890092661],[17.937980438746308,44.596923073940786],[17.92316790317625,44.61123573394201],[17.900155572221934,44.62272097669177],[17.894865380433032,44.63269811302757],[17.894071851035164,44.64192073165651],[17.896716946929587,44.65829197399546],[17.90094910072048,44.66732240570451],[17.90480179546654,44.67293911165075],[17.906239291610063,44.675034785626906],[17.90967791600309,44.68425067372965],[17.913239820215193,44.68864013516072],[17.905718058041998,44.69000544539506],[17.89885120631817,44.69172840704039],[17.892186321641475,44.69402560919457],[17.888348963933595,44.694456324200075],[17.884511606225715,44.69302059432505],[17.87461526228458,44.696322719617854],[17.870172005233883,44.695317745217835],[17.8576501004718,44.68009742285784],[17.85219701268204,44.670618598169824],[17.84734982423504,44.6711931165691],[17.822104047663743,44.68900036127769],[17.822104047663743,44.70292640722795],[17.8287689332397,44.709242272213146],[17.829172864636064,44.71412224094871],[17.827153203157877,44.717710191472236],[17.821296183072434,44.7217284316219],[17.7723951151425,44.722284504925994],[17.770817253713346,44.733718707552384],[17.765452527012542,44.741788548202976],[17.750305060530195,44.743805831873715],[17.746694685411455,44.744904808809906]]]}},{"type":"Feature","properties":{"shapeName":"Laktaši","shapeISO":"","shapeID":"43093233B47346890100402","shapeGroup":"BIH","shapeType":"ADM3"},"geometry":{"type":"Polygon","coordinates":[[[17.28788509482132,44.787275826518226],[17.28809527447737,44.787313119604846],[17.308339781755592,44.79458121465137],[17.317152096392192,44.794919242828826],[17.335729410783756,44.78798925959671],[17.34644709026105,44.77970599363675],[17.355735747007145,44.7749721647337],[17.37121684218357,44.7793678755271],[17.394319398521475,44.79272202190384],[17.403131713158075,44.79356711662916],[17.41003866205466,44.79255300151988],[17.41956548985553,44.78765119094976],[17.439809998033013,44.78815829436985],[17.444811582088903,44.78900345654432],[17.443858899668555,44.79829942028209],[17.445678524044695,44.81175732324192],[17.452193248919343,44.81323661807551],[17.454522609930564,44.814889061181304],[17.46739820366423,44.81976307640491],[17.47497972773232,44.82483333628949],[17.4736800383032,44.827137852629846],[17.457650530247804,44.84280611830775],[17.453534845856495,44.84449557930759],[17.434039498124378,44.84664572971673],[17.430573658447656,44.848949373714674],[17.430573658447656,44.85263501219612],[17.435772417063447,44.870138574735506],[17.446603166502996,44.8761254146562],[17.455908946340855,44.877991953066214],[17.45992931968243,44.8817248482232],[17.458958884644858,44.88496637629726],[17.44703639601289,44.89822527187886],[17.447469626422162,44.908658364492],[17.45266838593733,44.914947989957795],[17.46770066455406,44.925429606391276],[17.46699374346656,44.925275601088174],[17.45328607719074,44.93619315848753],[17.452714924054533,44.93915806139546],[17.45480915102155,44.94293135409879],[17.45499953570004,44.955462295248765],[17.44985916017214,44.96314119880731],[17.44928800793525,44.967855804701685],[17.457093761767737,44.97701450401621],[17.45633222485236,44.980919974577205],[17.446051475595198,44.9834785871671],[17.416161147618936,44.98186263495268],[17.382379841656416,44.98583248528104],[17.382379841656416,44.98242653955322],[17.3669430102118,44.977375434328906],[17.36158178996766,44.977375434328906],[17.33416645651681,44.98513219759292],[17.314671109684014,44.98392565904197],[17.302510886168534,44.97968188870823],[17.29424485931287,44.97863382419166],[17.28995588275785,44.975158530841554],[17.290111845885008,44.973227720582884],[17.302852054778555,44.96099659811455],[17.30090251973553,44.95694426916276],[17.297856372073966,44.95642692965913],[17.287255777132486,44.9605655125884],[17.277142565277188,44.96030686037335],[17.268247812486607,44.95168443758678],[17.254235531444692,44.94780392501116],[17.248996156747296,44.94858004893018],[17.234862030158638,44.9605655125884],[17.201963631816227,44.961944973681625],[17.193921800550697,44.95780649147645],[17.183686743148712,44.94547549120102],[17.176132295868797,44.943233207046944],[17.173340967511706,44.94337847993296],[17.17389719549925,44.93727596021745],[17.184109954211067,44.92562139581082],[17.185329388140815,44.91666304116649],[17.199048018950975,44.90403262600495],[17.197828585920547,44.8899955758352],[17.20354468134201,44.87531374593266],[17.20640273040175,44.85269302296467],[17.23260150505547,44.834961618084265],[17.25022613612731,44.83732612100374],[17.25760942713339,44.83344152910331],[17.25742841698792,44.82635400893042],[17.265049878149398,44.81554200406032],[17.265232793059,44.79843759841651],[17.276186739726313,44.78900345654432],[17.28237917725727,44.78629889387889],[17.28788509482132,44.787275826518226]]]}},{"type":"Feature","properties":{"shapeName":"Čelinac","shapeISO":"","shapeID":"43093233B34184787679181","shapeGroup":"BIH","shapeType":"ADM3"},"geometry":{"type":"Polygon","coordinates":[[[17.240884229623532,44.64975301548935],[17.259714855156517,44.64867265002283],[17.271281185278553,44.63928075740108],[17.272089128001912,44.63951747378703],[17.274598045963103,44.64025255311287],[17.30620577237852,44.6521210230668],[17.318552540467408,44.65897378421283],[17.322363271048175,44.67219992648546],[17.33227117127757,44.684447677418405],[17.339740203647523,44.68704863548618],[17.352696689600577,44.683905795416194],[17.391108857487836,44.68325553161753],[17.39430987020438,44.67772799255289],[17.394614729586124,44.67295871147542],[17.39842546106621,44.670031912842546],[17.405742063745322,44.66938149346123],[17.41641211063046,44.67360909128661],[17.420680128485174,44.673283901830644],[17.426320010859854,44.66883947116469],[17.440343500152437,44.64964862488421],[17.445709010162716,44.645250100112094],[17.449806307914855,44.64400075293247],[17.474097429852577,44.64344548002492],[17.48063359636342,44.64490306162702],[17.50072986659012,44.657117546637494],[17.52738059463877,44.65691370360457],[17.538812787280335,44.66049169143844],[17.547348824788457,44.661142211543904],[17.56573140358148,44.65705739188519],[17.565741402243987,44.657279331975644],[17.57527246045572,44.669142538197605],[17.579388145746407,44.67191540527176],[17.5798213752563,44.676074456770834],[17.568479415192883,44.685814710780335],[17.569172582948397,44.69034851517188],[17.57846103285044,44.70158293520433],[17.59052215467375,44.70394779875198],[17.59509706257944,44.706115504826755],[17.59911743682028,44.712027019331515],[17.604940047045602,44.713110731175334],[17.610762657270868,44.715278094608436],[17.613265205894535,44.716155091803486],[17.61296346559152,44.71641715972419],[17.615996074859027,44.72411295434944],[17.61577946055371,44.741963258597536],[17.613829926410006,44.746886509904584],[17.597800417455346,44.75457825218467],[17.57917153054177,44.75580883500976],[17.573972771026604,44.75980805180018],[17.570506931349826,44.77103513966],[17.559676181910334,44.789485886164755],[17.558376492481216,44.80147570973628],[17.552744503456097,44.805625452352785],[17.54407990426421,44.81008225139482],[17.534548846052473,44.80992857524359],[17.529566700842622,44.807623370921874],[17.522635022388442,44.798094217474215],[17.501406754817936,44.792867883845815],[17.493608615545213,44.78717986525862],[17.487760011315515,44.78687238974902],[17.48342771171957,44.78779481357981],[17.47389665350778,44.79409765188518],[17.454938510403963,44.809086417704066],[17.4521658384827,44.81321717293423],[17.452193248919343,44.81323661807551],[17.445678524044695,44.81175732324192],[17.443858899668555,44.79829942028209],[17.444811582088903,44.78900345654432],[17.439809998033013,44.78815829436985],[17.41956548985553,44.78765119094976],[17.41003866205466,44.79255300151988],[17.403131713158075,44.79356711662916],[17.394319398521475,44.79272202190384],[17.37121684218357,44.7793678755271],[17.355735747007145,44.7749721647337],[17.34644709026105,44.77970599363675],[17.335729410783756,44.78798925959671],[17.317152096392192,44.794919242828826],[17.308339781755592,44.79458121465137],[17.28809527447737,44.787313119604846],[17.28788509482132,44.787275826518226],[17.29309685853326,44.77531030892368],[17.290715151583015,44.76820887983598],[17.291667834003363,44.764826939711554],[17.301432831959687,44.75890806875242],[17.30190917316986,44.747914271326636],[17.291429662948644,44.7392869040674],[17.280950153626748,44.738102655213424],[17.273090520511175,44.73539570934457],[17.270080043559233,44.73059733699756],[17.268708180837905,44.719117527052276],[17.27142332582588,44.71525882483496],[17.27142332582588,44.711366013131055],[17.254036866708077,44.685463690097265],[17.243081015276687,44.68072214141375],[17.237624810436728,44.67418575546827],[17.232356856184026,44.673283901830644],[17.228747331823968,44.67598941867681],[17.223869596105033,44.676544380418875],[17.21801631360205,44.67592004767209],[17.215870110317383,44.67238203560254],[17.232887309601722,44.661250630212464],[17.24081363014494,44.64975706603582],[17.240884229623532,44.64975301548935]]]}},{"type":"Feature","properties":{"shapeName":"Republika Srpska","shapeISO":"","shapeID":"43093233B37160773543814","shapeGroup":"BIH","shapeType":"ADM3"},"geometry":{"type":"Polygon","coordinates":[[[19.527019249338935,43.70277582044781],[19.527492458210418,43.71531820277289],[19.5232603053189,43.720701670445806],[19.487540934266747,43.74565506393009],[19.484324497277782,43.75176950505869],[19.470443036117274,43.76191809804186],[19.469564864327083,43.76989515114036],[19.46605217716632,43.77336376792363],[19.44198180731462,43.78386771092619],[19.426111232847177,43.793415150289036],[19.412092226674986,43.79818829755192],[19.407595564283895,43.80219744645507],[19.40177635349596,43.81116932960094],[19.399131257601482,43.82472004349529],[19.39516361420948,43.82891823259041],[19.369379222872908,43.843411163494466],[19.352789182674712,43.85781665511462],[19.352281324723435,43.86147851372249],[19.355667046497047,43.865628347170514],[19.356005618764357,43.8716084826454],[19.34804917183186,43.87356105020234],[19.326888406474836,43.88332292661181],[19.319778389760927,43.88808126204066],[19.332474848435538,43.89808472602931],[19.332644134119562,43.901744110602294],[19.315376950286065,43.903695690703614],[19.31063693944327,43.90869632147809],[19.306743357919686,43.91991572013444],[19.30166477480958,43.92637810896264],[19.29387761356105,43.92954808067941],[19.286936882531165,43.940763548399104],[19.269724160741475,43.953573095022364],[19.25295542165543,43.94536919423297],[19.236866040335542,43.941748964343276],[19.218765487137546,43.934266457431136],[19.217609280943634,43.93461561831617],[19.21629844801504,43.932592820902016],[19.20123402043373,43.92737420795339],[19.188839238440153,43.93067022774886],[19.185597526005097,43.92998357198434],[19.179114101134928,43.9238033139718],[19.17921112359454,43.920634378273974],[19.18834954949216,43.90679280834149],[19.203111620504956,43.8970567685551],[19.207251249345745,43.887994630347976],[19.215100921570297,43.87875869635678],[19.22315562303362,43.875151895143915],[19.22156909124061,43.87172083314999],[19.216809494062943,43.86820158993146],[19.21644337196409,43.863978223416325],[19.223926006579973,43.85495307432495],[19.22278187288515,43.84505188843394],[19.21687051486242,43.83734983003069],[19.220493605495562,43.829646776977256],[19.217483160919187,43.82485915872326],[19.202955407366233,43.81860392692971],[19.19990926599985,43.81246076505232],[19.19932713124217,43.799650422529055],[19.194941285112293,43.79276840104092],[19.185025459157657,43.78299456814483],[19.172821365813434,43.77583525419368],[19.15012937966719,43.785334926965334],[19.129725660910594,43.78574792172924],[19.125530504329333,43.78161784368859],[19.126102570277453,43.776523687018596],[19.14097631010867,43.756555917321805],[19.148344531175212,43.73510999762834],[19.147841112277547,43.71425733280972],[19.155277981293864,43.70502207420941],[19.171867920767966,43.69992139565596],[19.177016523293958,43.695371775786896],[19.181974435371956,43.68544413453924],[19.181892317376594,43.685310518665574],[19.220104600147238,43.68420858026184],[19.225352360123395,43.68667966363563],[19.229989915702106,43.690827327019576],[19.23230869349146,43.698151220502496],[19.21595520826628,43.71041453510276],[19.21485684017108,43.713590236400364],[19.22047072314541,43.717295007958285],[19.262574844553455,43.71597190198173],[19.269287096522362,43.71403129271005],[19.279904657174256,43.70265100174237],[19.29314609871352,43.697439827985704],[19.300773657278512,43.698267028001],[19.308401214944183,43.70157571744545],[19.318126352249408,43.70240286080343],[19.334525602174836,43.69137334050731],[19.364082391389275,43.68351356979548],[19.381244397710816,43.68599571303179],[19.39707158078886,43.69247638327852],[19.408894296834376,43.701851433396996],[19.42014494513319,43.70488422342822],[19.4235773462176,43.714946474300405],[19.42659785960359,43.718970901785724],[19.431357455881937,43.719941134475846],[19.442707263429497,43.71720680245204],[19.467603612916434,43.71941191852528],[19.486519958229565,43.71773603728832],[19.51153835021472,43.70609178270968],[19.527019249338935,43.70277582044781]]]}},{"type":"Feature","properties":{"shapeName":"Kozarska Dubica","shapeISO":"","shapeID":"43093233B83849202769760","shapeGroup":"BIH","shapeType":"ADM3"},"geometry":{"type":"Polygon","coordinates":[[[16.567710352950485,45.12124598861152],[16.569582934804657,45.107591229451714],[16.583962848806493,45.09670305740025],[16.597819857400566,45.09245795337188],[16.61324558401651,45.090612157824864],[16.615860112853966,45.07990536464092],[16.61558018267931,45.07832400664762],[16.62086662429533,45.078134193937956],[16.64079226974752,45.0644545118663],[16.6484894457314,45.064690885176276],[16.65183604429808,45.06693638350737],[16.655015313206206,45.07260882853467],[16.658863900748486,45.072490658517154],[16.665389766424653,45.067881829982525],[16.679612809883338,45.07237248849958],[16.692329882817887,45.07119077033781],[16.704042976002597,45.064336324761655],[16.708226223761244,45.063745385641084],[16.71408277170258,45.06681820179864],[16.715421410769522,45.07319967592434],[16.722783926537033,45.08052567561947],[16.730815761838016,45.08052567561947],[16.733419416073218,45.07919288574311],[16.736953423461784,45.08025155866255],[16.744235620777317,45.08705683920181],[16.746912898911205,45.08728366800693],[16.75226745697762,45.08516656408574],[16.756551102351523,45.08100774011518],[16.771811590232744,45.06303625132199],[16.779006776341703,45.05996323191766],[16.80561223161925,45.05322564964405],[16.856135406723695,45.047403504368276],[16.871038227032614,45.04315473650195],[16.8801890815609,45.043524206776794],[16.90215113296847,45.05183666383101],[16.90622153559542,45.052929359902066],[16.91522378165223,45.0553460055138],[16.93875455018241,45.061440665154635],[16.946075233984914,45.06513408277175],[16.959932242578986,45.06882726116925],[16.966449742761483,45.06822691424077],[16.97694467365784,45.064142497478315],[16.981549592839485,45.06626038021244],[16.980692863584864,45.069663954427995],[16.973731940077016,45.076697366890016],[16.97394612261553,45.080407521789766],[16.988503824491943,45.09033159182957],[16.986997854867184,45.09552922539348],[16.97829670003273,45.101553164147276],[16.97561942189884,45.11201972233238],[16.97718813902145,45.114787355352234],[16.987384806163902,45.119768757722056],[16.98921497688974,45.12345840448182],[16.987384806163902,45.12714781382061],[16.974573609284676,45.13286592462276],[16.97352779756983,45.14116538917142],[16.982188427154256,45.15163021436297],[16.996486637748205,45.15710388943302],[17.0062911249355,45.164593328319484],[17.009150766694574,45.16862569591916],[17.009559286431966,45.17352175892211],[16.996486637748205,45.183888502252614],[16.994444036363234,45.18964698811806],[17.00792520568376,45.20663112832398],[17.0062911249355,45.21181172153376],[16.996368330134374,45.21753745409029],[16.9933567506136,45.22215880028847],[16.989385668214084,45.221793965119446],[16.980413503580394,45.24432568758044],[16.970594908728117,45.24504083386745],[16.96720918695445,45.24182260363028],[16.972964914599174,45.23145151117836],[16.973980631401048,45.22656332893456],[16.97161062552999,45.223940228658705],[16.965008466767358,45.224297931304534],[16.959760597073966,45.2270402439122],[16.947233424083322,45.22501332940169],[16.93876911830023,45.227994060377625],[16.939276977150826,45.235266385835075],[16.94537127706286,45.24539840341362],[16.959083452539346,45.25421774715136],[16.957729163470162,45.259103551587714],[16.948587713152506,45.26363148160766],[16.92759623437877,45.270541837136136],[16.918793356328365,45.26827819318413],[16.907959044674215,45.259818511715025],[16.90626618333772,45.249569885342],[16.90321903383142,45.24527921356491],[16.89136900537534,45.248854795712305],[16.884766846612706,45.245875160110586],[16.880196121453878,45.24170340658702],[16.876471826513637,45.22727869915269],[16.860897503117314,45.23252447072781],[16.857213837748475,45.2294915197179],[16.852555083350467,45.229567822696936],[16.848763074856095,45.23147535490375],[16.84377929108149,45.23048344675374],[16.84193745794738,45.22811805530404],[16.846054496717727,45.2212502323124],[16.845404437964476,45.21865550564712],[16.83337835192947,45.21033631896603],[16.83825379257854,45.20484040905768],[16.839770595436676,45.19140372740014],[16.83825379257854,45.18613507077697],[16.83296529421301,45.183147373652446],[16.823823842996035,45.18255076970229],[16.793183055953307,45.19221498063689],[16.76829799655536,45.19364657542917],[16.75983368987295,45.19555531362687],[16.74747580346559,45.20044616146123],[16.73951935563383,45.20593295494194],[16.72953147509753,45.20712566551708],[16.720220738196588,45.20724493540547],[16.70566213160214,45.1972254068271],[16.699567831690104,45.194123766498706],[16.69431996199671,45.19388517186326],[16.64551138754058,45.20850440805202],[16.635682485558334,45.213526529026126],[16.6135499307847,45.199201191281986],[16.606545851509907,45.18259852190431],[16.60934013054265,45.17264625901771],[16.62756728400302,45.158220166627416],[16.628716247057184,45.15368290434259],[16.627345637990857,45.15068475259932],[16.62330964162669,45.148050741748364],[16.607647561485805,45.145756502860365],[16.603668846540074,45.14120356988889],[16.60137092043169,45.134719720538726],[16.591949421228833,45.12774876059689],[16.571268080857294,45.12272265652541],[16.567710352950485,45.12124598861152]]]}},{"type":"Feature","properties":{"shapeName":"Kotor Varoš","shapeISO":"","shapeID":"43093233B10611979100154","shapeGroup":"BIH","shapeType":"ADM3"},"geometry":{"type":"Polygon","coordinates":[[[17.56573140358148,44.65705739188519],[17.547348824788457,44.661142211543904],[17.538812787280335,44.66049169143844],[17.52738059463877,44.65691370360457],[17.50072986659012,44.657117546637494],[17.48063359636342,44.64490306162702],[17.474097429852577,44.64344548002492],[17.449806307914855,44.64400075293247],[17.445709010162716,44.645250100112094],[17.440343500152437,44.64964862488421],[17.426320010859854,44.66883947116469],[17.420680128485174,44.673283901830644],[17.41641211063046,44.67360909128661],[17.405742063745322,44.66938149346123],[17.39842546106621,44.670031912842546],[17.394614729586124,44.67295871147542],[17.39430987020438,44.67772799255289],[17.391108857487836,44.68325553161753],[17.352696689600577,44.683905795416194],[17.339740203647523,44.68704863548618],[17.33227117127757,44.684447677418405],[17.322363271048175,44.67219992648546],[17.318552540467408,44.65897378421283],[17.30620577237852,44.6521210230668],[17.274598045963103,44.64025255311287],[17.272089128001912,44.63951747378703],[17.271899667036053,44.63870862760115],[17.273090520511175,44.63616651127552],[17.276901251091942,44.6348106699765],[17.29333502868866,44.632098893848934],[17.29309685853326,44.62735297895688],[17.280473811517254,44.61429971336116],[17.278330276521103,44.60514372460324],[17.274043203830843,44.60073477129271],[17.270946985515025,44.578684982026346],[17.275719925933856,44.574884788802024],[17.28471324981666,44.57173586931498],[17.296297872149125,44.55816098973793],[17.300261032420735,44.55642317668833],[17.311693225062356,44.55924709647638],[17.315199097160644,44.55859543513128],[17.321296266809327,44.55066629881071],[17.32724100766643,44.54708153998115],[17.337301336687403,44.54892826182987],[17.353916123530325,44.55816098973793],[17.367177466167163,44.560115967478],[17.36961633492598,44.56359132198196],[17.379566915181044,44.569616224808954],[17.38532264282577,44.57058918604213],[17.39371234804645,44.569199237055216],[17.402004499308248,44.5591211095516],[17.40360805436825,44.553381878171194],[17.418241261525054,44.5414323819989],[17.4214422742416,44.53643459218273],[17.420832558176073,44.52382956578191],[17.423881143000415,44.518721581136106],[17.471963040062292,44.48088681847196],[17.472201210217747,44.461001501318265],[17.529362174324945,44.42121054143337],[17.53576420245605,44.421367037858545],[17.540489509383406,44.41788319735173],[17.543385663617528,44.405361435581824],[17.551311985060124,44.39860946055819],[17.555427574123314,44.398064912066104],[17.559695591978027,44.40122322047529],[17.565030615870285,44.40187664269297],[17.57234721944866,44.400460885861264],[17.58104521226676,44.39483836040205],[17.600813379234125,44.385988256253086],[17.604624109814893,44.38258401294189],[17.608196670240204,44.36436795082034],[17.612483742031145,44.36062189048789],[17.61209886187305,44.3512079473889],[17.62014574912706,44.35182761445287],[17.65451083200935,44.3497697308884],[17.67177801674211,44.36550465071912],[17.68481304768403,44.37179743640263],[17.691753777814654,44.37288650370925],[17.692508318004514,44.37272469768669],[17.697226690259583,44.381897880582756],[17.71071747153411,44.39431878698247],[17.710162936969994,44.39639899981404],[17.693249639958992,44.4114535753223],[17.68576342604132,44.41343415226436],[17.670236465440553,44.41472149040453],[17.67231596870704,44.42036564276026],[17.688258829781205,44.435315060541654],[17.68881336434532,44.44036333739814],[17.684792991003803,44.445510151172584],[17.672177334616322,44.44729163530076],[17.658036709526584,44.44234293497851],[17.65373906890295,44.44353066061154],[17.644727885383645,44.453922236022436],[17.644866518575043,44.47034704917701],[17.64070751114275,44.47756854675106],[17.65217077626039,44.48630363300629],[17.651954161055755,44.49001240295007],[17.63007604877066,44.49990130500129],[17.59693395753618,44.4968112029747],[17.593251503554086,44.49820176979591],[17.591518583715697,44.50577204694247],[17.595417652902427,44.51365027174268],[17.602721909688455,44.52028569103186],[17.609930856324013,44.521669519233],[17.61533756607588,44.52542545951741],[17.61367396328285,44.52987296946202],[17.614783031511763,44.53283778693435],[17.624764650068585,44.535901274424305],[17.626289619670274,44.540940853937286],[17.615198932884482,44.551117497674454],[17.61547619926722,44.56336663176472],[17.61727843615097,44.56958899423677],[17.621437443583204,44.57353935535701],[17.61713980295957,44.57758819673796],[17.598612723798226,44.58378319643742],[17.577628148220526,44.58547059259382],[17.573905079056203,44.59029145788452],[17.57245646639285,44.625066965268275],[17.564658327120128,44.6332373438284],[17.56573140358148,44.65705739188519]]]}},{"type":"Feature","properties":{"shapeName":"Kneževo","shapeISO":"","shapeID":"43093233B80520640315042","shapeGroup":"BIH","shapeType":"ADM3"},"geometry":{"type":"Polygon","coordinates":[[[17.24195644363499,44.506592642336614],[17.24218549376559,44.50567788432693],[17.251026388856815,44.497089190613735],[17.25975296212954,44.48037702338098],[17.258085767444243,44.4761285567875],[17.249035282652244,44.468990434461034],[17.24593906343705,44.464231201508824],[17.244416421280846,44.45103403449315],[17.250255578132453,44.44822493373374],[17.259566315033453,44.44061085061031],[17.265152756994212,44.438072603168166],[17.29105353319403,44.435655121186926],[17.298170321802957,44.4338080980653],[17.314096759457925,44.434813814406084],[17.324064326107816,44.44077039393858],[17.3249423782882,44.44158303213129],[17.32698959049725,44.443477730113216],[17.338148931527996,44.45755385222856],[17.346166321918247,44.45863649028183],[17.35288359480211,44.45708985871005],[17.36994086517882,44.44689556218049],[17.389578054883373,44.44048998442531],[17.409723103438523,44.4211481320807],[17.42411242344963,44.41643258459618],[17.434682649184936,44.404325189056294],[17.465668779490613,44.376608540451855],[17.49047935343947,44.369638603039164],[17.4980463012958,44.36962392430473],[17.500460462980016,44.36961924153485],[17.511633346901476,44.36489954008175],[17.5204362258512,44.35436960577272],[17.56377347156848,44.35400647122174],[17.579347794964804,44.357395642794756],[17.596445693114276,44.34952762170241],[17.605079285480713,44.34771177537817],[17.609142151788944,44.35098025973127],[17.61209886187305,44.3512079473889],[17.612483742031145,44.36062189048789],[17.608196670240204,44.36436795082034],[17.604624109814893,44.38258401294189],[17.600813379234125,44.385988256253086],[17.58104521226676,44.39483836040205],[17.57234721944866,44.400460885861264],[17.565030615870285,44.40187664269297],[17.559695591978027,44.40122322047529],[17.555427574123314,44.398064912066104],[17.551311985060124,44.39860946055819],[17.543385663617528,44.405361435581824],[17.540489509383406,44.41788319735173],[17.53576420245605,44.421367037858545],[17.529362174324945,44.42121054143337],[17.472201210217747,44.461001501318265],[17.471963040062292,44.48088681847196],[17.423881143000415,44.518721581136106],[17.420832558176073,44.52382956578191],[17.4214422742416,44.53643459218273],[17.418241261525054,44.5414323819989],[17.40360805436825,44.553381878171194],[17.402004499308248,44.5591211095516],[17.39371234804645,44.569199237055216],[17.38532264282577,44.57058918604213],[17.379566915181044,44.569616224808954],[17.36961633492598,44.56359132198196],[17.367177466167163,44.560115967478],[17.353916123530325,44.55816098973793],[17.337301336687403,44.54892826182987],[17.32724100766643,44.54708153998115],[17.321296266809327,44.55066629881071],[17.315199097160644,44.55859543513128],[17.311693225062356,44.55924709647638],[17.300261032420735,44.55642317668833],[17.296297872149125,44.55816098973793],[17.28471324981666,44.57173586931498],[17.275719925933856,44.574884788802024],[17.270946985515025,44.578684982026346],[17.274043203830843,44.60073477129271],[17.278330276521103,44.60514372460324],[17.280473811517254,44.61429971336116],[17.29309685853326,44.62735297895688],[17.29333502868866,44.632098893848934],[17.276901251091942,44.6348106699765],[17.273090520511175,44.63616651127552],[17.271899667036053,44.63870862760115],[17.272089128001912,44.63951747378703],[17.271281185278553,44.63928075740108],[17.259714855156517,44.64867265002283],[17.240884229623532,44.64975301548935],[17.238793942586426,44.64243686337062],[17.22188382377948,44.636505466654],[17.21950211682929,44.6334547981005],[17.219740288783328,44.61769045425109],[17.23117248052563,44.60090435195434],[17.230696140214775,44.595477503683924],[17.22545638420479,44.58937169424837],[17.22545638420479,44.5815688919908],[17.254275036863532,44.553571963375475],[17.2611819875587,44.53795570459215],[17.2611819875587,44.53320209779861],[17.251416989602433,44.51520278757863],[17.241423346210524,44.508721674865455],[17.24195644363499,44.506592642336614]]]}},{"type":"Feature","properties":{"shapeName":"Mrkonjić Grad","shapeISO":"","shapeID":"43093233B84847829539290","shapeGroup":"BIH","shapeType":"ADM3"},"geometry":{"type":"Polygon","coordinates":[[[16.97309510664723,44.52647007492016],[16.97033660814799,44.52093895586819],[16.97145544391367,44.51410092651662],[16.980086460621692,44.503158410232516],[16.98931685299044,44.48431052670952],[16.986569711922698,44.47308441281547],[16.98032621088595,44.47130229106796],[16.97383296901637,44.47290620405812],[16.959348045675824,44.48466687587569],[16.951356363305592,44.48769575655399],[16.944863122335278,44.486804925007334],[16.930128459061166,44.47789586939888],[16.924634177825112,44.47647029376907],[16.917891196021912,44.469163674464085],[16.913895354387137,44.46880722996974],[16.90190783128145,44.476292094904295],[16.89866121124595,44.47647029376907],[16.896413550045338,44.47433186602285],[16.89691302991247,44.4616778958183],[16.91364561445357,44.44215688773022],[16.915206489487957,44.42711056440106],[16.926522835960156,44.418192396861684],[16.926522835960156,44.41150287795551],[16.91364561445357,44.38390052508919],[16.908962988451208,44.37776490132916],[16.883067440909713,44.36300419368865],[16.87571509377659,44.36403260532052],[16.86388740448018,44.37180224237966],[16.859731729935447,44.37180224237966],[16.857014557875573,44.366432162014746],[16.85397771909652,44.34723295563646],[16.850781045608812,44.3432323305077],[16.84418665968667,44.33982131260353],[16.843268865565733,44.314648487237946],[16.831236272036392,44.30312729948531],[16.814164197919467,44.28261542016554],[16.79413294867669,44.2714812268772],[16.795383775241078,44.27042566471272],[16.79978521471594,44.264728149284736],[16.80604880121126,44.26036372140868],[16.82433170184663,44.25066383256984],[16.829410284956737,44.246177093298286],[16.837366732788553,44.24302404502373],[16.846000325154932,44.23999210754977],[16.883243270960236,44.23780901587344],[16.891538291059362,44.232229637188084],[16.894416154881696,44.2117269399464],[16.896632461219156,44.20722573418033],[16.906692884668928,44.20722573418033],[16.918115940198504,44.206679844799055],[16.924969772437123,44.20558805074802],[16.960571628178172,44.1928944573134],[16.963808161417546,44.19275795281732],[16.9683773820106,44.19562449327577],[16.969329303604525,44.216505082943286],[16.96799661445226,44.22046200641654],[16.971042762113825,44.229739268752326],[16.974279294453936,44.23410453389715],[16.98817734540819,44.2451526629651],[16.996363867698392,44.255653282073354],[17.011784993382776,44.26737902961855],[17.013308066314266,44.28441809861641],[17.02111382104607,44.28946071513997],[17.035583024237212,44.29273136955709],[17.0430080105113,44.2991358744211],[17.043579162748188,44.30322349097139],[17.041294552002,44.30649338006549],[17.02872919109933,44.31657438899691],[17.027777269505407,44.32597268928822],[17.031584954981724,44.33046699635486],[17.0536695291255,44.34449246685392],[17.06585412067119,44.358242340111985],[17.072517569130582,44.35742560640665],[17.082417550829348,44.34558168344796],[17.086796388542552,44.34394785091263],[17.09985674888992,44.34855514160654],[17.1063145817526,44.34585398377436],[17.107241203618685,44.34419730216382],[17.111974706067883,44.34622839582386],[17.119114116223557,44.35750217558501],[17.137260114862443,44.369837033952024],[17.147374278200402,44.37090026193761],[17.16076067066848,44.36409526738271],[17.165222802690266,44.36452060264372],[17.174742015031995,44.37345193176128],[17.17771676911366,44.381106271237456],[17.185451128466866,44.39216077470007],[17.19512502869719,44.40110489037846],[17.196076950291058,44.40572944715632],[17.189223117153176,44.41280159341886],[17.18865196401697,44.4176971932709],[17.190936574763157,44.419192989764724],[17.219874982044814,44.41810514193878],[17.22498821603341,44.4158639882325],[17.226894094386978,44.4182463022251],[17.228079096872875,44.42247808909258],[17.226555522119725,44.42912742179311],[17.21859907428791,44.438918697939584],[17.21859907428791,44.44544530375782],[17.225539804418474,44.45160865091856],[17.24246841688398,44.451971180225826],[17.244416421280846,44.45103403449315],[17.24593906343705,44.464231201508824],[17.249035282652244,44.468990434461034],[17.258085767444243,44.4761285567875],[17.25975296212954,44.48037702338098],[17.251026388856815,44.497089190613735],[17.24218549376559,44.50567788432693],[17.24195644363499,44.506592642336614],[17.217759081416546,44.495862258136754],[17.21008706666487,44.49495017561014],[17.20625105973869,44.492099822948546],[17.18834969108542,44.49107366231971],[17.177481004644676,44.49871242643741],[17.17156715909715,44.500992460533666],[17.168210652699486,44.500650460950055],[17.15718213244952,44.49141571856063],[17.153985458961813,44.490389545341316],[17.15046911875487,44.491643754255904],[17.147751946695053,44.49723035629597],[17.158780468743714,44.50566625159627],[17.16533364772971,44.51752004101712],[17.15606329668384,44.52902958614652],[17.156542797212353,44.549991627411714],[17.135444756870072,44.56753014210244],[17.12825224354623,44.56946588784052],[17.110350875792335,44.568327221124434],[17.08396833636965,44.55357948080842],[17.083219115669692,44.53560239733281],[17.067984971629187,44.52509836349873],[17.04936475238145,44.5170824057285],[17.03013356970854,44.50052278150122],[17.025223479979672,44.501179418795175],[17.015409693802383,44.51056762959246],[17.008536847197774,44.513531054015004],[16.993032984784463,44.51467079272294],[16.98328313321008,44.52173667340878],[16.97513161703057,44.52492743475335],[16.97309510664723,44.52647007492016]]]}},{"type":"Feature","properties":{"shapeName":"Ribnik","shapeISO":"","shapeID":"43093233B1525260622948","shapeGroup":"BIH","shapeType":"ADM3"},"geometry":{"type":"Polygon","coordinates":[[[16.648237728188633,44.457849092461686],[16.637232937450165,44.447731319245065],[16.63710367969111,44.44357874196544],[16.6407229140313,44.43924129105278],[16.656104660201947,44.42918085771049],[16.680793009090166,44.417272234825816],[16.686201179341026,44.41138164664574],[16.687111158353332,44.407304053039695],[16.678176819204907,44.38838975368424],[16.679758942521232,44.37571153595866],[16.678337100876547,44.37016788014358],[16.67368379816878,44.363422389231914],[16.673554540409782,44.338836360709536],[16.67820784221817,44.33125512982042],[16.67882316911255,44.32751364998712],[16.683756508156364,44.32710402293236],[16.690148751663628,44.3249338545138],[16.691294413306593,44.324968004469895],[16.6953492216893,44.325088869755575],[16.704991758962535,44.32586393697119],[16.719726423135967,44.32121337989361],[16.763930413857565,44.285779537295866],[16.790643764398283,44.274425718771965],[16.79413294867669,44.2714812268772],[16.814164197919467,44.28261542016554],[16.831236272036392,44.30312729948531],[16.843268865565733,44.314648487237946],[16.84418665968667,44.33982131260353],[16.850781045608812,44.3432323305077],[16.85397771909652,44.34723295563646],[16.857014557875573,44.366432162014746],[16.859731729935447,44.37180224237966],[16.86388740448018,44.37180224237966],[16.87571509377659,44.36403260532052],[16.883067440909713,44.36300419368865],[16.908962988451208,44.37776490132916],[16.91364561445357,44.38390052508919],[16.926522835960156,44.41150287795551],[16.926522835960156,44.418192396861684],[16.915206489487957,44.42711056440106],[16.91364561445357,44.44215688773022],[16.89691302991247,44.4616778958183],[16.896413550045338,44.47433186602285],[16.89866121124595,44.47647029376907],[16.90190783128145,44.476292094904295],[16.913895354387137,44.46880722996974],[16.917891196021912,44.469163674464085],[16.924634177825112,44.47647029376907],[16.930128459061166,44.47789586939888],[16.944863122335278,44.486804925007334],[16.951356363305592,44.48769575655399],[16.959348045675824,44.48466687587569],[16.97383296901637,44.47290620405812],[16.98032621088595,44.47130229106796],[16.986569711922698,44.47308441281547],[16.98931685299044,44.48431052670952],[16.980086460621692,44.503158410232516],[16.97145544391367,44.51410092651662],[16.97033660814799,44.52093895586819],[16.97309510664723,44.52647007492016],[16.972574278779973,44.526864597822964],[16.965092067744763,44.54681647649926],[16.96284440654415,44.55891813886109],[16.96708998721317,44.58453688047268],[16.969837127381595,44.59129550058691],[16.97383296901637,44.59520802632943],[16.97097594248578,44.61317380712558],[16.96474243021902,44.6154493607994],[16.949398401614985,44.615221808939395],[16.93916904861277,44.61442537293266],[16.929259363229107,44.61180843211349],[16.92430451963793,44.61226356011525],[16.92126768085882,44.6154493607994],[16.91918984313679,44.630124538416794],[16.9182666189094,44.63120390203852],[16.918044545719283,44.630987337195904],[16.91301126235993,44.6315970226845],[16.90615742832273,44.64234166653472],[16.90048159824721,44.64439892417107],[16.89448449436395,44.64409415022493],[16.87799245868507,44.63594084169654],[16.87167408099407,44.63449293859827],[16.85159128171233,44.638097738819624],[16.852880113626384,44.63383592358906],[16.85418023023351,44.62304117491033],[16.867073060373514,44.61756592782535],[16.873790334156638,44.612707177694176],[16.887874938677555,44.59712558597704],[16.88668316519596,44.58640117237627],[16.876932284797135,44.572819218732036],[16.876823941671603,44.56950041910909],[16.878015716052516,44.56494640695115],[16.88375790080653,44.55877090815096],[16.89502558496281,44.55437046512492],[16.898059192477774,44.55174547987008],[16.884407959559724,44.53568417448514],[16.879424176684438,44.53390789293496],[16.86913158065795,44.535915859629256],[16.860897503117314,44.53545248844165],[16.84041388319423,44.52310422927684],[16.826193849766412,44.516948431924675],[16.81705239854938,44.51525849068685],[16.802663078538274,44.51767267665275],[16.78336446110103,44.513930646182416],[16.76101869325811,44.52358700963282],[16.753570103377626,44.52431117342195],[16.743920795108636,44.52213865777287],[16.730377905316118,44.52129376899228],[16.666726324460342,44.527449106790925],[16.659404925696833,44.52671738599861],[16.659586557273826,44.51817051255915],[16.66424793769221,44.510168901673524],[16.664837678915774,44.48950595513577],[16.65857672653476,44.4730787039191],[16.657794107711936,44.46317869164335],[16.6533760973291,44.45957499399083],[16.648237728188633,44.457849092461686]]]}},{"type":"Feature","properties":{"shapeName":"Lopare","shapeISO":"","shapeID":"43093233B10159844232387","shapeGroup":"BIH","shapeType":"ADM3"},"geometry":{"type":"Polygon","coordinates":[[[18.801873575904835,44.752874101658506],[18.804302155520134,44.75077218638734],[18.816490756243468,44.742115487739625],[18.82495506202656,44.72924827748608],[18.822923628422757,44.72106949656006],[18.818522188947895,44.71433316164615],[18.807349305925754,44.70506942061735],[18.791267123678892,44.701941069524764],[18.775523515497866,44.694480473694966],[18.758878740761304,44.68962643780992],[18.749737008955833,44.68514630046144],[18.737833653400457,44.674760618307914],[18.736208507416734,44.66844268308341],[18.73696690839614,44.66150757101764],[18.741497004882945,44.65078059434899],[18.740312002397047,44.62006262748832],[18.74369772506998,44.615363151788074],[18.758256330765107,44.603552534322034],[18.77687780366773,44.59451217409759],[18.780544334984103,44.59336492055315],[18.78805068848851,44.591016190944515],[18.791896869444997,44.58385479776075],[18.79503881918623,44.56456045749917],[18.800239288312582,44.559156896273805],[18.808798395229815,44.55483368522647],[18.819524363758433,44.55282637054063],[18.83295891042542,44.55267195874393],[18.840529384523506,44.554235358175276],[18.850347980275103,44.5498924789548],[18.854410847482654,44.54337755263202],[18.85787205651544,44.53797367032579],[18.85796585494029,44.537827225646026],[18.87591018420767,44.53493119282035],[18.88112762620408,44.53380842299695],[18.88488234794204,44.533000423930446],[18.904519538545912,44.530224831910516],[18.914845991349466,44.53058687288592],[18.92517244415302,44.53372446900909],[18.935498898755213,44.55134014103476],[18.935364545437494,44.55254365606493],[18.934313894470677,44.56195523214831],[18.934313894470677,44.573412531163456],[18.952596796904686,44.59523545475247],[18.95383747821711,44.59666033250841],[18.948853290646923,44.601703659496366],[18.94557989779412,44.60986044120642],[18.93903311118919,44.63519741892577],[18.943943201817376,44.64538733755563],[18.943124852929657,44.649753896824905],[18.936168892780245,44.65266475497452],[18.921847798936824,44.64917170810787],[18.910390923502348,44.6544111988178],[18.90670835620574,44.658194980314136],[18.896888177647327,44.663142631127585],[18.900308873156007,44.667798857531295],[18.91968735938417,44.67990329520097],[18.92047297384869,44.68306865429503],[18.91575928796084,44.69014353719456],[18.913926187243817,44.70652415946245],[18.917330516889876,44.717131861746054],[18.925186659736596,44.726621316420676],[18.928590987584073,44.7472694538223],[18.927766187859334,44.748888864829325],[18.924139173484093,44.756010137457906],[18.916806774213285,44.75935728371172],[18.91104560207293,44.766050993458634],[18.90834885181812,44.76877170884734],[18.906720257833683,44.768322067609404],[18.890130218534807,44.7742109012122],[18.84679297191815,44.777095008128185],[18.82461648975925,44.773850377393046],[18.818332589377576,44.763216323174845],[18.805873130840382,44.755984817045714],[18.801873575904835,44.752874101658506]]]}},{"type":"Feature","properties":{"shapeName":"Ugljevik","shapeISO":"","shapeID":"43093233B70226780521700","shapeGroup":"BIH","shapeType":"ADM3"},"geometry":{"type":"Polygon","coordinates":[[[18.95383747821711,44.59666033250841],[18.957844665698815,44.601262442208],[18.95987609930262,44.607529847224725],[18.968001832818402,44.61548365554631],[18.975788994966194,44.61692968535675],[19.007276213126772,44.615363151788074],[19.029283408702383,44.60704776294398],[19.032838417059338,44.60258829651275],[19.032838417059338,44.57920062450927],[19.03013211780302,44.57287485079377],[19.027421260782603,44.56653842281003],[19.03010061455177,44.57280121340534],[19.051670561547212,44.5714319928922],[19.056646119223046,44.57292438095544],[19.0711118977959,44.58028875652093],[19.077648208198298,44.58947986020746],[19.077981017609943,44.59374590405031],[19.077983404410645,44.59377650078494],[19.078653795036644,44.59878884702772],[19.083011335904473,44.60451671367542],[19.09792753183018,44.617640943874505],[19.105637027626756,44.62241265581946],[19.120720822108296,44.62778036287352],[19.124575569107265,44.634698009205806],[19.127914116043655,44.65279448667627],[19.12340908995759,44.65561767711415],[19.113755460446214,44.65737256379282],[19.091552114638432,44.6559228782383],[19.063985642023795,44.65836443237271],[19.062054916301406,44.661568816647616],[19.064092905063546,44.66751934554139],[19.07524820903768,44.675757530285864],[19.077393459940254,44.68002872094877],[19.07213759617315,44.685901094260146],[19.054975589851665,44.694975409287736],[19.04412866520579,44.69513267193531],[19.036754365621505,44.6928689983057],[19.030385651976303,44.694417837713104],[19.021838168796478,44.7007319049535],[19.004240407668703,44.703352636415104],[18.99669851132728,44.714072575888736],[18.99150298127762,44.73253004122847],[18.96418455337448,44.75562334444186],[18.953793495073796,44.75728951389999],[18.927766187859334,44.748888864829325],[18.928590987584073,44.7472694538223],[18.925186659736596,44.726621316420676],[18.917330516889876,44.717131861746054],[18.913926187243817,44.70652415946245],[18.91575928796084,44.69014353719456],[18.92047297384869,44.68306865429503],[18.91968735938417,44.67990329520097],[18.900308873156007,44.667798857531295],[18.896888177647327,44.663142631127585],[18.90670835620574,44.658194980314136],[18.910390923502348,44.6544111988178],[18.921847798936824,44.64917170810787],[18.936168892780245,44.65266475497452],[18.943124852929657,44.649753896824905],[18.943943201817376,44.64538733755563],[18.93903311118919,44.63519741892577],[18.94557989779412,44.60986044120642],[18.948853290646923,44.601703659496366],[18.95383747821711,44.59666033250841]]]}},{"type":"Feature","properties":{"shapeName":"Istočna Ilidža","shapeISO":"","shapeID":"43093233B7218490296517","shapeGroup":"BIH","shapeType":"ADM3"},"geometry":{"type":"Polygon","coordinates":[[[18.378183320603796,43.733188025007394],[18.389491979671163,43.744718424515725],[18.38379365755128,43.75573543883951],[18.384128851964988,43.760335350595994],[18.393514324326645,43.770018218865744],[18.401056222466764,43.77485906439438],[18.404910969465732,43.775343127183646],[18.409353155423844,43.77664616388938],[18.410274096272587,43.7769163049436],[18.41228526904996,43.78103057470133],[18.412117671393446,43.78720144828827],[18.40993890095956,43.79095206008958],[18.40524616477876,43.79494438807308],[18.39803946285099,43.79591218539912],[18.366610065702048,43.82674842210207],[18.361618953352092,43.82399487246545],[18.351123213065875,43.815322664109715],[18.350432592784248,43.81464434149879],[18.345028913153897,43.80933688359033],[18.33487174603431,43.80225089945952],[18.338088182123954,43.7917425488796],[18.324376006647412,43.7855099791023],[18.32556101003263,43.78196567897294],[18.329116017490264,43.776465487392386],[18.352646788718403,43.7699868352243],[18.36111109540076,43.76436328453798],[18.36398895832383,43.75825013033932],[18.36585110624361,43.74602194775474],[18.374992556561267,43.7348921305674],[18.378183320603796,43.733188025007394]]]}},{"type":"Feature","properties":{"shapeName":"Istočno Novo Sarajevo","shapeISO":"","shapeID":"43093233B18142755687930","shapeGroup":"BIH","shapeType":"ADM3"},"geometry":{"type":"Polygon","coordinates":[[[18.409353155423844,43.77664616388938],[18.41396124651436,43.7729227727678],[18.4256930860671,43.764934908019654],[18.431056213773275,43.76190892315833],[18.444464030790414,43.76069848604635],[18.46323497461441,43.75621965721149],[18.469755018079695,43.75632917665024],[18.47044167654218,43.756340710455504],[18.47293585090887,43.7994476523873],[18.46268276569714,43.80041818095435],[18.43728984834786,43.81251308670966],[18.424762675357215,43.82338419502463],[18.42120766700026,43.83339851922631],[18.42277187132487,43.840544300179374],[18.421825097450323,43.8410678333139],[18.419521576659463,43.84234159978507],[18.412154245022464,43.84335744159273],[18.410929617507918,43.843004132135036],[18.399153070857608,43.839606556397484],[18.389551163155716,43.83449755012191],[18.370252545718472,43.828757943724156],[18.366610065702048,43.82674842210207],[18.39803946285099,43.79591218539912],[18.40524616477876,43.79494438807308],[18.40993890095956,43.79095206008958],[18.412117671393446,43.78720144828827],[18.41228526904996,43.78103057470133],[18.410274096272587,43.7769163049436],[18.409353155423844,43.77664616388938]]]}},{"type":"Feature","properties":{"shapeName":"Trnovo (RS)","shapeISO":"","shapeID":"43093233B69491988207899","shapeGroup":"BIH","shapeType":"ADM3"},"geometry":{"type":"MultiPolygon","coordinates":[[[[18.505681440945807,43.63622343406428],[18.487737111678427,43.64124647954145],[18.470300641261645,43.64394159842607],[18.454895605347986,43.664028677581484],[18.447954873418723,43.66525328261298],[18.43728984834786,43.66206925808984],[18.42831768461349,43.656435572044074],[18.410881214196706,43.639408829154206],[18.399031185740682,43.62311253361656],[18.38413400687898,43.60865046834448],[18.375500414512544,43.59639175737374],[18.371903219857757,43.582417034718446],[18.377760139219106,43.58091961584762],[18.384464047278016,43.58116243190074],[18.395860692417045,43.58383333833797],[18.40926851033356,43.575213168353116],[18.412955660575335,43.576670185180944],[18.423514316532533,43.58759668723735],[18.425190293097614,43.59463716117608],[18.430542945500576,43.60361105250814],[18.4541846984651,43.60252636759782],[18.470609275098013,43.60907969137469],[18.482508713206585,43.61211339511715],[18.50645423647387,43.62854582912678],[18.507249988057257,43.636464966393994],[18.505681440945807,43.63622343406428]]],[[[18.378183320603796,43.733188025007394],[18.374992556561267,43.7348921305674],[18.378215353555788,43.7331709163048],[18.382779717809797,43.73073320587281],[18.398861899157396,43.72522830274403],[18.408687265904632,43.70723720063637],[18.42049666478931,43.70339944362945],[18.441081857741608,43.70308614590897],[18.459175157907282,43.70684560344188],[18.479001948980795,43.70802038603205],[18.55003440436434,43.70577359447583],[18.556133384348243,43.703664925296096],[18.55910087010909,43.7064457927392],[18.568151146258458,43.72219382288665],[18.5587656738968,43.7303085001372],[18.54770422497006,43.734547073288866],[18.516195853855606,43.73539475176642],[18.50329082980801,43.73878534606695],[18.47714558550041,43.749077046368654],[18.469755018079695,43.75632917665024],[18.46323497461441,43.75621965721149],[18.444464030790414,43.76069848604635],[18.431056213773275,43.76190892315833],[18.4256930860671,43.764934908019654],[18.41396124651436,43.7729227727678],[18.409353155423844,43.77664616388938],[18.404910969465732,43.775343127183646],[18.401056222466764,43.77485906439438],[18.393514324326645,43.770018218865744],[18.384128851964988,43.760335350595994],[18.38379365755128,43.75573543883951],[18.389491979671163,43.744718424515725],[18.378183320603796,43.733188025007394]]]]}},{"type":"Feature","properties":{"shapeName":"Istočni Mostar","shapeISO":"","shapeID":"43093233B93740576055705","shapeGroup":"BIH","shapeType":"ADM3"},"geometry":{"type":"Polygon","coordinates":[[[17.979465114323602,43.34507753539998],[18.000665274482856,43.351386838931546],[18.009715551531542,43.361379349177696],[18.018933426236686,43.36759337313572],[18.031838449384963,43.368689899419394],[18.03452001368771,43.3705173991587],[18.03535800107096,43.37429405802442],[18.02781610472948,43.38671882341504],[18.026307724921594,43.394391671838264],[18.03368202450588,43.406934076646394],[18.039212749868568,43.41009971003365],[18.03971554283811,43.41423913562767],[18.02865409301205,43.4272643037047],[18.030832863445937,43.43249792723759],[18.039547945181596,43.438582967729815],[18.042229507685704,43.44308550359318],[18.040218335807594,43.44612756743334],[18.029659679850397,43.4496561698964],[18.025134541326054,43.453792891229],[18.024464149800735,43.46328194480594],[18.02580493195211,43.46790427845974],[18.02865409301205,43.47094509404093],[18.030330070476396,43.47532359990424],[18.03057782017793,43.47837983756006],[18.019999563529097,43.4787038915714],[18.008488107340327,43.47907240676619],[18.00816772699058,43.47892258434911],[18.00087023267514,43.47550998979426],[17.989528062170393,43.46678732227713],[17.975646600110565,43.45892355677677],[17.96989087246584,43.45253349412553],[17.968536583396656,43.44208674620643],[17.974800169891978,43.42967120516204],[17.9556708381387,43.40704624728653],[17.9477672929263,43.38803444163625],[17.94644474542872,43.37957600033218],[17.949089840423824,43.37323139481305],[17.954909051211814,43.36746299482138],[17.964431394992914,43.36265557709328],[17.971837662777943,43.35669384804271],[17.97845040206448,43.34630750398816],[17.979465114323602,43.34507753539998]]]}},{"type":"Feature","properties":{"shapeName":"Osmaci","shapeISO":"","shapeID":"43093233B36601123912361","shapeGroup":"BIH","shapeType":"ADM3"},"geometry":{"type":"Polygon","coordinates":[[[18.850300932242305,44.37072457937592],[18.850888496207176,44.36837250508711],[18.850050507924664,44.36609609525863],[18.84435218490546,44.35591107433669],[18.848039335147234,44.35123735432052],[18.877871728797288,44.34440586304021],[18.89530189226855,44.33469658437991],[18.900329822863057,44.33661459368858],[18.9187655722734,44.350278596979706],[18.92664266482717,44.35471271961637],[18.936195733946022,44.357229235840634],[18.94524601099465,44.363579960346954],[18.948933161236425,44.363579960346954],[18.955301874881684,44.35698957191124],[18.964352151030994,44.35327466319518],[18.974408014918026,44.352555621045155],[18.986307452127278,44.35698957191124],[18.998039292579335,44.35171672804461],[19.00225004155773,44.34922484869725],[19.00289962641665,44.34884043084128],[19.01882140918076,44.34848088368591],[19.023681743917393,44.34991905881759],[19.02552531813899,44.3521960972721],[19.019324203049564,44.36393941487216],[19.01965939836259,44.36885173671834],[19.023849341573907,44.376758513194886],[19.032396824753732,44.38382578782989],[19.031726433228357,44.388257372579744],[18.98777393162169,44.40291963233523],[18.95687310381072,44.42592725623791],[18.94461218500436,44.42792920916571],[18.94281882982517,44.42374998317524],[18.935884870690302,44.41307101411604],[18.930251029061765,44.40865956698548],[18.921691922144532,44.405950618326415],[18.91074926736485,44.40602801847831],[18.89287265345024,44.41446403428779],[18.88572200716493,44.413535357470835],[18.869145510756766,44.40393817480697],[18.86806208040076,44.39913899307015],[18.87402095140584,44.391087868210604],[18.873912608280307,44.38334535740239],[18.863511668228966,44.38094497153327],[18.854844219085464,44.37250412186779],[18.850300932242305,44.37072457937592]]]}},{"type":"Feature","properties":{"shapeName":"Zvornik","shapeISO":"","shapeID":"43093233B30286487293436","shapeGroup":"BIH","shapeType":"ADM3"},"geometry":{"type":"Polygon","coordinates":[[[19.027421260782603,44.56653842281003],[19.025389828078175,44.56267891749809],[19.028775549851787,44.55713043052498],[19.034869850663142,44.55194332352562],[19.034869850663142,44.54422212125394],[19.02403553900899,44.5396371724176],[19.013878370990085,44.53275907287298],[19.01032336353245,44.528293906538636],[19.01100050806707,44.52382839846189],[19.026574830564016,44.51682772312097],[19.0259082665533,44.51040718334491],[19.010831221483727,44.49286215036801],[18.99601868591367,44.4949376444568],[18.987554380130575,44.487956142661915],[18.994431628916573,44.46757292574995],[18.98517379463499,44.46417502985378],[18.972212824662165,44.46304235442119],[18.96454204827694,44.455113009457875],[18.963522992085643,44.44885691892986],[18.96321950077936,44.44699375465808],[18.94920049370785,44.437551341721075],[18.945310721712474,44.4329570938948],[18.944877349210344,44.42854714683341],[18.94461218500436,44.42792920916571],[18.95687310381072,44.42592725623791],[18.98777393162169,44.40291963233523],[19.031726433228357,44.388257372579744],[19.032396824753732,44.38382578782989],[19.023849341573907,44.376758513194886],[19.01965939836259,44.36885173671834],[19.019324203049564,44.36393941487216],[19.02552531813899,44.3521960972721],[19.023681743917393,44.34991905881759],[19.01882140918076,44.34848088368591],[19.00289962641665,44.34884043084128],[19.00225004155773,44.34922484869725],[18.99820689023585,44.34500514876868],[18.99468733854991,44.34176893388923],[18.99150298127762,44.32834272933354],[18.987480636622138,44.321268760145244],[18.97759237039162,44.31923033970844],[18.97323483042311,44.31659227831102],[18.973067232766653,44.31239511804034],[18.98429627934985,44.2994419901558],[19.007089568728645,44.292844390955906],[19.015972248120818,44.28840558914669],[19.017856317914777,44.28705689116265],[19.01798342089819,44.2869659058519],[19.031223640258816,44.285166251821124],[19.034430210785672,44.28563885095224],[19.03692196327802,44.286006097203654],[19.042620285397902,44.28828561688778],[19.0525085507291,44.298002576657666],[19.0595476550003,44.30076142060312],[19.06424039118116,44.29968188880815],[19.0670895522411,44.296323216843064],[19.06155882777773,44.29128484961615],[19.064407988837672,44.28408643314242],[19.071708544913463,44.27731431600296],[19.089406864635123,44.26971095279828],[19.098738705926564,44.24904634341408],[19.10292194469207,44.24535821470988],[19.104234814568017,44.245452262857796],[19.106139819696978,44.24558872893675],[19.11643702384964,44.25465492938156],[19.12759232872304,44.253502524621865],[19.142930871462625,44.247740157282465],[19.147757685768624,44.247740157282465],[19.15397891329627,44.24958417666846],[19.161380027965947,44.25911068521003],[19.166421367452187,44.25941796646606],[19.17714762196522,44.258265654336526],[19.19345152756597,44.24758648652721],[19.202247055457292,44.24520453676001],[19.207610183163467,44.24535821470988],[19.21147163370898,44.24712547156332],[19.219603475420115,44.256724401609915],[19.228941995077037,44.2582753166526],[19.21871457651656,44.2750317629056],[19.20686454806048,44.28509119530247],[19.199585244763284,44.287514897894255],[19.192983086000652,44.28448525459089],[19.186042354970766,44.2763650402145],[19.176054473535203,44.27406208869451],[19.166066592998902,44.2760014218282],[19.15760228721581,44.27987989743934],[19.13627223617482,44.30157039765578],[19.13390223030376,44.30787004786447],[19.1350872327896,44.320588432909915],[19.133732943720418,44.324463964140705],[19.12763864380844,44.328460337274805],[19.110371459974942,44.333546237269104],[19.112402892679427,44.36260006084416],[19.10444644574693,44.36889315769315],[19.09970643400476,44.38038841619249],[19.105123590281494,44.3865586233818],[19.1195129102926,44.38704253418564],[19.12763864380844,44.39720372757],[19.141350819284924,44.404460643144205],[19.147614405780246,44.41099109716146],[19.14676797556166,44.428885640859676],[19.14096992582148,44.444727714912176],[19.137531301428453,44.47210314454452],[19.128537976646328,44.493994247536534],[19.127744447248517,44.50248427393018],[19.13567973403252,44.50870950793751],[19.14890521260554,44.513047914829485],[19.171991607226914,44.51549991458944],[19.18282591888112,44.52032816601212],[19.18299520456509,44.52382839846189],[19.177070190337076,44.533603796178284],[19.18028662732604,44.538671874307624],[19.187904501991227,44.54277428200754],[19.190274507862284,44.54760027343394],[19.179778768475444,44.556647928958796],[19.180036837929777,44.56548173829162],[19.16610837909849,44.57068578402175],[19.156419135534748,44.57702825185237],[19.15877597892836,44.5828104870144],[19.151967321434768,44.58952461856637],[19.140183106265397,44.59362731764662],[19.12473269235994,44.601645393320325],[19.112162863625315,44.601645393320325],[19.084142620085913,44.59362731764662],[19.077981017609943,44.59374590405031],[19.077648208198298,44.58947986020746],[19.0711118977959,44.58028875652093],[19.056646119223046,44.57292438095544],[19.051670561547212,44.5714319928922],[19.03010061455177,44.57280121340534],[19.027421260782603,44.56653842281003]]]}},{"type":"Feature","properties":{"shapeName":"Šekovići","shapeISO":"","shapeID":"43093233B27358903985827","shapeGroup":"BIH","shapeType":"ADM3"},"geometry":{"type":"Polygon","coordinates":[[[18.850300932242305,44.37072457937592],[18.846935171820746,44.369406256893285],[18.83631754641766,44.36948370560856],[18.82763675211856,44.368257930624296],[18.827541753249363,44.36824451627149],[18.821907911620883,44.363907144499194],[18.815407324988087,44.35190024460064],[18.80599501685657,44.34722753991906],[18.792113555696062,44.345895871497305],[18.782294959944522,44.342869241822086],[18.767567067666107,44.3308822493164],[18.748268450228863,44.30096462691603],[18.74691416026036,44.29115026337399],[18.758764189615704,44.272365118355594],[18.76181134002138,44.23987082677729],[18.768752070151947,44.23198704326751],[18.78398782128096,44.206994534670116],[18.792621413647396,44.20274718053798],[18.799573734240482,44.20048169747241],[18.803793537641695,44.200159867883656],[18.810162250387577,44.20268301121206],[18.816698561689293,44.20965113199418],[18.831949954726667,44.21613795090576],[18.86965944093049,44.21481661929158],[18.874352177111348,44.21721901784343],[18.884408039199684,44.22766830994459],[18.889938764562373,44.22802859634271],[18.901503007357974,44.223104478988546],[18.90569294966997,44.22394521110266],[18.908206916316203,44.22610703830924],[18.90921250135591,44.23919640988646],[18.92027395208129,44.25252296146556],[18.92613987185763,44.256724401609915],[18.95111193167037,44.25432361554249],[18.96234097915294,44.25876499211074],[18.986139854470764,44.274487170346674],[18.991335383621106,44.27976695877817],[18.99669851132728,44.282166706128635],[19.009435936819102,44.28180674978171],[19.017856317914777,44.28705689116265],[19.015972248120818,44.28840558914669],[19.007089568728645,44.292844390955906],[18.98429627934985,44.2994419901558],[18.973067232766653,44.31239511804034],[18.97323483042311,44.31659227831102],[18.97759237039162,44.31923033970844],[18.987480636622138,44.321268760145244],[18.99150298127762,44.32834272933354],[18.99468733854991,44.34176893388923],[18.99820689023585,44.34500514876868],[19.00225004155773,44.34922484869725],[18.998039292579335,44.35171672804461],[18.986307452127278,44.35698957191124],[18.974408014918026,44.352555621045155],[18.964352151030994,44.35327466319518],[18.955301874881684,44.35698957191124],[18.948933161236425,44.363579960346954],[18.94524601099465,44.363579960346954],[18.936195733946022,44.357229235840634],[18.92664266482717,44.35471271961637],[18.9187655722734,44.350278596979706],[18.900329822863057,44.33661459368858],[18.89530189226855,44.33469658437991],[18.877871728797288,44.34440586304021],[18.848039335147234,44.35123735432052],[18.84435218490546,44.35591107433669],[18.850050507924664,44.36609609525863],[18.850888496207176,44.36837250508711],[18.850300932242305,44.37072457937592]]]}},{"type":"Feature","properties":{"shapeName":"Bratunac","shapeISO":"","shapeID":"43093233B46435536509241","shapeGroup":"BIH","shapeType":"ADM3"},"geometry":{"type":"Polygon","coordinates":[[[19.104234814568017,44.245452262857796],[19.10345825719287,44.23390817412297],[19.098738705926564,44.22852819132305],[19.10120574325049,44.22114912982852],[19.11836774957203,44.21015568763494],[19.125232551740908,44.20784911004847],[19.132097355708424,44.19669938097172],[19.149366624170398,44.188624122805095],[19.15676773973945,44.18285540265475],[19.16792304281421,44.16646916052338],[19.17510963320308,44.148539090007034],[19.179829185368646,44.145460417464335],[19.186908512717764,44.14484466514921],[19.18875619594172,44.14586745601832],[19.19066270112279,44.14692280774142],[19.20353420653845,44.15723547034071],[19.215976660694366,44.163083641996536],[19.230671628792663,44.16731550980296],[19.255127487643506,44.1655458562563],[19.262843686087308,44.16350203269269],[19.282452619093135,44.16446384053387],[19.294016861888736,44.16314135059292],[19.331223555123017,44.145344964298715],[19.352340867936732,44.139211182350266],[19.375154268854487,44.13653136183291],[19.378264882618282,44.1343758703502],[19.37536879403467,44.12583011117073],[19.385344210866663,44.11512692157021],[19.394676051258784,44.11335570230386],[19.40443694291065,44.114664869688056],[19.409156494176898,44.11304765932209],[19.414090571522706,44.105192011102474],[19.420097272970793,44.10288132631223],[19.439511792335395,44.100801634188144],[19.443909557180348,44.097104222681764],[19.45608385508592,44.07217917672767],[19.45625145274238,44.06748288552677],[19.453737486995465,44.06495395865829],[19.43731291036255,44.06037753179771],[19.428095035657407,44.052187252140016],[19.427927438000893,44.04375489836991],[19.430776599960154,44.03773105404497],[19.43379335867661,44.036164754300046],[19.43815089954444,44.03568280761556],[19.443011233381753,44.03773105404497],[19.447871566319805,44.04339348512127],[19.451726315117412,44.04459818815593],[19.457257038681462,44.04230923188561],[19.464966534478037,44.03604426762888],[19.47250843171878,44.03435743354879],[19.497815686844547,44.03508036796467],[19.506865962993857,44.0324295640732],[19.510720711791464,44.02953764204858],[19.515453670150805,44.0217962383058],[19.521031323037164,44.01763107951075],[19.527038024485307,44.01847956108293],[19.535833552376573,44.024958477651694],[19.558787736764714,44.020716409734575],[19.569084940018,44.02156484813929],[19.58335085775593,44.02904600157177],[19.5977226715641,44.02957405379959],[19.619963307760486,44.04571076733811],[19.622780229024386,44.04937080032221],[19.620396680262616,44.051862608572605],[19.59948645883304,44.055288673033886],[19.589959036580296,44.06691342941127],[19.580648299679353,44.068616320886576],[19.57438471318403,44.06618360438989],[19.57929401061017,44.05450517287551],[19.57895543834286,44.050855190714515],[19.5733689963821,44.04878676799501],[19.566766837619525,44.05012516784228],[19.554916809163444,44.05718168388768],[19.534560153728137,44.07437841842932],[19.496470776804983,44.08995911981759],[19.484567846628863,44.10705516536365],[19.469226292059773,44.12072844336302],[19.481129222235893,44.13325950232422],[19.479542164339477,44.13724609982768],[19.472400406953284,44.14388983065123],[19.46208453377426,44.146736915176575],[19.456794341985358,44.144459258887764],[19.450710622597228,44.13363918979684],[19.44383337381123,44.130221913510525],[19.42108555145711,44.13876473280624],[19.37987496225975,44.17179292670227],[19.36379278091215,44.179441960178394],[19.35735990783354,44.18976051243777],[19.345340593693493,44.199834531838235],[19.346864168446643,44.21585231633139],[19.335119944330017,44.22526225025268],[19.33564896332905,44.24781418677537],[19.334061905432634,44.25558217987373],[19.32427505215196,44.26656929533675],[19.32030740875996,44.26751636418891],[19.30364330579397,44.263538571947606],[19.276927840047847,44.26959986224392],[19.269786082661653,44.26694812485613],[19.252857470196147,44.25368764197117],[19.24598022141015,44.25292980936325],[19.22931611934348,44.25425600990701],[19.228941995077037,44.2582753166526],[19.219603475420115,44.256724401609915],[19.21147163370898,44.24712547156332],[19.207610183163467,44.24535821470988],[19.202247055457292,44.24520453676001],[19.19345152756597,44.24758648652721],[19.17714762196522,44.258265654336526],[19.166421367452187,44.25941796646606],[19.161380027965947,44.25911068521003],[19.15397891329627,44.24958417666846],[19.147757685768624,44.247740157282465],[19.142930871462625,44.247740157282465],[19.12759232872304,44.253502524621865],[19.11643702384964,44.25465492938156],[19.106139819696978,44.24558872893675],[19.104234814568017,44.245452262857796]]]}},{"type":"Feature","properties":{"shapeName":"Trebinje","shapeISO":"","shapeID":"43093233B75285091683358","shapeGroup":"BIH","shapeType":"ADM3"},"geometry":{"type":"Polygon","coordinates":[[[18.462927720338087,42.788118523151354],[18.442620456568875,42.78094005094266],[18.42770425884453,42.77786474096507],[18.421670741411617,42.778971870255646],[18.406586946030757,42.78549122843748],[18.398709854376307,42.79360871427082],[18.39971544031539,42.79951167262567],[18.406922142243104,42.80775027645416],[18.4007813617705,42.81470919717174],[18.369675225031642,42.82407176649889],[18.352835006930093,42.83288230227646],[18.346399254222263,42.838388249518175],[18.330329985340597,42.86784656027061],[18.31457579933374,42.882585183259664],[18.285078600996712,42.897688618035374],[18.272173576949058,42.898916376989234],[18.269172860252482,42.89844108827195],[18.26597246185969,42.8979341716248],[18.261950116304888,42.89621527401573],[18.254240621407575,42.884058851934526],[18.242843976268546,42.87104022732467],[18.23396129777575,42.870671735512246],[18.20848644409415,42.88184833543238],[18.205637283034207,42.88012898996095],[18.20295571963078,42.87337395634307],[18.21016242155855,42.857035999711684],[18.209156835619524,42.84843533782066],[18.20295571963078,42.84536338321362],[18.188709914331127,42.84302859479385],[18.18003505567333,42.838545555333155],[18.170488690101024,42.83744440743351],[18.162658524171604,42.838388249518175],[18.132397081060503,42.846469304714674],[18.084966927181995,42.882093951974355],[18.079101006506278,42.891549456342375],[18.077927822910738,42.905914136728086],[18.080274191001138,42.90984235474093],[18.08010659244536,42.913770322742266],[18.076587039860044,42.91794351428183],[18.071559108366216,42.92003000438126],[18.044743473432618,42.92248460857786],[18.02580493195211,42.92653449047441],[18.01591666662091,42.92984783211182],[17.997648514867137,42.939909482236885],[17.9790451686996,42.94739330215924],[17.9614474084712,42.95303623593361],[17.955892589371558,42.95383790059867],[17.957438185823662,42.94931283761741],[17.962638654950013,42.933053683181015],[17.97581588669385,42.90864698127319],[17.98292590430708,42.876276586595225],[17.99037449238898,42.86213246224338],[17.99934665702267,42.851087867511126],[18.013058832499155,42.847985097634194],[18.025078147538522,42.84239971957146],[18.033711739904902,42.8279995267568],[18.046746770846823,42.820425664912534],[18.066722532818687,42.81334761100351],[18.089237586345575,42.7877605228299],[18.11513836254545,42.770986546092274],[18.117000510465232,42.76663699570082],[18.114122646642898,42.760174242647224],[18.114969076861485,42.75706690961022],[18.154582028537845,42.742025215990964],[18.16677062926118,42.74227386864419],[18.175573507311583,42.73817097171303],[18.196564986984583,42.722254135220226],[18.21603289010585,42.701605904289124],[18.23025292443299,42.689412760190805],[18.23177650008546,42.68082635525212],[18.23804008568146,42.6722387641077],[18.26495657868321,42.65966638129851],[18.279853756645593,42.64995527611518],[18.286963774258822,42.643231314973264],[18.301193804550508,42.62346628484124],[18.313033837041985,42.61832142529357],[18.31625027313163,42.6195671562993],[18.328777446122274,42.61931801171693],[18.355863224808047,42.61296449661427],[18.36585110624361,42.608479271801],[18.371606833888336,42.597887876924005],[18.377376105323037,42.59229489329476],[18.397419581748352,42.59014131197205],[18.405978687766265,42.585993462428405],[18.42656387981924,42.56852160908505],[18.428730742329947,42.56317536075437],[18.439131681481967,42.55719021065977],[18.446932385621153,42.55806806858652],[18.45202451252129,42.56205817614398],[18.461125334166866,42.5642127287345],[18.473801478955124,42.561818777514645],[18.484202418107145,42.56540966972051],[18.495470102263482,42.58264307591725],[18.51616363744199,42.583600347578056],[18.524722743459904,42.58232398206616],[18.527973037225934,42.57969139484203],[18.53349853572888,42.578414949290504],[18.544116161131967,42.58017005540381],[18.553975384656326,42.58535530800111],[18.54942497428317,42.591257992962085],[18.538915692005617,42.596123300050294],[18.529923212586255,42.602981939165204],[18.53013989883732,42.62060358538719],[18.534148594482076,42.6296118227275],[18.54010746638653,42.63590884241921],[18.55007503303642,42.64228492151199],[18.58160287986908,42.64340066810638],[18.588320152752885,42.64770407518296],[18.587020035246496,42.65105096333133],[18.57965270360944,42.656309996309346],[18.563238720990228,42.66539273168928],[18.556636563126915,42.67497696501499],[18.561715146237077,42.68505748561455],[18.56239229077164,42.70620881618396],[18.564762296642698,42.71292596586068],[18.575596608296905,42.72175666803588],[18.575258036029595,42.73394346022258],[18.57170302767264,42.735062535207874],[18.54901868756241,42.72362214884316],[18.54224724221649,42.72461704903765],[18.534121508700707,42.72921825401926],[18.499756426717795,42.742149542767265],[18.476902800024277,42.76427568357599],[18.462927720338087,42.788118523151354]]]}},{"type":"Feature","properties":{"shapeName":"Pale","shapeISO":"","shapeID":"43093233B56649915064424","shapeGroup":"BIH","shapeType":"ADM3"},"geometry":{"type":"Polygon","coordinates":[[[18.469755018079695,43.75632917665024],[18.47714558550041,43.749077046368654],[18.50329082980801,43.73878534606695],[18.516195853855606,43.73539475176642],[18.54770422497006,43.734547073288866],[18.5587656738968,43.7303085001372],[18.568151146258458,43.72219382288665],[18.55910087010909,43.7064457927392],[18.556133384348243,43.703664925296096],[18.557821565612812,43.70308125179838],[18.566624443663216,43.69549308623698],[18.578305185535953,43.688760845036995],[18.62773673296391,43.66562065926604],[18.629190874659173,43.665883630924895],[18.63450817741051,43.66684523102265],[18.64280319750958,43.67125348376135],[18.655499657083567,43.67504921904629],[18.67666042154127,43.665498200381705],[18.683939724838467,43.66513082282927],[18.684167772224953,43.665237357418164],[18.700191191870033,43.67272282939513],[18.714580511881195,43.68484355828366],[18.72829268735768,43.705406464237],[18.747083446843646,43.726818660253],[18.779586382705475,43.752136351111744],[18.797869283340788,43.76008414206956],[18.829017929234112,43.75861693682225],[18.846393456193084,43.754914529581924],[18.865786873865204,43.75554058003377],[18.86885601988945,43.755973548740315],[18.853322014899106,43.77431206794762],[18.837661684838906,43.7776423734968],[18.832084032851867,43.78012061997066],[18.82950973158887,43.78314084377496],[18.82574883873798,43.81623230137967],[18.825398424197942,43.816243294692356],[18.802157784154474,43.81697240385341],[18.75925276790099,43.83345544181526],[18.731149982785553,43.85851950497124],[18.72600138115888,43.86029834329395],[18.720530992211593,43.860066324501304],[18.709804737698562,43.85372411027953],[18.70111647194767,43.8541108502356],[18.698005858183876,43.85681795708308],[18.694466194059657,43.8658665389097],[18.685241616707287,43.86841845514766],[18.67612430059603,43.86826379693673],[18.65477905550904,43.876150865669956],[18.649415927802863,43.880635204651014],[18.64694888957962,43.88465535945733],[18.64930866566243,43.88681994578394],[18.661000282137366,43.891458080526036],[18.66553534198249,43.895140502132506],[18.661004572802824,43.906072025103924],[18.660785756957182,43.913097931824154],[18.667328772704764,43.91958835341984],[18.667221509665012,43.925846303863864],[18.660893019996934,43.94415282159548],[18.654135479968488,43.95318813932124],[18.62683326144588,43.94986966255493],[18.594508506462432,43.92246705541032],[18.58018741261907,43.9236459218219],[18.57568649733406,43.92305649176376],[18.566649928651316,43.92361438259775],[18.5679787327324,43.9206473464979],[18.560584315313974,43.903339532193684],[18.55137514964349,43.88827158736393],[18.53154835946924,43.8685135323737],[18.53674882859559,43.85937419276485],[18.535123682611925,43.85163981092859],[18.505329325787784,43.83194776797518],[18.483504958786853,43.80090691212433],[18.473009220299332,43.79944070782244],[18.47293585090887,43.7994476523873],[18.47044167654218,43.756340710455504],[18.469755018079695,43.75632917665024]]]}},{"type":"Feature","properties":{"shapeName":"Srebrenica","shapeISO":"","shapeID":"43093233B25636025166186","shapeGroup":"BIH","shapeType":"ADM3"},"geometry":{"type":"Polygon","coordinates":[[[19.269724160741475,43.953573095022364],[19.24986322240983,43.97183884108972],[19.245800355202277,43.9882838871917],[19.24156820231076,43.99522598339246],[19.24089105777614,44.00521143485986],[19.244107493865783,44.00642905755501],[19.2588353861442,43.99656559282789],[19.271023986867533,43.985360656169405],[19.28947617408619,43.98852748385633],[19.30623549996841,43.98694409069731],[19.33315199297016,43.975980985334274],[19.353127754941966,43.969645824495274],[19.369040650605598,43.960263670631946],[19.373611375764426,43.95941067446313],[19.385122831953197,43.96172592151413],[19.395957143607347,43.96160406877283],[19.40831503001465,43.94941751760439],[19.420611973863572,43.94672638991102],[19.430796226764528,43.94680439530663],[19.448564497553548,43.95023653199041],[19.48323429502676,43.944152154298536],[19.50804486897556,43.949300514007575],[19.528630061028537,43.95639828015658],[19.543581410553713,43.971137084808674],[19.55106142004854,43.97014213515149],[19.56146235920056,43.97428400870007],[19.55785670012665,43.98102017274283],[19.558342076825454,43.98615910216091],[19.559590190135225,43.98985087491798],[19.56569207403004,43.99394148890866],[19.58240291656142,43.998480743191806],[19.609995741110595,44.00917592343018],[19.61931324900729,44.00948761676017],[19.62007165088602,44.01089021471171],[19.617146387395906,44.014708231599684],[19.5977226715641,44.02957405379959],[19.58335085775593,44.02904600157177],[19.569084940018,44.02156484813929],[19.558787736764714,44.020716409734575],[19.535833552376573,44.024958477651694],[19.527038024485307,44.01847956108293],[19.521031323037164,44.01763107951075],[19.515453670150805,44.0217962383058],[19.510720711791464,44.02953764204858],[19.506865962993857,44.0324295640732],[19.497815686844547,44.03508036796467],[19.47250843171878,44.03435743354879],[19.464966534478037,44.03604426762888],[19.457257038681462,44.04230923188561],[19.451726315117412,44.04459818815593],[19.447871566319805,44.04339348512127],[19.443011233381753,44.03773105404497],[19.43815089954444,44.03568280761556],[19.43379335867661,44.036164754300046],[19.430776599960154,44.03773105404497],[19.427927438000893,44.04375489836991],[19.428095035657407,44.052187252140016],[19.43731291036255,44.06037753179771],[19.453737486995465,44.06495395865829],[19.45625145274238,44.06748288552677],[19.45608385508592,44.07217917672767],[19.443909557180348,44.097104222681764],[19.439511792335395,44.100801634188144],[19.420097272970793,44.10288132631223],[19.414090571522706,44.105192011102474],[19.409156494176898,44.11304765932209],[19.40443694291065,44.114664869688056],[19.394676051258784,44.11335570230386],[19.385344210866663,44.11512692157021],[19.37536879403467,44.12583011117073],[19.378264882618282,44.1343758703502],[19.375154268854487,44.13653136183291],[19.352340867936732,44.139211182350266],[19.331223555123017,44.145344964298715],[19.294016861888736,44.16314135059292],[19.282452619093135,44.16446384053387],[19.262843686087308,44.16350203269269],[19.255127487643506,44.1655458562563],[19.230671628792663,44.16731550980296],[19.215976660694366,44.163083641996536],[19.20353420653845,44.15723547034071],[19.19066270112279,44.14692280774142],[19.18875619594172,44.14586745601832],[19.189053762721016,44.130064650863005],[19.188302925939354,44.12444419654247],[19.185406837355686,44.12144126760046],[19.175645945703877,44.119439231035756],[19.167064942093475,44.12028625480684],[19.15730405134093,44.12575311661311],[19.150439249172052,44.125984099386756],[19.145934222186668,44.12336623946044],[19.142930871462625,44.11343271394867],[19.144325283784895,44.109659075905654],[19.153335337755664,44.1048069025166],[19.155245951939207,44.096858682582194],[19.161447067028575,44.08891420922345],[19.17032974642069,44.08181142845473],[19.176028069439894,44.079042316949426],[19.186419127740578,44.079042316949426],[19.19362582966835,44.08120945914925],[19.200664933939606,44.08012589749222],[19.204687278595088,44.07771791325115],[19.204519680938574,44.07314247294681],[19.18893309348755,44.04688705539337],[19.178374436630975,44.03508036796467],[19.176530861510116,44.03026063581973],[19.17736885069195,44.01869167967732],[19.171670527672745,44.01182154362937],[19.167819915265948,44.00761606375701],[19.16714538914846,44.006879374183825],[19.164128631331323,44.00145456917306],[19.169961030677086,43.98553412010364],[19.178327509107305,43.97326170436423],[19.19570404060903,43.959210920647536],[19.213569957987204,43.935835447947625],[19.217609280943634,43.93461561831617],[19.218765487137546,43.934266457431136],[19.236866040335542,43.941748964343276],[19.25295542165543,43.94536919423297],[19.269724160741475,43.953573095022364]]]}},{"type":"Feature","properties":{"shapeName":"Milići","shapeISO":"","shapeID":"43093233B9839651175697","shapeGroup":"BIH","shapeType":"ADM3"},"geometry":{"type":"Polygon","coordinates":[[[19.034430210785672,44.28563885095224],[19.036083974096186,44.27460717138388],[19.0409443079335,44.26692664724703],[19.060888436252355,44.25312318608621],[19.064407988837672,44.248201167749755],[19.064575586494186,44.24423924404596],[19.0385979398431,44.22970990858545],[19.03306721537973,44.2226240557556],[19.032061629440705,44.21673854604711],[19.036083974096186,44.213495258899115],[19.036220147641757,44.2007005510896],[19.028364004795037,44.19243957932321],[19.027054646754607,44.187933107127265],[19.035696404965165,44.172345568193464],[19.036482019429684,44.16746187626461],[19.034387047824055,44.165395577743766],[19.022079089978092,44.170842936852125],[19.01527043338382,44.170467272946325],[19.008723646778947,44.162577780540175],[19.003486218214448,44.14566817344752],[19.002438731961945,44.134016513851066],[19.020769732836925,44.124994294750934],[19.020507861948317,44.12142261925851],[19.010033003920057,44.11540667727638],[19.009037240376415,44.113142768024375],[19.008461774990963,44.111834422620575],[19.01317546087887,44.10694572326656],[19.044600033165068,44.08870354573213],[19.044076290488476,44.08381293441943],[19.037005761206956,44.07553559229382],[19.038315119247386,44.071584634923],[19.041457577105575,44.06951498013228],[19.07445337742149,44.068197889720864],[19.091726416740812,44.05423492749998],[19.103290659536356,44.03676718225972],[19.110329763807613,44.03050163254437],[19.12809512169258,44.02736860857448],[19.132285064903897,44.02544051246974],[19.144184503012468,44.01133939909403],[19.145826773759044,44.008858982482494],[19.145860479577493,44.00880807463301],[19.167819915265948,44.00761606375701],[19.171670527672745,44.01182154362937],[19.17736885069195,44.01869167967732],[19.176530861510116,44.03026063581973],[19.178374436630975,44.03508036796467],[19.18893309348755,44.04688705539337],[19.204519680938574,44.07314247294681],[19.204687278595088,44.07771791325115],[19.200664933939606,44.08012589749222],[19.19362582966835,44.08120945914925],[19.186419127740578,44.079042316949426],[19.176028069439894,44.079042316949426],[19.17032974642069,44.08181142845473],[19.161447067028575,44.08891420922345],[19.155245951939207,44.096858682582194],[19.153335337755664,44.1048069025166],[19.144325283784895,44.109659075905654],[19.142930871462625,44.11343271394867],[19.145934222186668,44.12336623946044],[19.150439249172052,44.125984099386756],[19.15730405134093,44.12575311661311],[19.167064942093475,44.12028625480684],[19.175645945703877,44.119439231035756],[19.185406837355686,44.12144126760046],[19.188302925939354,44.12444419654247],[19.189053762721016,44.130064650863005],[19.18875619594172,44.14586745601832],[19.186908512717764,44.14484466514921],[19.179829185368646,44.145460417464335],[19.17510963320308,44.148539090007034],[19.16792304281421,44.16646916052338],[19.15676773973945,44.18285540265475],[19.149366624170398,44.188624122805095],[19.132097355708424,44.19669938097172],[19.125232551740908,44.20784911004847],[19.11836774957203,44.21015568763494],[19.10120574325049,44.22114912982852],[19.098738705926564,44.22852819132305],[19.10345825719287,44.23390817412297],[19.104234814568017,44.245452262857796],[19.10292194469207,44.24535821470988],[19.098738705926564,44.24904634341408],[19.089406864635123,44.26971095279828],[19.071708544913463,44.27731431600296],[19.064407988837672,44.28408643314242],[19.06155882777773,44.29128484961615],[19.0670895522411,44.296323216843064],[19.06424039118116,44.29968188880815],[19.0595476550003,44.30076142060312],[19.0525085507291,44.298002576657666],[19.042620285397902,44.28828561688778],[19.03692196327802,44.286006097203654],[19.034430210785672,44.28563885095224]]]}},{"type":"Feature","properties":{"shapeName":"Vlasenica","shapeISO":"","shapeID":"43093233B25085924089879","shapeGroup":"BIH","shapeType":"ADM3"},"geometry":{"type":"Polygon","coordinates":[[[18.79917716919107,44.16562074640041],[18.845357771743807,44.15508554386281],[18.85625162391335,44.142939635755624],[18.890776753744262,44.12946798396035],[18.906363341195288,44.12946798396035],[18.934352159724426,44.12682140598315],[18.948262770610427,44.131633278952734],[18.954463885699795,44.131633278952734],[18.966363323808423,44.126580802262254],[18.98077672766391,44.108893730361444],[18.98546946384471,44.10600554232195],[18.991670578934134,44.10528347305387],[19.00139124750814,44.11166144432025],[19.009037240376415,44.113142768024375],[19.010033003920057,44.11540667727638],[19.020507861948317,44.12142261925851],[19.020769732836925,44.124994294750934],[19.002438731961945,44.134016513851066],[19.003486218214448,44.14566817344752],[19.008723646778947,44.162577780540175],[19.01527043338382,44.170467272946325],[19.022079089978092,44.170842936852125],[19.034387047824055,44.165395577743766],[19.036482019429684,44.16746187626461],[19.035696404965165,44.172345568193464],[19.027054646754607,44.187933107127265],[19.028364004795037,44.19243957932321],[19.036220147641757,44.2007005510896],[19.036083974096186,44.213495258899115],[19.032061629440705,44.21673854604711],[19.03306721537973,44.2226240557556],[19.0385979398431,44.22970990858545],[19.064575586494186,44.24423924404596],[19.064407988837672,44.248201167749755],[19.060888436252355,44.25312318608621],[19.0409443079335,44.26692664724703],[19.036083974096186,44.27460717138388],[19.034430210785672,44.28563885095224],[19.031223640258816,44.285166251821124],[19.01798342089819,44.2869659058519],[19.017856317914777,44.28705689116265],[19.009435936819102,44.28180674978171],[18.99669851132728,44.282166706128635],[18.991335383621106,44.27976695877817],[18.986139854470764,44.274487170346674],[18.96234097915294,44.25876499211074],[18.95111193167037,44.25432361554249],[18.92613987185763,44.256724401609915],[18.92027395208129,44.25252296146556],[18.90921250135591,44.23919640988646],[18.908206916316203,44.22610703830924],[18.90569294966997,44.22394521110266],[18.901503007357974,44.223104478988546],[18.889938764562373,44.22802859634271],[18.884408039199684,44.22766830994459],[18.874352177111348,44.21721901784343],[18.86965944093049,44.21481661929158],[18.831949954726667,44.21613795090576],[18.816698561689293,44.20965113199418],[18.810162250387577,44.20268301121206],[18.803793537641695,44.200159867883656],[18.799573734240482,44.20048169747241],[18.80007000262856,44.20031998318075],[18.804640727787387,44.198014053106135],[18.806260724253093,44.19554115849775],[18.809888597480835,44.19000327992745],[18.807349305925754,44.18405518280048],[18.796176421104974,44.17786366977259],[18.793806416133236,44.17422129857414],[18.799562143777962,44.1660858586755],[18.79917716919107,44.16562074640041]]]}},{"type":"Feature","properties":{"shapeName":"Han Pijesak","shapeISO":"","shapeID":"43093233B14603812803519","shapeGroup":"BIH","shapeType":"ADM3"},"geometry":{"type":"Polygon","coordinates":[[[18.747857361128354,44.11923251197089],[18.761223717600558,44.096738320017494],[18.778821477829013,44.08626581461573],[18.782508627171467,44.08217260698029],[18.781167845919413,44.076995498643385],[18.776810305051583,44.07470779512869],[18.775804718213237,44.071938349974914],[18.78066505205055,44.06495395865829],[18.790720915937584,44.06097971334316],[18.81066504425644,44.05688475652636],[18.833123138322208,44.04471865684059],[18.83999464493695,44.04339348512127],[18.857257208953058,44.046766591205255],[18.866642681314715,44.046405195943066],[18.86999463624352,44.04267065142949],[18.87116781983906,44.028935141243835],[18.873849383242487,44.02435593008215],[18.88675440729014,44.020619996115954],[18.891279545814427,44.01784802206862],[18.89144714347094,44.01097778799459],[18.88625161521992,44.00446841138813],[18.883737649473005,43.996752669799946],[18.88591641990689,43.991688668297456],[18.888597982411,43.99000057246849],[18.895134294612035,43.98951824986739],[18.90971529522477,43.99241212342082],[18.915246020587404,43.99144751509078],[18.926810262483684,43.98553894406706],[18.939547688874768,43.98409185665389],[18.96351416274848,43.991809244900764],[18.971558852958765,43.98903592366901],[18.98312309575431,43.9780619490997],[18.994016947024534,43.97106648892736],[19.01681023730265,43.96648280903446],[19.024854927512934,43.968292199125756],[19.02525655394686,43.968897822376675],[19.02837448009825,43.9735994231749],[19.025692915795503,43.99627040205746],[19.027201295603334,43.99928450777389],[19.03256442241019,43.99976675033531],[19.036754365621505,43.9984405740733],[19.05837447050544,43.980835782045745],[19.071279495452416,43.9735994231749],[19.079994576288698,43.97179019496156],[19.0962515552651,43.98095638113216],[19.103793451606577,43.978303157165044],[19.109572221680708,43.97264415790164],[19.1182604874316,43.972026604244434],[19.123838139418638,43.97457397081217],[19.119976687973804,43.98067176818762],[19.11986942583337,43.990550414370205],[19.125232551740908,43.997418191496365],[19.12973757872635,43.99957867601512],[19.145826773759044,44.008858982482494],[19.144184503012468,44.01133939909403],[19.132285064903897,44.02544051246974],[19.12809512169258,44.02736860857448],[19.110329763807613,44.03050163254437],[19.103290659536356,44.03676718225972],[19.091726416740812,44.05423492749998],[19.07445337742149,44.068197889720864],[19.041457577105575,44.06951498013228],[19.038315119247386,44.071584634923],[19.037005761206956,44.07553559229382],[19.044076290488476,44.08381293441943],[19.044600033165068,44.08870354573213],[19.01317546087887,44.10694572326656],[19.008461774990963,44.111834422620575],[19.009037240376415,44.113142768024375],[19.00139124750814,44.11166144432025],[18.991670578934134,44.10528347305387],[18.98546946384471,44.10600554232195],[18.98077672766391,44.108893730361444],[18.966363323808423,44.126580802262254],[18.954463885699795,44.131633278952734],[18.948262770610427,44.131633278952734],[18.934352159724426,44.12682140598315],[18.906363341195288,44.12946798396035],[18.890776753744262,44.12946798396035],[18.85625162391335,44.142939635755624],[18.845357771743807,44.15508554386281],[18.79917716919107,44.16562074640041],[18.796345707688317,44.162199879121204],[18.78466496581558,44.15260527211569],[18.780771385191315,44.14713929254435],[18.77789352046966,44.13243936918161],[18.770952790339038,44.121989264093315],[18.766551350864177,44.12028790955941],[18.759441334150324,44.12211078768274],[18.749284167030737,44.11992332709991],[18.747857361128354,44.11923251197089]]]}},{"type":"Feature","properties":{"shapeName":"Sokolac","shapeISO":"","shapeID":"43093233B18315039543713","shapeGroup":"BIH","shapeType":"ADM3"},"geometry":{"type":"Polygon","coordinates":[[[18.61044149350956,44.05416927180166],[18.608580315429265,44.05108392967969],[18.59287056312604,44.02374582101288],[18.58387808550532,44.02070747407072],[18.56838501945316,44.01026684154158],[18.562534491573558,43.987899003436326],[18.554842129660585,43.98470291001132],[18.543466102378773,43.982753987406625],[18.53729054512263,43.97862206125916],[18.52905646758194,43.96700434927135],[18.520063989961216,43.96170155168534],[18.517572097174593,43.957880124568135],[18.517935086934756,43.95772497442806],[18.52450605720884,43.95491639887274],[18.53513722550258,43.94832060551158],[18.538692234758855,43.932474059130584],[18.548849400979122,43.93454653959117],[18.554435842939824,43.933936994396845],[18.566285871395905,43.92442727349993],[18.566649928651316,43.92361438259775],[18.57568649733406,43.92305649176376],[18.58018741261907,43.9236459218219],[18.594508506462432,43.92246705541032],[18.62683326144588,43.94986966255493],[18.654135479968488,43.95318813932124],[18.660893019996934,43.94415282159548],[18.667221509665012,43.925846303863864],[18.667328772704764,43.91958835341984],[18.660785756957182,43.913097931824154],[18.661004572802824,43.906072025103924],[18.66553534198249,43.895140502132506],[18.661000282137366,43.891458080526036],[18.64930866566243,43.88681994578394],[18.64694888957962,43.88465535945733],[18.649415927802863,43.880635204651014],[18.65477905550904,43.876150865669956],[18.67612430059603,43.86826379693673],[18.685241616707287,43.86841845514766],[18.694466194059657,43.8658665389097],[18.698005858183876,43.85681795708308],[18.70111647194767,43.8541108502356],[18.709804737698562,43.85372411027953],[18.720530992211593,43.860066324501304],[18.72600138115888,43.86029834329395],[18.731149982785553,43.85851950497124],[18.75925276790099,43.83345544181526],[18.802157784154474,43.81697240385341],[18.825398424197942,43.816243294692356],[18.826586827020492,43.818288118302064],[18.824072861273578,43.82445514458931],[18.82692202323284,43.82965429980612],[18.871000222182545,43.828082509700096],[18.87167061370792,43.83509479079203],[18.85541363473152,43.846095157765376],[18.85541363473152,43.84827081384702],[18.858095198134947,43.849962935940766],[18.874352177111348,43.855522428817096],[18.879715303018884,43.856005837799216],[18.892348417045866,43.84782988703972],[18.90003699641028,43.84985966948818],[18.907931519623958,43.85540408972702],[18.923240029503802,43.85466156358035],[18.926191894040755,43.856394110200085],[18.92687837443748,43.85966106120907],[18.922484901157304,43.865105583855666],[18.922720878765574,43.86965570824441],[18.938381208825774,43.88071251846799],[18.94234992241104,43.88187220503829],[18.96938008252482,43.881949516157306],[18.977266024407527,43.88059500225762],[18.9866708043142,43.874459100607055],[18.99243723838788,43.86822358555008],[19.00266579369145,43.86807511287623],[19.014747846336093,43.88272262644813],[19.01496666218179,43.895390548734895],[19.01245269643482,43.89671902636201],[19.010609121313962,43.902515674059146],[19.02351414536156,43.913262132741295],[19.02351414536156,43.91628045178146],[19.01563705280779,43.922920213896816],[19.013793477686875,43.92738654665186],[19.032899617723217,43.93305951328597],[19.037759951560588,43.93740439709529],[19.039268331368476,43.944041802087554],[19.03792755011642,43.948868540850526],[19.027087329017093,43.956199606426765],[19.02525655394686,43.968897822376675],[19.024854927512934,43.968292199125756],[19.01681023730265,43.96648280903446],[18.994016947024534,43.97106648892736],[18.98312309575431,43.9780619490997],[18.971558852958765,43.98903592366901],[18.96351416274848,43.991809244900764],[18.939547688874768,43.98409185665389],[18.926810262483684,43.98553894406706],[18.915246020587404,43.99144751509078],[18.90971529522477,43.99241212342082],[18.895134294612035,43.98951824986739],[18.888597982411,43.99000057246849],[18.88591641990689,43.991688668297456],[18.883737649473005,43.996752669799946],[18.88625161521992,44.00446841138813],[18.89144714347094,44.01097778799459],[18.891279545814427,44.01784802206862],[18.88675440729014,44.020619996115954],[18.873849383242487,44.02435593008215],[18.87116781983906,44.028935141243835],[18.86999463624352,44.04267065142949],[18.866642681314715,44.046405195943066],[18.857257208953058,44.046766591205255],[18.83999464493695,44.04339348512127],[18.833123138322208,44.04471865684059],[18.81066504425644,44.05688475652636],[18.790720915937584,44.06097971334316],[18.78066505205055,44.06495395865829],[18.775804718213237,44.071938349974914],[18.776810305051583,44.07470779512869],[18.781167845919413,44.076995498643385],[18.782508627171467,44.08217260698029],[18.778821477829013,44.08626581461573],[18.761223717600558,44.096738320017494],[18.747857361128354,44.11923251197089],[18.74200486373354,44.116398914578326],[18.730662694128057,44.115062013001534],[18.690080313755516,44.097581717722164],[18.64709750974231,44.07650438157202],[18.611554037988526,44.056013576965086],[18.61044149350956,44.05416927180166]]]}},{"type":"Feature","properties":{"shapeName":"Ljubinje","shapeISO":"","shapeID":"43093233B95293616483366","shapeGroup":"BIH","shapeType":"ADM3"},"geometry":{"type":"Polygon","coordinates":[[[18.269172860252482,42.89844108827195],[18.267668549963673,42.90339994525135],[18.264021623699023,42.907485453790684],[18.2382786146664,42.92421749963796],[18.227016047652512,42.92940115503933],[18.20835236596895,42.9474620013703],[18.18518365819932,42.95696145021083],[18.177568017450085,42.96206385456327],[18.176066342088063,42.964889618860866],[18.1773534922699,42.9679507186508],[18.187650695523246,42.97634833610687],[18.18925963392502,42.98207689343394],[18.17932444196947,43.00147057101009],[18.166922209992038,43.0154419931535],[18.15569316340884,43.03467813648689],[18.15468757746976,43.04558002499823],[18.159045117438268,43.05109147788943],[18.158639055548008,43.05179619204068],[18.157704335286894,43.053418387348756],[18.153346795318384,43.05476550522394],[18.14873785796584,43.05854646105041],[18.130144986202197,43.059503144554526],[18.118622642820753,43.063521049257076],[18.10448158605641,43.06390369280126],[18.09793479945148,43.06160779376472],[18.083269999111224,43.049935644914115],[18.082746256434632,43.043620277254035],[18.05551162735975,43.03826127383877],[18.032990684172773,43.023904494896556],[18.03770436916136,43.01318257601514],[18.03587127024298,43.00801241044445],[18.02932448363805,43.00552291704906],[18.012040969914892,43.00590592302001],[17.990305640293116,43.011650720304544],[17.97642645441738,43.008395401126904],[17.954952996583586,42.996713127708745],[17.943430654101462,42.9871358371492],[17.942645039636943,42.9829213559359],[17.947620597312778,42.97506632555053],[17.94552562480777,42.972000676090374],[17.931019885759156,42.968935374667865],[17.932647925761216,42.9675150196025],[17.938234368621238,42.96144492044675],[17.943482238314687,42.958471591790556],[17.949877703107504,42.95702284419033],[17.950592254129276,42.956860978851125],[17.95581303894062,42.954070801626244],[17.955892589371558,42.95383790059867],[17.9614474084712,42.95303623593361],[17.9790451686996,42.94739330215924],[17.997648514867137,42.939909482236885],[18.01591666662091,42.92984783211182],[18.02580493195211,42.92653449047441],[18.044743473432618,42.92248460857786],[18.071559108366216,42.92003000438126],[18.076587039860044,42.91794351428183],[18.08010659244536,42.913770322742266],[18.080274191001138,42.90984235474093],[18.077927822910738,42.905914136728086],[18.079101006506278,42.891549456342375],[18.084966927181995,42.882093951974355],[18.132397081060503,42.846469304714674],[18.162658524171604,42.838388249518175],[18.170488690101024,42.83744440743351],[18.18003505567333,42.838545555333155],[18.188709914331127,42.84302859479385],[18.20295571963078,42.84536338321362],[18.209156835619524,42.84843533782066],[18.21016242155855,42.857035999711684],[18.20295571963078,42.87337395634307],[18.205637283034207,42.88012898996095],[18.20848644409415,42.88184833543238],[18.23396129777575,42.870671735512246],[18.242843976268546,42.87104022732467],[18.254240621407575,42.884058851934526],[18.261950116304888,42.89621527401573],[18.26597246185969,42.8979341716248],[18.269172860252482,42.89844108827195]]]}},{"type":"Feature","properties":{"shapeName":"Berkovići","shapeISO":"","shapeID":"43093233B77928593657916","shapeGroup":"BIH","shapeType":"ADM3"},"geometry":{"type":"Polygon","coordinates":[[[17.91750235864697,43.20449691430122],[17.911665385349295,43.19776510927244],[17.89911491901836,43.18087966066787],[17.891673914019975,43.1738036994812],[17.891565570894443,43.17064311218991],[17.895357579388815,43.16519071507952],[17.903700000054982,43.15981686205856],[17.928835602481115,43.152387521267144],[17.93815311127713,43.144641077723634],[17.939669915034585,43.13784236853053],[17.927210455598072,43.119260647460976],[17.926560396844877,43.11325003216331],[17.929810690610907,43.109058068175386],[17.978240064127704,43.106210533089666],[17.985932425141357,43.104628512296074],[17.990049463012383,43.101701665999144],[17.994179503281487,43.07491056367161],[17.990435165150814,43.06949078407246],[17.97954884840067,43.06336129818544],[17.964697174335186,43.05786133593199],[17.956788127070467,43.04772770137237],[17.955596352689554,43.041155777816925],[17.95267108830012,43.03687969034547],[17.94411198228221,43.03347444429022],[17.937828081900534,43.02579215028754],[17.936033648434204,43.017910858799155],[17.940096515641756,43.003427835726086],[17.938234368621238,42.9983517797109],[17.927907914918364,42.98943671573193],[17.921475042739075,42.98138728339649],[17.92096718388848,42.97705253674525],[17.921821980500056,42.97647180043327],[17.92570719563065,42.973832242564015],[17.928246487185675,42.97135497725043],[17.931019885759156,42.968935374667865],[17.94552562480777,42.972000676090374],[17.947620597312778,42.97506632555053],[17.942645039636943,42.9829213559359],[17.943430654101462,42.9871358371492],[17.954952996583586,42.996713127708745],[17.97642645441738,43.008395401126904],[17.990305640293116,43.011650720304544],[18.012040969914892,43.00590592302001],[18.02932448363805,43.00552291704906],[18.03587127024298,43.00801241044445],[18.03770436916136,43.01318257601514],[18.032990684172773,43.023904494896556],[18.05551162735975,43.03826127383877],[18.082746256434632,43.043620277254035],[18.083269999111224,43.049935644914115],[18.09793479945148,43.06160779376472],[18.10448158605641,43.06390369280126],[18.118622642820753,43.063521049257076],[18.130144986202197,43.059503144554526],[18.14873785796584,43.05854646105041],[18.153346795318384,43.05476550522394],[18.157704335286894,43.053418387348756],[18.158639055548008,43.05179619204068],[18.168236177057963,43.05399152798668],[18.172741202244765,43.05602931979735],[18.176280866368927,43.05665631903395],[18.18142946889492,43.05571581793072],[18.185398183379505,43.05281584877247],[18.190439521966425,43.05297260779969],[18.19301382322942,43.058302160216556],[18.19161941000783,43.07201579259481],[18.19848421217671,43.07483650270251],[18.218113256721495,43.07695194917318],[18.238819217832713,43.08986556084699],[18.238723590221582,43.09244938862844],[18.23868192193322,43.0935752534952],[18.237171665240226,43.09517937512811],[18.197424459171486,43.10660752531709],[18.18554835037611,43.11632979828164],[18.17978191540311,43.11803354231415],[18.17463331467576,43.11778299478942],[18.168592287903834,43.11312262071243],[18.16049182084089,43.11051666511207],[18.156029699610997,43.11076724321373],[18.151979465180204,43.113172734534146],[18.138095403180387,43.116896673342865],[18.130694287611334,43.120968004969484],[18.128441774568273,43.12488249213334],[18.127476411707107,43.13466761242046],[18.12318590990185,43.13912910682285],[18.11298738745802,43.14668942487708],[18.091088668107602,43.15660564023818],[18.077633654669455,43.16496806542392],[18.069739131455776,43.168322729110685],[18.057112185878736,43.17011577132581],[18.0537870469347,43.17316663862954],[18.049603808169252,43.184664690423176],[18.040915542418418,43.18552500167755],[18.012074790719055,43.17628305931578],[18.00321919530967,43.185543772327264],[17.987391535590916,43.192250654444194],[17.968191540507235,43.20468334016408],[17.950600483825326,43.21125052878892],[17.94495901414723,43.215190730268034],[17.937881248021256,43.21219564071629],[17.926722250531498,43.2097858353481],[17.918747391778766,43.20593281594677],[17.91750235864697,43.20449691430122]]]}},{"type":"Feature","properties":{"shapeName":"Kalinovik","shapeISO":"","shapeID":"43093233B96710806136322","shapeGroup":"BIH","shapeType":"ADM3"},"geometry":{"type":"Polygon","coordinates":[[[18.371903219857757,43.582417034718446],[18.371776120471623,43.58192326644564],[18.37115433190695,43.580149636096905],[18.369067542333255,43.574197139486444],[18.36621676429229,43.56546910301677],[18.362424754898598,43.56240736650682],[18.357115941747338,43.560052078940316],[18.346281630992507,43.56264288995743],[18.339672700334916,43.561543771827644],[18.334363888083033,43.558010755492035],[18.32840501617858,43.547803101332136],[18.336564607370804,43.5280650364723],[18.333686742649093,43.484354225866866],[18.3181340893168,43.48465628296117],[18.311130789754202,43.48259354035963],[18.293587871982766,43.472983248278354],[18.290688069199064,43.469613112655054],[18.276806607139235,43.47022739727663],[18.257846561069982,43.478089692385424],[18.2429493831076,43.48128345746562],[18.22839077741247,43.48189762427597],[18.217725751442345,43.48066928525935],[18.210785020412402,43.47722980381246],[18.21417074308539,43.46420713675002],[18.21124905619905,43.461026190606276],[18.2125356047344,43.45918966886819],[18.221116608344857,43.43567196029278],[18.225085321930123,43.42764892935463],[18.22401269692847,43.42001437856078],[18.218756832262045,43.41588508742689],[18.21006856741053,43.41502802902039],[18.200200412718914,43.410664637163336],[18.19666074949407,43.40567751780327],[18.177568017450085,43.39063575133889],[18.175530028687945,43.38182718057999],[18.177031704949286,43.377773249036295],[18.18507639515957,43.37309529950852],[18.206099852026625,43.368650912010025],[18.216826107438976,43.367949136843265],[18.222940071027494,43.371457930838915],[18.230341186596547,43.38564698352155],[18.24183839032952,43.38805859742638],[18.24971548288329,43.387936801342335],[18.272843968474433,43.383917383080814],[18.27736910699872,43.381724861113526],[18.279547877432663,43.37867956061331],[18.2813914516542,43.36978640591798],[18.28776016440014,43.359795280627736],[18.302099825646508,43.35289800663776],[18.306068539231774,43.34158770630768],[18.3098227276368,43.337453070502875],[18.33063166112231,43.32598383388688],[18.333849537925857,43.321770100909475],[18.335547869457848,43.31758277279556],[18.335780263648303,43.31700979236808],[18.341465177775774,43.31287348292494],[18.368280812709372,43.31053205121327],[18.387909856354838,43.300931237986276],[18.40142493731105,43.29960417679138],[18.422019344717057,43.30538058344723],[18.42491543330067,43.30850273731153],[18.413867391466965,43.32364290759415],[18.4166562179102,43.32785651016985],[18.449324364627785,43.33980809276932],[18.456363467999722,43.345536800283185],[18.461056204180522,43.34614620608261],[18.467927710795266,43.345536800283185],[18.48231376356938,43.336769658592914],[18.49041423063227,43.328930152304736],[18.4970044401029,43.32608371169397],[18.543118750929636,43.324735350955734],[18.5496617657779,43.327544401353066],[18.549737584022353,43.328675010143684],[18.54987629095814,43.330743440057745],[18.5286383089109,43.33823321169342],[18.522631606563436,43.3419777521716],[18.520271830480624,43.346034075911916],[18.521237193341847,43.34876414155195],[18.533143334996964,43.3549258375574],[18.549339978457283,43.374498722138355],[18.551485229359912,43.39749463686803],[18.546866235788173,43.40364651317611],[18.532285235175493,43.41241295339512],[18.534296407952922,43.43347157465348],[18.547871822626576,43.44138188006974],[18.54770422497006,43.44649260494981],[18.53882154557789,43.45573948458957],[18.539686350744546,43.47055587825122],[18.545371264872017,43.485499968448835],[18.540162327729263,43.50158797470533],[18.540329925385777,43.506936724949924],[18.549715397747434,43.51556666427018],[18.551163442039297,43.53023229738267],[18.56264053423331,43.536297782117],[18.56199695869276,43.54640556566437],[18.567360085499615,43.55752217091151],[18.577657289652223,43.56381808083984],[18.575297513569467,43.579438419847236],[18.57604835125045,43.584877388280916],[18.580446114296763,43.592724176379704],[18.581556108809135,43.596036168080275],[18.581521622524917,43.59602395803927],[18.5579908521961,43.609876202025134],[18.545632964889478,43.614411198917765],[18.541231525414616,43.620661581566765],[18.539707950661466,43.6274014616082],[18.529714430476645,43.63670120249856],[18.529042924691282,43.63732609012703],[18.51820861393645,43.63916380436615],[18.513637888777623,43.63744860566868],[18.507249988057257,43.636464966393994],[18.50645423647387,43.62854582912678],[18.482508713206585,43.61211339511715],[18.470609275098013,43.60907969137469],[18.4541846984651,43.60252636759782],[18.430542945500576,43.60361105250814],[18.425190293097614,43.59463716117608],[18.423514316532533,43.58759668723735],[18.412955660575335,43.576670185180944],[18.40926851033356,43.575213168353116],[18.395860692417045,43.58383333833797],[18.384464047278016,43.58116243190074],[18.377760139219106,43.58091961584762],[18.371903219857757,43.582417034718446]]]}},{"type":"Feature","properties":{"shapeName":"Bileća","shapeISO":"","shapeID":"43093233B25689857318815","shapeGroup":"BIH","shapeType":"ADM3"},"geometry":{"type":"Polygon","coordinates":[[[18.462927720338087,42.788118523151354],[18.456080607833826,42.80924942112392],[18.458958471656217,42.81607958770286],[18.467592064022597,42.82390230634644],[18.4731785059833,42.833213777094215],[18.464037055665642,42.83842758766309],[18.461328477527275,42.84376508109369],[18.474993253336038,42.85630016991695],[18.494169984757036,42.86328892834143],[18.493194896627244,42.86702123714042],[18.485610878739124,42.87043570484394],[18.48268561434969,42.874246980413886],[18.50186234577069,42.88186882558591],[18.508687961780083,42.88671138342363],[18.49633684726774,42.89353795091574],[18.494603357259166,42.90504614976004],[18.48550253561359,42.91552071191137],[18.48355235935395,42.92210607853275],[18.48398573185608,42.93947854509884],[18.480410408713453,42.953436427948816],[18.48203555559644,42.97769657633597],[18.49005294598669,42.983879005311906],[18.506954472670827,42.98609818678193],[18.521472449693874,42.99418167194665],[18.52309759657686,43.018663388104926],[18.52690315605588,43.02064029671237],[18.508580214005747,43.0349427449118],[18.485746164653847,43.05857489581484],[18.478744065686158,43.06123321713932],[18.474762480104403,43.06534586541943],[18.474831128054177,43.06870599428623],[18.48210781882085,43.074974400248436],[18.47750840169141,43.0791362675248],[18.46817227063383,43.080239366053945],[18.456776698385966,43.07682972591118],[18.44411542748503,43.07530660801359],[18.433603698152183,43.08079090767433],[18.42588079616189,43.081809365609786],[18.422341132936992,43.06582544688689],[18.41633442969021,43.064336536502026],[18.410864039843602,43.06512017875332],[18.397134435505848,43.07193743826224],[18.394131084781804,43.07710864614717],[18.395525497104074,43.08846810162163],[18.40657353893772,43.10248824903351],[18.394667396383284,43.11525240597382],[18.3943380529588,43.11551608000315],[18.391342258338625,43.11791453232985],[18.382868517767918,43.124725917467174],[18.378685279002468,43.12511735278366],[18.365170198046258,43.122298959329555],[18.343074115278228,43.12135946546704],[18.338890876512778,43.11893237333044],[18.33063166112231,43.104367800633554],[18.330953449342246,43.099982089401976],[18.336866295742993,43.09100410615463],[18.33602830746048,43.08745464931269],[18.32882160553271,43.08035511959315],[18.32262049044334,43.06688823240603],[18.299492004852198,43.067745305201754],[18.285916590178545,43.07252019984742],[18.248361293638823,43.09214967966403],[18.242998165932647,43.09261965277483],[18.238723590221582,43.09244938862844],[18.238819217832713,43.08986556084699],[18.218113256721495,43.07695194917318],[18.19848421217671,43.07483650270251],[18.19161941000783,43.07201579259481],[18.19301382322942,43.058302160216556],[18.190439521966425,43.05297260779969],[18.185398183379505,43.05281584877247],[18.18142946889492,43.05571581793072],[18.176280866368927,43.05665631903395],[18.172741202244765,43.05602931979735],[18.168236177057963,43.05399152798668],[18.158639055548008,43.05179619204068],[18.159045117438268,43.05109147788943],[18.15468757746976,43.04558002499823],[18.15569316340884,43.03467813648689],[18.166922209992038,43.0154419931535],[18.17932444196947,43.00147057101009],[18.18925963392502,42.98207689343394],[18.187650695523246,42.97634833610687],[18.1773534922699,42.9679507186508],[18.176066342088063,42.964889618860866],[18.177568017450085,42.96206385456327],[18.18518365819932,42.95696145021083],[18.20835236596895,42.9474620013703],[18.227016047652512,42.92940115503933],[18.2382786146664,42.92421749963796],[18.264021623699023,42.907485453790684],[18.267668549963673,42.90339994525135],[18.269172860252482,42.89844108827195],[18.272173576949058,42.898916376989234],[18.285078600996712,42.897688618035374],[18.31457579933374,42.882585183259664],[18.330329985340597,42.86784656027061],[18.346399254222263,42.838388249518175],[18.352835006930093,42.83288230227646],[18.369675225031642,42.82407176649889],[18.4007813617705,42.81470919717174],[18.406922142243104,42.80775027645416],[18.39971544031539,42.79951167262567],[18.398709854376307,42.79360871427082],[18.406586946030757,42.78549122843748],[18.421670741411617,42.778971870255646],[18.42770425884453,42.77786474096507],[18.442620456568875,42.78094005094266],[18.462927720338087,42.788118523151354]]]}},{"type":"Feature","properties":{"shapeName":"Nevesinje","shapeISO":"","shapeID":"43093233B54971893195073","shapeGroup":"BIH","shapeType":"ADM3"},"geometry":{"type":"Polygon","coordinates":[[[17.94495901414723,43.215190730268034],[17.950600483825326,43.21125052878892],[17.968191540507235,43.20468334016408],[17.987391535590916,43.192250654444194],[18.00321919530967,43.185543772327264],[18.012074790719055,43.17628305931578],[18.040915542418418,43.18552500167755],[18.049603808169252,43.184664690423176],[18.0537870469347,43.17316663862954],[18.057112185878736,43.17011577132581],[18.069739131455776,43.168322729110685],[18.077633654669455,43.16496806542392],[18.091088668107602,43.15660564023818],[18.11298738745802,43.14668942487708],[18.12318590990185,43.13912910682285],[18.127476411707107,43.13466761242046],[18.128441774568273,43.12488249213334],[18.130694287611334,43.120968004969484],[18.138095403180387,43.116896673342865],[18.151979465180204,43.113172734534146],[18.156029699610997,43.11076724321373],[18.16049182084089,43.11051666511207],[18.168592287903834,43.11312262071243],[18.17463331467576,43.11778299478942],[18.17978191540311,43.11803354231415],[18.18554835037611,43.11632979828164],[18.197424459171486,43.10660752531709],[18.237171665240226,43.09517937512811],[18.23868192193322,43.0935752534952],[18.238723590221582,43.09244938862844],[18.242998165932647,43.09261965277483],[18.248361293638823,43.09214967966403],[18.285916590178545,43.07252019984742],[18.299492004852198,43.067745305201754],[18.32262049044334,43.06688823240603],[18.32882160553271,43.08035511959315],[18.33602830746048,43.08745464931269],[18.336866295742993,43.09100410615463],[18.330953449342246,43.099982089401976],[18.33063166112231,43.104367800633554],[18.338890876512778,43.11893237333044],[18.343074115278228,43.12135946546704],[18.365170198046258,43.122298959329555],[18.378685279002468,43.12511735278366],[18.382868517767918,43.124725917467174],[18.391342258338625,43.11791453232985],[18.3943380529588,43.11551608000315],[18.40062261344292,43.11898561409487],[18.410233336299484,43.13982726311775],[18.405153383521906,43.147691135637444],[18.41620571422237,43.15575431051309],[18.41785326681486,43.15865879696594],[18.416617602820168,43.162164026948346],[18.401317674271297,43.17746888468133],[18.396598122105672,43.180284735752025],[18.37310762701543,43.18951355970307],[18.36763723716882,43.19498762687755],[18.362917685003197,43.19717711633092],[18.338032775792044,43.20421422770448],[18.335780263648303,43.20687248157981],[18.341357914736022,43.22477358223506],[18.340178026694616,43.229462958548766],[18.336423838289534,43.2320419605681],[18.334600374707577,43.24055971036239],[18.336531100429966,43.243528921022914],[18.348244170232306,43.24637922691983],[18.35044090732208,43.24962941366658],[18.349067946528578,43.2527294298194],[18.32428600969166,43.26287837803477],[18.31913740806499,43.26937681708648],[18.318725519467193,43.27282570544202],[18.325804846816254,43.28555116545397],[18.32644842235686,43.307722213909074],[18.33063166112231,43.31521482470447],[18.333205962385307,43.31677566826255],[18.335547869457848,43.31758277279556],[18.333849537925857,43.321770100909475],[18.33063166112231,43.32598383388688],[18.3098227276368,43.337453070502875],[18.306068539231774,43.34158770630768],[18.302099825646508,43.35289800663776],[18.28776016440014,43.359795280627736],[18.2813914516542,43.36978640591798],[18.279547877432663,43.37867956061331],[18.27736910699872,43.381724861113526],[18.272843968474433,43.383917383080814],[18.24971548288329,43.387936801342335],[18.24183839032952,43.38805859742638],[18.230341186596547,43.38564698352155],[18.222940071027494,43.371457930838915],[18.216826107438976,43.367949136843265],[18.206099852026625,43.368650912010025],[18.18507639515957,43.37309529950852],[18.177031704949286,43.377773249036295],[18.175530028687945,43.38182718057999],[18.177568017450085,43.39063575133889],[18.19666074949407,43.40567751780327],[18.200200412718914,43.410664637163336],[18.21006856741053,43.41502802902039],[18.218756832262045,43.41588508742689],[18.22401269692847,43.42001437856078],[18.225085321930123,43.42764892935463],[18.221116608344857,43.43567196029278],[18.2125356047344,43.45918966886819],[18.21124905619905,43.461026190606276],[18.211123592679712,43.46088959348003],[18.203675003698493,43.462118335392915],[18.189962827322688,43.471210240260405],[18.17946708883511,43.4752642977092],[18.172864929173215,43.47993226925888],[18.16829420401433,43.48079212006036],[18.160507043665177,43.47882672996968],[18.146456295022062,43.47047311004604],[18.136637700169786,43.473544427933064],[18.08415900323547,43.476738433132255],[18.03057782017793,43.47837983756006],[18.030330070476396,43.47532359990424],[18.02865409301205,43.47094509404093],[18.02580493195211,43.46790427845974],[18.024464149800735,43.46328194480594],[18.025134541326054,43.453792891229],[18.029659679850397,43.4496561698964],[18.040218335807594,43.44612756743334],[18.042229507685704,43.44308550359318],[18.039547945181596,43.438582967729815],[18.030832863445937,43.43249792723759],[18.02865409301205,43.4272643037047],[18.03971554283811,43.41423913562767],[18.039212749868568,43.41009971003365],[18.03368202450588,43.406934076646394],[18.026307724921594,43.394391671838264],[18.02781610472948,43.38671882341504],[18.03535800107096,43.37429405802442],[18.03452001368771,43.3705173991587],[18.031838449384963,43.368689899419394],[18.018933426236686,43.36759337313572],[18.009715551531542,43.361379349177696],[18.000665274482856,43.351386838931546],[17.979465114323602,43.34507753539998],[17.987179217347034,43.33572699180729],[17.993791955734196,43.32687642091014],[17.99802410862577,43.31533025988364],[17.998288619024606,43.30070197201843],[17.994089529708106,43.26669204130474],[17.98789008645838,43.24772921093438],[17.97673108896862,43.23508404329402],[17.950693429658088,43.2176173556565],[17.94495901414723,43.215190730268034]]]}},{"type":"Feature","properties":{"shapeName":"Gacko","shapeISO":"","shapeID":"43093233B49549888684585","shapeGroup":"BIH","shapeType":"ADM3"},"geometry":{"type":"Polygon","coordinates":[[[18.335547869457848,43.31758277279556],[18.333205962385307,43.31677566826255],[18.33063166112231,43.31521482470447],[18.32644842235686,43.307722213909074],[18.325804846816254,43.28555116545397],[18.318725519467193,43.27282570544202],[18.31913740806499,43.26937681708648],[18.32428600969166,43.26287837803477],[18.349067946528578,43.2527294298194],[18.35044090732208,43.24962941366658],[18.348244170232306,43.24637922691983],[18.336531100429966,43.243528921022914],[18.334600374707577,43.24055971036239],[18.336423838289534,43.2320419605681],[18.340178026694616,43.229462958548766],[18.341357914736022,43.22477358223506],[18.335780263648303,43.20687248157981],[18.338032775792044,43.20421422770448],[18.362917685003197,43.19717711633092],[18.36763723716882,43.19498762687755],[18.37310762701543,43.18951355970307],[18.396598122105672,43.180284735752025],[18.401317674271297,43.17746888468133],[18.416617602820168,43.162164026948346],[18.41785326681486,43.15865879696594],[18.41620571422237,43.15575431051309],[18.405153383521906,43.147691135637444],[18.410233336299484,43.13982726311775],[18.40062261344292,43.11898561409487],[18.3943380529588,43.11551608000315],[18.394667396383284,43.11525240597382],[18.40657353893772,43.10248824903351],[18.395525497104074,43.08846810162163],[18.394131084781804,43.07710864614717],[18.397134435505848,43.07193743826224],[18.410864039843602,43.06512017875332],[18.41633442969021,43.064336536502026],[18.422341132936992,43.06582544688689],[18.42588079616189,43.081809365609786],[18.433603698152183,43.08079090767433],[18.44411542748503,43.07530660801359],[18.456776698385966,43.07682972591118],[18.46817227063383,43.080239366053945],[18.47750840169141,43.0791362675248],[18.48210781882085,43.074974400248436],[18.474831128054177,43.06870599428623],[18.474762480104403,43.06534586541943],[18.478744065686158,43.06123321713932],[18.485746164653847,43.05857489581484],[18.508580214005747,43.0349427449118],[18.52690315605588,43.02064029671237],[18.54010746638653,43.0211189437843],[18.56643484319352,43.02808901969257],[18.57683578234554,43.02903942323087],[18.598111661823793,43.02001494593304],[18.614193843171392,43.0203862481269],[18.63027602451899,43.02496545389266],[18.638740330302028,43.030410552105366],[18.659054664541202,43.036102637426836],[18.662609673797476,43.043773743863255],[18.657869662055305,43.052309815545584],[18.644665344530097,43.08866758833858],[18.652283220094603,43.15366203417557],[18.66582610988712,43.17094930076968],[18.676829707225238,43.19798171548382],[18.718135521137413,43.22376860963368],[18.69088045586841,43.242269229841156],[18.68867973568132,43.24757170457059],[18.689827378530765,43.250519305421676],[18.66464291863582,43.26582775594625],[18.658807835713105,43.27257579283861],[18.664184639409655,43.27858689107222],[18.65613994830005,43.28493139226998],[18.630832692274964,43.29322704908907],[18.608626129592267,43.30755361890442],[18.57368428450218,43.32483523056152],[18.564279505494824,43.327981353156986],[18.549737584022353,43.328675010143684],[18.5496617657779,43.327544401353066],[18.543118750929636,43.324735350955734],[18.4970044401029,43.32608371169397],[18.49041423063227,43.328930152304736],[18.48231376356938,43.336769658592914],[18.467927710795266,43.345536800283185],[18.461056204180522,43.34614620608261],[18.456363467999722,43.345536800283185],[18.449324364627785,43.33980809276932],[18.4166562179102,43.32785651016985],[18.413867391466965,43.32364290759415],[18.42491543330067,43.30850273731153],[18.422019344717057,43.30538058344723],[18.40142493731105,43.29960417679138],[18.387909856354838,43.300931237986276],[18.368280812709372,43.31053205121327],[18.341465177775774,43.31287348292494],[18.335780263648303,43.31700979236808],[18.335547869457848,43.31758277279556]]]}},{"type":"Feature","properties":{"shapeName":"Foča","shapeISO":"","shapeID":"43093233B17850822460074","shapeGroup":"BIH","shapeType":"ADM3"},"geometry":{"type":"Polygon","coordinates":[[[18.549737584022353,43.328675010143684],[18.564279505494824,43.327981353156986],[18.57368428450218,43.32483523056152],[18.608626129592267,43.30755361890442],[18.630832692274964,43.29322704908907],[18.65613994830005,43.28493139226998],[18.664184639409655,43.27858689107222],[18.658807835713105,43.27257579283861],[18.66464291863582,43.26582775594625],[18.689827378530765,43.250519305421676],[18.691896171770964,43.25583278155767],[18.70323834227571,43.26150391627277],[18.713395509395298,43.270625938536284],[18.72676911260453,43.27543294077765],[18.74657558889237,43.28566196282935],[18.802778580766926,43.30155666880529],[18.846962257602172,43.32027998273509],[18.858135141523633,43.32840804729358],[18.852040841611597,43.339736261219514],[18.855426563385265,43.34601512180046],[18.87472518082251,43.34650755368074],[18.879465192564624,43.34355290124546],[18.897578807516027,43.34724619475611],[18.902488104942165,43.3500775681253],[18.908243832586834,43.3497082660237],[18.91681214856186,43.34397719778951],[18.927629124884277,43.32914986297584],[18.958203552751797,43.32461015993101],[18.96264561999942,43.31830445278831],[18.962428933748356,43.30766208793506],[18.94791095672531,43.29733327171317],[18.946285809842323,43.292917363945264],[18.94834432922744,43.28873772786392],[18.952353023972933,43.28321701285489],[18.96394573750581,43.27540829036036],[18.983914728481977,43.27087246069556],[18.98831616705752,43.2677908617589],[18.98983974270999,43.25620265382946],[18.99576475693806,43.25139413353247],[19.00389049045384,43.24880477222251],[19.011677651702314,43.24979120889725],[19.018110524780923,43.2542299738343],[19.040625578307868,43.286894258863015],[19.04688916480319,43.29096065950688],[19.056369187388157,43.29367144278291],[19.073297799853606,43.29539642340626],[19.07939209976564,43.298723033641124],[19.07956138544961,43.30291183921008],[19.07312851327032,43.312520361425584],[19.083116394705883,43.32040314309063],[19.084132111507813,43.325821963113185],[19.080746388834825,43.32865433472983],[19.076344949359964,43.34010562357571],[19.072451368735756,43.34503024544949],[19.05772347645734,43.34847724253075],[19.05145988996202,43.3527857136898],[19.036393425416293,43.36866286759732],[19.0347005640798,43.3734621194813],[19.040794864891154,43.380844842115835],[19.038255572436753,43.386627346175146],[19.03876343128735,43.393762443182254],[19.027590547365946,43.39905171406542],[19.027251975098636,43.405201449087656],[19.03266913047605,43.41282625212989],[19.03012983892097,43.417376081540965],[19.02081910201997,43.42426165804915],[19.01438622984068,43.44331586853258],[19.011000507167694,43.44688018397335],[19.00389049045384,43.442824222659794],[18.98679259230437,43.45167324222638],[18.973249702511794,43.44933821009039],[18.966816830332505,43.45167324222638],[18.962076818590333,43.4567116885936],[18.95615180436232,43.47428152127526],[18.956321090945664,43.48595096406581],[18.95276608258871,43.49602172432316],[18.941762484351216,43.502529980374334],[18.929404597943915,43.49565331075172],[18.920432433310225,43.4978637544088],[18.919755288775605,43.50498574379708],[18.923141011448593,43.50940586578815],[18.927542450923397,43.51087916843892],[18.93160531723163,43.5092830894431],[18.949082948719138,43.51212373392326],[18.93635180139455,43.52869561141341],[18.925080653949067,43.53746415065007],[18.92668959235084,43.55262489832046],[18.92529517912925,43.55557885737841],[18.922848622965603,43.556895946890506],[18.921540990724168,43.55759990291324],[18.89571217018056,43.56397352685684],[18.891112753051175,43.568897854652334],[18.888229535564676,43.57586086548662],[18.884865782429983,43.57829772875721],[18.880328522843115,43.579393361114796],[18.878896391155592,43.57810692859192],[18.85235232809754,43.57324050184775],[18.814565126979062,43.56385576063491],[18.762985761983373,43.56481408090514],[18.7479087169138,43.56998874218675],[18.738121862733806,43.575737845425294],[18.721986779666224,43.58110317826913],[18.70849679249301,43.58359406381504],[18.69368425692295,43.59700475236747],[18.679400741251243,43.603325897272384],[18.662860216825607,43.60329617018215],[18.631224026867415,43.60706188070128],[18.589139498089423,43.598721104895105],[18.581556108809135,43.596036168080275],[18.580446114296763,43.592724176379704],[18.57604835125045,43.584877388280916],[18.575297513569467,43.579438419847236],[18.577657289652223,43.56381808083984],[18.567360085499615,43.55752217091151],[18.56199695869276,43.54640556566437],[18.56264053423331,43.536297782117],[18.551163442039297,43.53023229738267],[18.549715397747434,43.51556666427018],[18.540329925385777,43.506936724949924],[18.540162327729263,43.50158797470533],[18.545371264872017,43.485499968448835],[18.539686350744546,43.47055587825122],[18.53882154557789,43.45573948458957],[18.54770422497006,43.44649260494981],[18.547871822626576,43.44138188006974],[18.534296407952922,43.43347157465348],[18.532285235175493,43.41241295339512],[18.546866235788173,43.40364651317611],[18.551485229359912,43.39749463686803],[18.549339978457283,43.374498722138355],[18.533143334996964,43.3549258375574],[18.521237193341847,43.34876414155195],[18.520271830480624,43.346034075911916],[18.522631606563436,43.3419777521716],[18.5286383089109,43.33823321169342],[18.54987629095814,43.330743440057745],[18.549737584022353,43.328675010143684]]]}},{"type":"Feature","properties":{"shapeName":"Čajniče","shapeISO":"","shapeID":"43093233B6446580262771","shapeGroup":"BIH","shapeType":"ADM3"},"geometry":{"type":"Polygon","coordinates":[[[18.949082948719138,43.51212373392326],[18.95987609930262,43.511984121370176],[18.96766326055109,43.51370289667142],[18.980190433541736,43.520332000921144],[18.987131164571622,43.52696037761939],[18.987469736838932,43.532974385159775],[18.984422586433254,43.53825149001432],[18.984253300749288,43.54978587711656],[18.994410467868875,43.5524850960104],[18.99881190644436,43.55138088501985],[19.005244779523025,43.54635033290157],[19.015401946642555,43.53371075274907],[19.03876343128735,43.52008649229782],[19.027251975098636,43.51247520516665],[19.02454339696027,43.50719584481243],[19.03012983892097,43.501547646406834],[19.040625578307868,43.497372551901776],[19.04773559502172,43.497372551901776],[19.06144777139758,43.50289835077831],[19.072112796468446,43.50375787422655],[19.097167142449734,43.511493033077045],[19.118158621223415,43.51419396607872],[19.13813438319528,43.52229604023012],[19.15540156702872,43.523646280551475],[19.18451878021756,43.523032539120436],[19.197045953208203,43.52745133910804],[19.219730292419115,43.52720585926306],[19.232765324260356,43.52462825389085],[19.248847505607955,43.527696818953075],[19.250878939211702,43.54365083971453],[19.260528247480693,43.556779058406846],[19.25646538117246,43.565488728022444],[19.257819669342325,43.57701790355344],[19.25612680890515,43.58069696349412],[19.2576503836583,43.583272171273734],[19.281047576784317,43.591741400845024],[19.274910722751713,43.60446816757195],[19.27239675610548,43.605924476633334],[19.260329720340394,43.60386136171252],[19.25463139822051,43.60543904417659],[19.251949834817083,43.609322393213915],[19.25308949978063,43.62247052289638],[19.251373299238423,43.62456696849085],[19.23464034237793,43.62604220108676],[19.225844814486663,43.6227811118589],[19.220803475000423,43.622548170361824],[19.195804599202916,43.63261722370595],[19.191111863921435,43.63140417316413],[19.184910747932747,43.62473196261004],[19.16597220555292,43.62315478646428],[19.147536457041895,43.63589233516319],[19.144687295082633,43.64062273674995],[19.130944281853147,43.6510525621261],[19.129061257970704,43.65232417022435],[19.12591635125864,43.65444792912871],[19.10111188910247,43.655417999041504],[19.08275658674711,43.64653642761408],[19.072781170814437,43.64459598651564],[19.05862251521694,43.64599311029383],[19.052294025548917,43.644440748242005],[19.048647099284267,43.64071491456173],[19.042344351810414,43.62279042973461],[19.03664656658583,43.61970931373389],[19.029447105099848,43.61827741137347],[19.024942078114464,43.613851032799005],[19.024191240433424,43.60825935138803],[19.02976889242052,43.59808426437735],[19.027838166698075,43.59225805866254],[19.023178950048532,43.590388698179936],[19.014799064525278,43.59148118920558],[19.002732028760192,43.599613550724825],[18.99820689023585,43.6009486086914],[18.993681751711506,43.599856290335595],[18.989827004712538,43.596093707658554],[18.987480636622138,43.582497899958184],[18.98194991125945,43.567077509919216],[18.976754383008426,43.560155262655314],[18.96301136977894,43.55541853074067],[18.95748064441625,43.55566144931646],[18.945078414237457,43.562705656340995],[18.934352159724426,43.56343432123697],[18.922848622965603,43.556895946890506],[18.92529517912925,43.55557885737841],[18.92668959235084,43.55262489832046],[18.925080653949067,43.53746415065007],[18.93635180139455,43.52869561141341],[18.949082948719138,43.51212373392326]]]}},{"type":"Feature","properties":{"shapeName":"Ustiprača","shapeISO":"","shapeID":"43093233B48148614096386","shapeGroup":"BIH","shapeType":"ADM3"},"geometry":{"type":"Polygon","coordinates":[[[18.881008787886273,43.580004418354676],[18.880328522843115,43.579393361114796],[18.884865782429983,43.57829772875721],[18.888229535564676,43.57586086548662],[18.891112753051175,43.568897854652334],[18.89571217018056,43.56397352685684],[18.921540990724168,43.55759990291324],[18.922848622965603,43.556895946890506],[18.934352159724426,43.56343432123697],[18.945078414237457,43.562705656340995],[18.95748064441625,43.55566144931646],[18.96301136977894,43.55541853074067],[18.976754383008426,43.560155262655314],[18.98194991125945,43.567077509919216],[18.987480636622138,43.582497899958184],[18.989827004712538,43.596093707658554],[18.993681751711506,43.599856290335595],[18.99820689023585,43.6009486086914],[19.002732028760192,43.599613550724825],[19.014799064525278,43.59148118920558],[19.023178950048532,43.590388698179936],[19.027838166698075,43.59225805866254],[19.02976889242052,43.59808426437735],[19.024191240433424,43.60825935138803],[19.024942078114464,43.613851032799005],[19.029447105099848,43.61827741137347],[19.03664656658583,43.61970931373389],[19.042344351810414,43.62279042973461],[19.048647099284267,43.64071491456173],[19.052294025548917,43.644440748242005],[19.05862251521694,43.64599311029383],[19.072781170814437,43.64459598651564],[19.08275658674711,43.64653642761408],[19.10111188910247,43.655417999041504],[19.12591635125864,43.65444792912871],[19.129061257970704,43.65232417022435],[19.151273513362014,43.6594921410495],[19.162013115612865,43.669379937833924],[19.16189107491323,43.6722047236691],[19.161783623015822,43.672211940728516],[19.12945747588185,43.67438324948745],[19.11844450221207,43.68008870323115],[19.112039794101293,43.685567688797846],[19.10805637749985,43.69053788201768],[19.10391674955838,43.7045425736809],[19.09430968694255,43.707535087574286],[19.073064801699275,43.70883367983049],[19.057521668590198,43.716737543402985],[19.047211649997678,43.716737543402985],[19.02745078282743,43.710866200714634],[19.015808077780605,43.70988523551529],[19.00360398353706,43.71138490628846],[18.979317837548194,43.727173280922216],[18.971995381181955,43.724703864891524],[18.968456194597763,43.72038214312147],[18.963452516020823,43.71800065290785],[18.95881496134143,43.716501147609904],[18.949783931583227,43.71535444275338],[18.94309002668342,43.715221887180405],[18.943118911632144,43.71479073592676],[18.943624632270996,43.70724209564622],[18.94531749270817,43.69916489854131],[18.960383957253896,43.67774282167392],[18.966647544648538,43.6745594608505],[18.984422587332574,43.677253085061864],[18.98983974270999,43.67443701995256],[19.000504767780853,43.66574311725111],[19.005414065206992,43.65300611264206],[18.968821178154883,43.631690082031696],[18.94520237858694,43.621887070631885],[18.923425412153108,43.607689476188455],[18.911399326118044,43.60698343104059],[18.90284022010013,43.6018055124145],[18.884313546533008,43.582972962332406],[18.881008787886273,43.580004418354676]]]}},{"type":"Feature","properties":{"shapeName":"Rogatica","shapeISO":"","shapeID":"43093233B55524282986143","shapeGroup":"BIH","shapeType":"ADM3"},"geometry":{"type":"Polygon","coordinates":[[[19.217609280943634,43.93461561831617],[19.213569957987204,43.935835447947625],[19.19570404060903,43.959210920647536],[19.178327509107305,43.97326170436423],[19.169961030677086,43.98553412010364],[19.164128631331323,44.00145456917306],[19.16714538914846,44.006879374183825],[19.167819915265948,44.00761606375701],[19.145860479577493,44.00880807463301],[19.145826773759044,44.008858982482494],[19.12973757872635,43.99957867601512],[19.125232551740908,43.997418191496365],[19.11986942583337,43.990550414370205],[19.119976687973804,43.98067176818762],[19.123838139418638,43.97457397081217],[19.1182604874316,43.972026604244434],[19.109572221680708,43.97264415790164],[19.103793451606577,43.978303157165044],[19.0962515552651,43.98095638113216],[19.079994576288698,43.97179019496156],[19.071279495452416,43.9735994231749],[19.05837447050544,43.980835782045745],[19.036754365621505,43.9984405740733],[19.03256442241019,43.99976675033531],[19.027201295603334,43.99928450777389],[19.025692915795503,43.99627040205746],[19.02837448009825,43.9735994231749],[19.02525655394686,43.968897822376675],[19.027087329017093,43.956199606426765],[19.03792755011642,43.948868540850526],[19.039268331368476,43.944041802087554],[19.037759951560588,43.93740439709529],[19.032899617723217,43.93305951328597],[19.013793477686875,43.92738654665186],[19.01563705280779,43.922920213896816],[19.02351414536156,43.91628045178146],[19.02351414536156,43.913262132741295],[19.010609121313962,43.902515674059146],[19.01245269643482,43.89671902636201],[19.01496666218179,43.895390548734895],[19.014747846336093,43.88272262644813],[19.00266579369145,43.86807511287623],[18.99243723838788,43.86822358555008],[18.9866708043142,43.874459100607055],[18.977266024407527,43.88059500225762],[18.96938008252482,43.881949516157306],[18.94234992241104,43.88187220503829],[18.938381208825774,43.88071251846799],[18.922720878765574,43.86965570824441],[18.922484901157304,43.865105583855666],[18.92687837443748,43.85966106120907],[18.926191894040755,43.856394110200085],[18.923240029503802,43.85466156358035],[18.907931519623958,43.85540408972702],[18.90003699641028,43.84985966948818],[18.892348417045866,43.84782988703972],[18.879715303018884,43.856005837799216],[18.874352177111348,43.855522428817096],[18.858095198134947,43.849962935940766],[18.85541363473152,43.84827081384702],[18.85541363473152,43.846095157765376],[18.87167061370792,43.83509479079203],[18.871000222182545,43.828082509700096],[18.82692202323284,43.82965429980612],[18.824072861273578,43.82445514458931],[18.826586827020492,43.818288118302064],[18.825398424197942,43.816243294692356],[18.82574883873798,43.81623230137967],[18.82950973158887,43.78314084377496],[18.832084032851867,43.78012061997066],[18.837661684838906,43.7776423734968],[18.853322014899106,43.77431206794762],[18.86885601988945,43.755973548740315],[18.87965479303432,43.75749694632708],[18.896989691321266,43.76054874982498],[18.90198024609151,43.76277392437714],[18.908751691437487,43.76301844464558],[18.9146767056655,43.748712362285744],[18.929384284057505,43.73816524463041],[18.942927172950704,43.71765273038926],[18.94309002668342,43.715221887180405],[18.949783931583227,43.71535444275338],[18.95881496134143,43.716501147609904],[18.963452516020823,43.71800065290785],[18.968456194597763,43.72038214312147],[18.971995381181955,43.724703864891524],[18.979317837548194,43.727173280922216],[19.00360398353706,43.71138490628846],[19.015808077780605,43.70988523551529],[19.02745078282743,43.710866200714634],[19.047211649997678,43.716737543402985],[19.057521668590198,43.716737543402985],[19.073064801699275,43.70883367983049],[19.09430968694255,43.707535087574286],[19.10391674955838,43.7045425736809],[19.10805637749985,43.69053788201768],[19.112039794101293,43.685567688797846],[19.11844450221207,43.68008870323115],[19.12945747588185,43.67438324948745],[19.161783623015822,43.672211940728516],[19.17968616798231,43.68172084594033],[19.181892317376594,43.685310518665574],[19.181974435371956,43.68544413453924],[19.177016523293958,43.695371775786896],[19.171867920767966,43.69992139565596],[19.155277981293864,43.70502207420941],[19.147841112277547,43.71425733280972],[19.148344531175212,43.73510999762834],[19.14097631010867,43.756555917321805],[19.126102570277453,43.776523687018596],[19.125530504329333,43.78161784368859],[19.129725660910594,43.78574792172924],[19.15012937966719,43.785334926965334],[19.172821365813434,43.77583525419368],[19.185025459157657,43.78299456814483],[19.194941285112293,43.79276840104092],[19.19932713124217,43.799650422529055],[19.19990926599985,43.81246076505232],[19.202955407366233,43.81860392692971],[19.217483160919187,43.82485915872326],[19.220493605495562,43.829646776977256],[19.21687051486242,43.83734983003069],[19.22278187288515,43.84505188843394],[19.223926006579973,43.85495307432495],[19.21644337196409,43.863978223416325],[19.216809494062943,43.86820158993146],[19.22156909124061,43.87172083314999],[19.22315562303362,43.875151895143915],[19.215100921570297,43.87875869635678],[19.207251249345745,43.887994630347976],[19.203111620504956,43.8970567685551],[19.18834954949216,43.90679280834149],[19.17921112359454,43.920634378273974],[19.179114101134928,43.9238033139718],[19.185597526005097,43.92998357198434],[19.188839238440153,43.93067022774886],[19.20123402043373,43.92737420795339],[19.21629844801504,43.932592820902016],[19.217609280943634,43.93461561831617]]]}},{"type":"Feature","properties":{"shapeName":"Rudo","shapeISO":"","shapeID":"43093233B46745881019900","shapeGroup":"BIH","shapeType":"ADM3"},"geometry":{"type":"MultiPolygon","coordinates":[[[[19.42135006095657,43.54340542462069],[19.43252294487803,43.55223971778878],[19.43252294487803,43.556411016255424],[19.424058639094994,43.5652434028608],[19.418980055085513,43.56720597987214],[19.410346463618453,43.563280761997646],[19.399512151964302,43.55457077312275],[19.40154358556805,43.55199433776852],[19.405775738459624,43.550767425076685],[19.411700752687636,43.54291459263442],[19.416102191263178,43.54107393761217],[19.42135006095657,43.54340542462069]]],[[[19.181892317376594,43.685310518665574],[19.17968616798231,43.68172084594033],[19.161783623015822,43.672211940728516],[19.16189107491323,43.6722047236691],[19.162013115612865,43.669379937833924],[19.151273513362014,43.6594921410495],[19.129061257970704,43.65232417022435],[19.130944281853147,43.6510525621261],[19.144687295082633,43.64062273674995],[19.147536457041895,43.63589233516319],[19.16597220555292,43.62315478646428],[19.184910747932747,43.62473196261004],[19.191111863921435,43.63140417316413],[19.195804599202916,43.63261722370595],[19.220803475000423,43.622548170361824],[19.225844814486663,43.6227811118589],[19.23464034237793,43.62604220108676],[19.251373299238423,43.62456696849085],[19.25308949978063,43.62247052289638],[19.251949834817083,43.609322393213915],[19.25463139822051,43.60543904417659],[19.260329720340394,43.60386136171252],[19.27239675610548,43.605924476633334],[19.274910722751713,43.60446816757195],[19.281047576784317,43.591741400845024],[19.28609045141326,43.59295887065542],[19.294724043779638,43.5917327925344],[19.29946405552181,43.58891271734808],[19.316054094820686,43.591610183463274],[19.324687687187065,43.59062930100151],[19.334167709772032,43.59197801067671],[19.356852049882264,43.59945666938984],[19.374288520299046,43.607792439569494],[19.3813985370129,43.60570860516805],[19.392740706618383,43.58940317521643],[19.414070757659374,43.57321597283891],[19.42727507518464,43.573583912467654],[19.44217225404634,43.58289448119541],[19.45008130131106,43.58399320991873],[19.458315377952374,43.582815999159095],[19.474675189008792,43.57394694359664],[19.479225599381948,43.57324050184775],[19.4928768323,43.58046151019062],[19.51703734749566,43.58838792426337],[19.519204210006365,43.59121292773449],[19.511403504967802,43.598274857698584],[19.50847824147769,43.61161179824592],[19.501760967694565,43.62617608495839],[19.503623115614346,43.628749346605105],[19.51174884913013,43.62593100621103],[19.517335291090887,43.62850427864959],[19.520551727180532,43.63218019096308],[19.524106735537487,43.644676609837745],[19.535787478309544,43.660354714098844],[19.543236067290707,43.674804340847686],[19.538326769864568,43.678599852201444],[19.52969317749819,43.69108661415595],[19.527019249338935,43.70277582044781],[19.51153835021472,43.70609178270968],[19.486519958229565,43.71773603728832],[19.467603612916434,43.71941191852528],[19.442707263429497,43.71720680245204],[19.431357455881937,43.719941134475846],[19.42659785960359,43.718970901785724],[19.4235773462176,43.714946474300405],[19.42014494513319,43.70488422342822],[19.408894296834376,43.701851433396996],[19.39707158078886,43.69247638327852],[19.381244397710816,43.68599571303179],[19.364082391389275,43.68351356979548],[19.334525602174836,43.69137334050731],[19.318126352249408,43.70240286080343],[19.308401214944183,43.70157571744545],[19.300773657278512,43.698267028001],[19.29314609871352,43.697439827985704],[19.279904657174256,43.70265100174237],[19.269287096522362,43.71403129271005],[19.262574844553455,43.71597190198173],[19.22047072314541,43.717295007958285],[19.21485684017108,43.713590236400364],[19.21595520826628,43.71041453510276],[19.23230869349146,43.698151220502496],[19.229989915702106,43.690827327019576],[19.225352360123395,43.68667966363563],[19.220104600147238,43.68420858026184],[19.181892317376594,43.685310518665574]]]]}},{"type":"Feature","properties":{"shapeName":"Bijeljina","shapeISO":"","shapeID":"43093233B83094725746766","shapeGroup":"BIH","shapeType":"ADM3"},"geometry":{"type":"Polygon","coordinates":[[[18.90834885181812,44.76877170884734],[18.91104560207293,44.766050993458634],[18.916806774213285,44.75935728371172],[18.924139173484093,44.756010137457906],[18.927766187859334,44.748888864829325],[18.953793495073796,44.75728951389999],[18.96418455337448,44.75562334444186],[18.99150298127762,44.73253004122847],[18.99669851132728,44.714072575888736],[19.004240407668703,44.703352636415104],[19.021838168796478,44.7007319049535],[19.030385651976303,44.694417837713104],[19.036754365621505,44.6928689983057],[19.04412866520579,44.69513267193531],[19.054975589851665,44.694975409287736],[19.07213759617315,44.685901094260146],[19.077393459940254,44.68002872094877],[19.07524820903768,44.675757530285864],[19.064092905063546,44.66751934554139],[19.062054916301406,44.661568816647616],[19.063985642023795,44.65836443237271],[19.091552114638432,44.6559228782383],[19.113755460446214,44.65737256379282],[19.12340908995759,44.65561767711415],[19.127914116043655,44.65279448667627],[19.124575569107265,44.634698009205806],[19.120720822108296,44.62778036287352],[19.105637027626756,44.62241265581946],[19.09792753183018,44.617640943874505],[19.083011335904473,44.60451671367542],[19.078653795036644,44.59878884702772],[19.077983404410645,44.59377650078494],[19.077981017609943,44.59374590405031],[19.084142620085913,44.59362731764662],[19.112162863625315,44.601645393320325],[19.12473269235994,44.601645393320325],[19.140183106265397,44.59362731764662],[19.151967321434768,44.58952461856637],[19.15877597892836,44.5828104870144],[19.156419135534748,44.57702825185237],[19.16610837909849,44.57068578402175],[19.180036837929777,44.56548173829162],[19.18519592475218,44.56846807833921],[19.20720312032779,44.57401548432722],[19.217868145398654,44.578235982005026],[19.219222434467838,44.58233560000798],[19.2143131370417,44.58788168309326],[19.215667426110883,44.59427107844755],[19.219391720151805,44.59957494892478],[19.236997477151874,44.60307041766572],[19.239198196439645,44.60487833556681],[19.236489618301277,44.61042226747372],[19.23665890488462,44.61596566967995],[19.240383199824862,44.62187001658805],[19.247662502222738,44.64391563569808],[19.252233227381566,44.64704712092794],[19.257481097075015,44.64813105760226],[19.27034684233297,44.64259072568149],[19.275763998609705,44.64680624381316],[19.27711828767889,44.667518049618366],[19.281011868303153,44.67413944937613],[19.296416905116132,44.68437103449571],[19.298617624403903,44.697007556953224],[19.30284977729542,44.70350526665476],[19.31740838388987,44.714573759071754],[19.324687687187065,44.723475139865855],[19.32638054852356,44.73105226445051],[19.32570340398894,44.749569944797145],[19.322310097333173,44.75496310176578],[19.301854916671118,44.76156084935377],[19.30164689808595,44.76412096650944],[19.308043475426075,44.77052384000325],[19.307501759798413,44.7736004135283],[19.296667448144262,44.77613846222033],[19.308151818551607,44.77775352680385],[19.310535367313378,44.78182943957705],[19.30544324041324,44.78882703473994],[19.29980939878476,44.79182574496224],[19.29796756565071,44.7958237818421],[19.305118211935962,44.80904608580829],[19.31118542606663,44.813734663523974],[19.3206112770888,44.81396523980402],[19.32570340398894,44.81849971239188],[19.327111863721598,44.82434020293806],[19.337296117521873,44.830103264554054],[19.340763096639648,44.829949591100785],[19.349430545783093,44.822419054096144],[19.3515974082938,44.82672233796558],[19.342171557271627,44.841934945941034],[19.351055692666137,44.84715855102638],[19.362099919575655,44.85047106978408],[19.36413135317946,44.85323135714145],[19.363284922061553,44.85599151139917],[19.35702133556623,44.86151142421289],[19.372595658962553,44.87626859122258],[19.36971779514016,44.87890768504167],[19.349064887734414,44.87950746269928],[19.321100937258507,44.88644193354844],[19.290417828120326,44.90012100587978],[19.271373139658692,44.895062001909935],[19.247038260307534,44.90649096958265],[19.236457877628993,44.90480487204724],[19.21926475566397,44.891876475518984],[19.20789084448694,44.89056473607377],[19.196781442809367,44.90143252678973],[19.19043321392172,44.91398414155492],[19.18117537874076,44.916793829571645],[19.16583382417167,44.91492071981543],[19.158956576284993,44.91211094006786],[19.148640703106025,44.9055542546252],[19.14219725040283,44.89414009159202],[19.123067918649554,44.89366039231328],[19.115788615352358,44.889702720604134],[19.111387176776816,44.881666609026865],[19.102753584410436,44.87734823543275],[19.09547428111324,44.875788742656425],[19.07956138544961,44.875788742656425],[19.072959227586352,44.8727895998602],[19.0688963603788,44.869910275538814],[19.065849209973123,44.8616314162569],[19.053829895833076,44.85503147342382],[19.03351556159396,44.85095112969094],[19.005874524389867,44.85242085214065],[19.00544115188768,44.846313588501346],[18.996340329342786,44.83686452237987],[19.00251588659893,44.83041061235991],[19.002299200347863,44.823879133115554],[18.998290505602426,44.820113591668985],[18.992886893115667,44.81901846383107],[18.988485453640806,44.81997910345291],[18.982391152829507,44.82502219481847],[18.97595828065016,44.827783701656585],[18.96292324970824,44.82838401171284],[18.956321090046345,44.82730344929479],[18.948026071745858,44.82190033323383],[18.939392479379478,44.800763282099865],[18.923987441667123,44.77865717368968],[18.91281455864504,44.770004652392856],[18.90834885181812,44.76877170884734]]]}},{"type":"Feature","properties":{"shapeName":"Doboj East","shapeISO":"","shapeID":"43093233B57216929410228","shapeGroup":"BIH","shapeType":"ADM3"},"geometry":{"type":"Polygon","coordinates":[[[18.242491361087502,44.70769787635595],[18.23987182032829,44.714924411932145],[18.247804481991295,44.71934717972863],[18.25573714185566,44.72819170358429],[18.252319996870426,44.7353010260216],[18.246217949298966,44.74188937389556],[18.24804856428983,44.74683014219738],[18.228277931381456,44.752203830642316],[18.212290570053824,44.74882366577958],[18.19959831301179,44.748043599232744],[18.184575836105978,44.75481668853939],[18.181000418534552,44.76010602507307],[18.17602522058752,44.7659935276792],[18.171679926687318,44.7643557794957],[18.158814181429364,44.75774469496173],[18.15813703779412,44.751012630928244],[18.163384906588192,44.74055233472251],[18.156782748724936,44.729488811959186],[18.165585626775282,44.72323458021174],[18.178789944300547,44.7204680695458],[18.189624255954698,44.716498497108034],[18.206085637342312,44.70718697869614],[18.22147036026894,44.70356783338883],[18.222182000931234,44.70344462353867],[18.229921124060695,44.70210471106361],[18.242441525156323,44.70771635562534],[18.242491361087502,44.70769787635595]]]}},{"type":"Feature","properties":{"shapeName":"Gradačac","shapeISO":"","shapeID":"43093233B36627259982738","shapeGroup":"BIH","shapeType":"ADM3"},"geometry":{"type":"Polygon","coordinates":[[[18.57529294487966,44.83252063410566],[18.572549457891228,44.832225847145196],[18.55832942356409,44.83114535667295],[18.548849400979122,44.830905244881194],[18.535306512085924,44.832465953540975],[18.52616506176821,44.83678769509612],[18.52311791136259,44.83954863715991],[18.52277933909528,44.84338972885297],[18.526778723159623,44.85082361391869],[18.524133627265144,44.85701153505437],[18.49239248102822,44.88625452652525],[18.48075405945235,44.889440364980885],[18.47361230116684,44.906865652328065],[18.4696446586741,44.91192361758095],[18.472025244169743,44.920539865622345],[18.471754397147777,44.92105126870115],[18.4696446586741,44.92503478692595],[18.462243424326257,44.926661064772595],[18.461973880490234,44.92672029180807],[18.456419180101136,44.925971185322],[18.45350957470714,44.92128904315484],[18.44345821192701,44.91660652147385],[18.425736070962955,44.91791766646719],[18.409071967996965,44.92278737034093],[18.40272373910932,44.92072716112966],[18.41013000689435,44.90873902468627],[18.409071967996965,44.90386812921082],[18.398227075818966,44.89449986357789],[18.35874108863038,44.8485507923852],[18.355524652540737,44.83534715025081],[18.35654037024193,44.82430178120228],[18.35992609111628,44.81781764316975],[18.358063944995138,44.81433512016969],[18.346721774490334,44.80724933748701],[18.327253870469804,44.78862999867556],[18.32670330011723,44.788050591561614],[18.329404100019246,44.786037925010305],[18.33912923732447,44.783060366842506],[18.3461847299414,44.77899981359059],[18.350761263821312,44.77818766822634],[18.35476573265248,44.77899981359059],[18.361058467973976,44.786579282707805],[18.372499805821406,44.78224827903489],[18.38584803286045,44.79145127265815],[18.39137801178589,44.79253388103382],[18.409302774503487,44.79199257909431],[18.42303237974056,44.79659348280302],[18.430659938305553,44.797405369162504],[18.432757517045843,44.79253388103382],[18.424939268932178,44.78265432473734],[18.431232005152992,44.775074340308606],[18.428943737763348,44.76613951013036],[18.43161338335102,44.76316092583613],[18.43529691921748,44.76165201542824],[18.43657129542902,44.76112998506079],[18.44610574318557,44.76004678762922],[18.455449502292765,44.75652625568222],[18.464983950948636,44.756797073026576],[18.48233664591953,44.77169009702044],[18.49187109367608,44.769253320084715],[18.49835451854625,44.77358529772334],[18.507316899455418,44.77412677233275],[18.513609634776856,44.77277307681612],[18.524860283974988,44.776427981865936],[18.53096232974775,44.78075942171],[18.537652591350618,44.78123429791441],[18.53815729012689,44.78290604767602],[18.542165985771703,44.786058856730904],[18.543141073002175,44.78998040357283],[18.541190897641854,44.79443987719861],[18.52688960597061,44.80412651362775],[18.522447537823666,44.809507274341286],[18.52353096907899,44.81765432988345],[18.53057327133945,44.81896082538185],[18.5500750321371,44.81004532343297],[18.55939254093306,44.81381152228397],[18.566543186319052,44.81949878544066],[18.57120193981774,44.82710654453143],[18.57529294487966,44.83252063410566]]]}},{"type":"Feature","properties":{"shapeName":"Gračanica","shapeISO":"","shapeID":"43093233B56079028726437","shapeGroup":"BIH","shapeType":"ADM3"},"geometry":{"type":"Polygon","coordinates":[[[18.326666295346094,44.78801164861151],[18.322344573043665,44.783463569787955],[18.313710981576605,44.77937815837538],[18.26529515095052,44.77925799456085],[18.250905830939416,44.779738647120894],[18.23888651590005,44.784785258432976],[18.23143792691883,44.78574646732568],[18.19622641471733,44.77769584698581],[18.18539210216386,44.76952391889381],[18.17602522058752,44.7659935276792],[18.181000418534552,44.76010602507307],[18.184575836105978,44.75481668853939],[18.19959831301179,44.748043599232744],[18.212290570053824,44.74882366577958],[18.228277931381456,44.752203830642316],[18.24804856428983,44.74683014219738],[18.246217949298966,44.74188937389556],[18.252319996870426,44.7353010260216],[18.25573714185566,44.72819170358429],[18.247804481991295,44.71934717972863],[18.23987182032829,44.714924411932145],[18.242491361087502,44.70769787635595],[18.24633510578053,44.706272587609874],[18.253952981345037,44.69869221827133],[18.262925145978727,44.69484149214122],[18.285778771772925,44.690268421550456],[18.314895984062446,44.67570439744003],[18.3221752873597,44.678473047593116],[18.330470307458768,44.677750803856554],[18.34570605768846,44.66137752994911],[18.352308216451092,44.642831620782715],[18.370252545718472,44.63439970138518],[18.39090545132558,44.6362066453205],[18.401909049563017,44.621147067783],[18.406479774721902,44.618255181731286],[18.42120766700026,44.61765268722178],[18.427185318547686,44.61514969770042],[18.450872967513476,44.63914289043208],[18.45092594387728,44.63961406323847],[18.45125434481224,44.64253489127225],[18.446487121383598,44.649046976636726],[18.428943737763348,44.665052747086634],[18.425892713977646,44.673325183410554],[18.417311710367187,44.68132526994532],[18.411781731441806,44.69311999279347],[18.395191791967648,44.69840650185864],[18.38527596601307,44.708029422220136],[18.388708367097536,44.71399211804186],[18.391446660634927,44.73720825695557],[18.433184659944175,44.74674346553854],[18.43721201112544,44.749603721534584],[18.43770017392393,44.75281050699937],[18.434160987339737,44.75792366094822],[18.43529691921748,44.76165201542824],[18.43161338335102,44.76316092583613],[18.428943737763348,44.76613951013036],[18.431232005152992,44.775074340308606],[18.424939268932178,44.78265432473734],[18.432757517045843,44.79253388103382],[18.430659938305553,44.797405369162504],[18.42303237974056,44.79659348280302],[18.409302774503487,44.79199257909431],[18.39137801178589,44.79253388103382],[18.38584803286045,44.79145127265815],[18.372499805821406,44.78224827903489],[18.361058467973976,44.786579282707805],[18.35476573265248,44.77899981359059],[18.350761263821312,44.77818766822634],[18.3461847299414,44.77899981359059],[18.33912923732447,44.783060366842506],[18.329404100019246,44.786037925010305],[18.32670330011723,44.788050591561614],[18.326666295346094,44.78801164861151]]]}},{"type":"Feature","properties":{"shapeName":"Srebrenik","shapeISO":"","shapeID":"43093233B95129910366582","shapeGroup":"BIH","shapeType":"ADM3"},"geometry":{"type":"Polygon","coordinates":[[[18.537652591350618,44.78123429791441],[18.53096232974775,44.78075942171],[18.524860283974988,44.776427981865936],[18.513609634776856,44.77277307681612],[18.507316899455418,44.77412677233275],[18.49835451854625,44.77358529772334],[18.49187109367608,44.769253320084715],[18.48233664591953,44.77169009702044],[18.464983950948636,44.756797073026576],[18.455449502292765,44.75652625568222],[18.44610574318557,44.76004678762922],[18.43657129542902,44.76112998506079],[18.43529691921748,44.76165201542824],[18.434160987339737,44.75792366094822],[18.43770017392393,44.75281050699937],[18.43721201112544,44.749603721534584],[18.433184659944175,44.74674346553854],[18.391446660634927,44.73720825695557],[18.388708367097536,44.71399211804186],[18.38527596601307,44.708029422220136],[18.395191791967648,44.69840650185864],[18.411781731441806,44.69311999279347],[18.417311710367187,44.68132526994532],[18.425892713977646,44.673325183410554],[18.428943737763348,44.665052747086634],[18.446487121383598,44.649046976636726],[18.45125434481224,44.64253489127225],[18.45092594387728,44.63961406323847],[18.459883020584982,44.63875279780342],[18.477760110240922,44.627939398984154],[18.485208898871633,44.62624299611741],[18.503979842695628,44.62815144563274],[18.53168933179728,44.62857553713138],[18.535860652746976,44.62751530208959],[18.5427135371001,44.62306210842962],[18.553141839924024,44.61054892529273],[18.555781092923155,44.606582272054254],[18.55582340332745,44.606518681891714],[18.571614832958232,44.59400193384221],[18.576977959765088,44.59166800427505],[18.582341086571944,44.591243643879125],[18.58651240752164,44.593577589634094],[18.58830011675701,44.59739657239396],[18.586810359210745,44.60376098548113],[18.588002165067905,44.60630655610271],[18.602601787942206,44.61966896904772],[18.602005885463313,44.62454654468735],[18.598132516202725,44.63048390930504],[18.598728418681617,44.63451248896024],[18.60558130303474,44.641084835197034],[18.615413702480453,44.645536646599],[18.62783232100486,44.646876363053764],[18.632904139414563,44.64842277249301],[18.634506434524383,44.64891131570471],[18.64098985939455,44.65325231084552],[18.64385019363158,44.65759298043173],[18.646710528767926,44.69393333335671],[18.65802076704483,44.70676735143218],[18.658414906621125,44.712509421050314],[18.656467973318343,44.71226879936563],[18.650942473916075,44.71480954242651],[18.646717092919573,44.71858195559281],[18.64325011290242,44.72535628416523],[18.636966212520747,44.728820122850436],[18.608580315429265,44.72504837698108],[18.596337544042456,44.72889709402574],[18.589295240882734,44.72897406610031],[18.579436017358375,44.72666486968802],[18.57586069421569,44.730436509437425],[18.574343890458238,44.73543932646379],[18.551916865271153,44.75429220572079],[18.54899160178104,44.7582928425407],[18.54985834588598,44.76852397979786],[18.546933082395867,44.774138797167836],[18.537507231373695,44.780752811692935],[18.537652591350618,44.78123429791441]]]}},{"type":"Feature","properties":{"shapeName":"Čelić","shapeISO":"","shapeID":"43093233B97959138698162","shapeGroup":"BIH","shapeType":"ADM3"},"geometry":{"type":"Polygon","coordinates":[[[18.658414906621125,44.712509421050314],[18.65802076704483,44.70676735143218],[18.646710528767926,44.69393333335671],[18.64385019363158,44.65759298043173],[18.64098985939455,44.65325231084552],[18.634506434524383,44.64891131570471],[18.632904139414563,44.64842277249301],[18.634482598892873,44.64680852988977],[18.637760065674513,44.64426473542926],[18.645208852506585,44.640448834646065],[18.654147397784243,44.62857553713138],[18.657424864565883,44.62687915315047],[18.663383894751007,44.62687915315047],[18.674408099154505,44.63048390930504],[18.680069178549786,44.63005983129625],[18.683942547810375,44.627939398984154],[18.709566376886812,44.6010031586689],[18.720590581290367,44.5997302717347],[18.72982707825713,44.603336713218766],[18.732806593349665,44.603124575738605],[18.75723861566962,44.59039491229544],[18.762601743375797,44.5891217924368],[18.77630751208204,44.59081927988592],[18.780544334984103,44.59336492055315],[18.77687780366773,44.59451217409759],[18.758256330765107,44.603552534322034],[18.74369772506998,44.615363151788074],[18.740312002397047,44.62006262748832],[18.741497004882945,44.65078059434899],[18.73696690839614,44.66150757101764],[18.736208507416734,44.66844268308341],[18.737833653400457,44.674760618307914],[18.749737008955833,44.68514630046144],[18.758878740761304,44.68962643780992],[18.775523515497866,44.694480473694966],[18.791267123678892,44.701941069524764],[18.807349305925754,44.70506942061735],[18.818522188947895,44.71433316164615],[18.822923628422757,44.72106949656006],[18.82495506202656,44.72924827748608],[18.816490756243468,44.742115487739625],[18.804302155520134,44.75077218638734],[18.801873575904835,44.752874101658506],[18.801322719567906,44.752445664635786],[18.787671486649856,44.74336597975622],[18.782362674397973,44.741903862873016],[18.766977951471347,44.7489062963885],[18.754735180084538,44.75067600749179],[18.717807512306877,44.74270110647092],[18.704424970735886,44.73260393672234],[18.699501858823794,44.725066851753866],[18.686370673268016,44.71627234369373],[18.67705316537132,44.71527148369205],[18.672069381596714,44.71658029764268],[18.66394364808093,44.713192718768994],[18.658414906621125,44.712509421050314]]]}},{"type":"Feature","properties":{"shapeName":"Teočak","shapeISO":"","shapeID":"43093233B12629528603893","shapeGroup":"BIH","shapeType":"ADM3"},"geometry":{"type":"Polygon","coordinates":[[[18.935364545437494,44.55254365606493],[18.942469104165866,44.55373488635598],[18.949905973182183,44.558490617348184],[18.95524526345821,44.56446869877146],[18.968974868695284,44.56786506222289],[18.979081383299274,44.576423019806555],[18.990141342948675,44.58117689549738],[18.99624338962076,44.5803619730267],[19.010735751253947,44.574793029175],[19.03013211780302,44.57287485079377],[19.032838417059338,44.57920062450927],[19.032838417059338,44.60258829651275],[19.029283408702383,44.60704776294398],[19.007276213126772,44.615363151788074],[18.975788994966194,44.61692968535675],[18.968001832818402,44.61548365554631],[18.95987609930262,44.607529847224725],[18.957844665698815,44.601262442208],[18.95383747821711,44.59666033250841],[18.952596796904686,44.59523545475247],[18.934313894470677,44.573412531163456],[18.934313894470677,44.56195523214831],[18.935364545437494,44.55254365606493]]]}},{"type":"Feature","properties":{"shapeName":"Sapna","shapeISO":"","shapeID":"43093233B99110432361813","shapeGroup":"BIH","shapeType":"ADM3"},"geometry":{"type":"Polygon","coordinates":[[[18.88112762620408,44.53380842299695],[18.88087656969799,44.530766030428026],[18.88202070429213,44.523968774539355],[18.885071726279193,44.51608296395767],[18.885834482675307,44.50003612146986],[18.888122750064895,44.49785993928481],[18.891364462500007,44.497315880923225],[18.899373399263027,44.50112418243515],[18.91043335801311,44.503708246738256],[18.919395738922276,44.50058015465049],[18.935794989747023,44.487521959870605],[18.94170634776981,44.48588948081493],[18.95619870850362,44.48874628970958],[18.960012487786116,44.487794035366505],[18.95772422039653,44.48099176665676],[18.946092193899688,44.476910024478116],[18.936939123441846,44.464663083834296],[18.938464635334697,44.46112460051995],[18.94265979281522,44.45799422505348],[18.958486975893265,44.451732969600926],[18.963522992085643,44.44885691892986],[18.96454204827694,44.455113009457875],[18.972212824662165,44.46304235442119],[18.98517379463499,44.46417502985378],[18.994431628916573,44.46757292574995],[18.987554380130575,44.487956142661915],[18.99601868591367,44.4949376444568],[19.010831221483727,44.49286215036801],[19.0259082665533,44.51040718334491],[19.026574830564016,44.51682772312097],[19.01100050806707,44.52382839846189],[19.01032336353245,44.528293906538636],[19.013878370990085,44.53275907287298],[19.02403553900899,44.5396371724176],[19.034869850663142,44.54422212125394],[19.034869850663142,44.55194332352562],[19.028775549851787,44.55713043052498],[19.025389828078175,44.56267891749809],[19.027421260782603,44.56653842281003],[19.03013211780302,44.57287485079377],[19.010735751253947,44.574793029175],[18.99624338962076,44.5803619730267],[18.990141342948675,44.58117689549738],[18.979081383299274,44.576423019806555],[18.968974868695284,44.56786506222289],[18.95524526345821,44.56446869877146],[18.949905973182183,44.558490617348184],[18.942469104165866,44.55373488635598],[18.935364545437494,44.55254365606493],[18.935498898755213,44.55134014103476],[18.92517244415302,44.53372446900909],[18.914845991349466,44.53058687288592],[18.904519538545912,44.530224831910516],[18.88488234794204,44.533000423930446],[18.88112762620408,44.53380842299695]]]}},{"type":"Feature","properties":{"shapeName":"Tuzla","shapeISO":"","shapeID":"43093233B86865457565284","shapeGroup":"BIH","shapeType":"ADM3"},"geometry":{"type":"Polygon","coordinates":[[[18.753393779199598,44.49730595420647],[18.75692874616476,44.496907833329885],[18.789917936463667,44.497587910553705],[18.80650787593777,44.509419981347094],[18.811275100265732,44.50982794080687],[18.816233012343673,44.50534022846881],[18.821381614869665,44.506020205867856],[18.82919986208401,44.51322749235493],[18.835111219207477,44.523289005783056],[18.847124623902346,44.53090196745188],[18.85787205651544,44.53797367032579],[18.854410847482654,44.54337755263202],[18.850347980275103,44.5498924789548],[18.840529384523506,44.554235358175276],[18.83295891042542,44.55267195874393],[18.819524363758433,44.55282637054063],[18.808798395229815,44.55483368522647],[18.800239288312582,44.559156896273805],[18.79503881918623,44.56456045749917],[18.791896869444997,44.58385479776075],[18.78805068848851,44.591016190944515],[18.780544334984103,44.59336492055315],[18.77630751208204,44.59081927988592],[18.762601743375797,44.5891217924368],[18.75723861566962,44.59039491229544],[18.732806593349665,44.603124575738605],[18.72982707825713,44.603336713218766],[18.720590581290367,44.5997302717347],[18.709566376886812,44.6010031586689],[18.683942547810375,44.627939398984154],[18.680069178549786,44.63005983129625],[18.674408099154505,44.63048390930504],[18.663383894751007,44.62687915315047],[18.657424864565883,44.62687915315047],[18.654147397784243,44.62857553713138],[18.645208852506585,44.640448834646065],[18.637760065674513,44.64426473542926],[18.634482598892873,44.64680852988977],[18.632904139414563,44.64842277249301],[18.62783232100486,44.646876363053764],[18.615413702480453,44.645536646599],[18.60558130303474,44.641084835197034],[18.598728418681617,44.63451248896024],[18.598132516202725,44.63048390930504],[18.602005885463313,44.62454654468735],[18.602601787942206,44.61966896904772],[18.588002165067905,44.60630655610271],[18.586810359210745,44.60376098548113],[18.58830011675701,44.59739657239396],[18.58651240752164,44.593577589634094],[18.582341086571944,44.591243643879125],[18.576977959765088,44.59166800427505],[18.571614832958232,44.59400193384221],[18.55582340332745,44.606518681891714],[18.555781092923155,44.606582272054254],[18.553761102293095,44.592861629460685],[18.550588037807756,44.5890375961082],[18.549489669712557,44.58286646621451],[18.55046599710812,44.577998632930644],[18.55961906756596,44.57087000025035],[18.554737429688657,44.56061018900908],[18.555225593386467,44.5513052374468],[18.56295322581076,44.538836009574254],[18.574044305600296,44.53226632353204],[18.577559083684832,44.52816685391724],[18.577559083684832,44.52285938705114],[18.574874183796567,44.51772547495074],[18.561327640058607,44.50676001426331],[18.55607988008245,44.49318087010113],[18.555713757983597,44.48726076617146],[18.556978721844455,44.48435998850564],[18.557422329576923,44.48334272039028],[18.57780316598337,44.475854167336024],[18.589519095629782,44.46740662221788],[18.6029435977689,44.46644857624085],[18.60867952234213,44.46836465200715],[18.620967518835982,44.476910024478116],[18.626497498660683,44.477998517117896],[18.63984572569973,44.474324773069895],[18.660058754907652,44.47323621208159],[18.695336212596203,44.488882325658835],[18.71669337639827,44.494187445294415],[18.73385538271981,44.50302824146024],[18.741101563086715,44.503436244986744],[18.746250164713388,44.50180421109553],[18.749682565797798,44.49772392491923],[18.753393779199598,44.49730595420647]]]}},{"type":"Feature","properties":{"shapeName":"Lukavac","shapeISO":"","shapeID":"43093233B16759840315853","shapeGroup":"BIH","shapeType":"ADM3"},"geometry":{"type":"Polygon","coordinates":[[[18.556978721844455,44.48435998850564],[18.555713757983597,44.48726076617146],[18.55607988008245,44.49318087010113],[18.561327640058607,44.50676001426331],[18.574874183796567,44.51772547495074],[18.577559083684832,44.52285938705114],[18.577559083684832,44.52816685391724],[18.574044305600296,44.53226632353204],[18.56295322581076,44.538836009574254],[18.555225593386467,44.5513052374468],[18.554737429688657,44.56061018900908],[18.55961906756596,44.57087000025035],[18.55046599710812,44.577998632930644],[18.549489669712557,44.58286646621451],[18.550588037807756,44.5890375961082],[18.553761102293095,44.592861629460685],[18.555781092923155,44.606582272054254],[18.553141839924024,44.61054892529273],[18.5427135371001,44.62306210842962],[18.535860652746976,44.62751530208959],[18.53168933179728,44.62857553713138],[18.503979842695628,44.62815144563274],[18.485208898871633,44.62624299611741],[18.477760110240922,44.627939398984154],[18.459883020584982,44.63875279780342],[18.45092594387728,44.63961406323847],[18.450872967513476,44.63914289043208],[18.427185318547686,44.61514969770042],[18.429841259366697,44.61403758976303],[18.430687689585284,44.60765036717078],[18.427471253495582,44.601262442208],[18.413759077119778,44.58969007403772],[18.404617626802064,44.58522927481124],[18.360941808817472,44.580285827429066],[18.331824595628632,44.58149158446912],[18.30947882778571,44.57895946500736],[18.29992871024183,44.57797766163981],[18.29864451703088,44.57112125194425],[18.295766652309226,44.567985670302505],[18.295089508673925,44.55001311851066],[18.301691666537238,44.54156772187292],[18.311002402538918,44.53481052178819],[18.3128645504587,44.52913869459513],[18.30727810939726,44.523224925489956],[18.295935938892512,44.516948431924675],[18.293904505288765,44.513206354689544],[18.294829574025698,44.511460123985614],[18.2967823691111,44.50777387936108],[18.303215242189708,44.501857941091146],[18.32742315705309,44.47081961863057],[18.330999159183875,44.46660333337718],[18.333408568850416,44.46684050528512],[18.340464060567967,44.4699704068089],[18.344277839850463,44.47051472057797],[18.361439846172004,44.46643224545181],[18.369639471584378,44.46262167674905],[18.424939268932178,44.42477468780163],[18.43161338335102,44.42572797006983],[18.440385075610777,44.43457913901608],[18.44667781093227,44.442612115556756],[18.45125434481224,44.456360918621556],[18.456784325536262,44.456360918621556],[18.461742238513523,44.453638640211125],[18.476043910598037,44.43675768282088],[18.48576904700394,44.43444297716172],[18.513037567929473,44.441250671481384],[18.51780479225738,44.444518082943205],[18.518620223744392,44.44579150677265],[18.52085581514382,44.44928273161281],[18.53096232974775,44.466976591596506],[18.537255065968566,44.473372283104425],[18.546789513725116,44.48058360574885],[18.556978721844455,44.48435998850564]]]}},{"type":"Feature","properties":{"shapeName":"Banovići","shapeISO":"","shapeID":"43093233B54708030553090","shapeGroup":"BIH","shapeType":"ADM3"},"geometry":{"type":"Polygon","coordinates":[[[18.54296680147678,44.29065906086703],[18.55918429661807,44.295938823218194],[18.562807387251155,44.29894139782732],[18.571960455910357,44.31026791023589],[18.573867346001293,44.32268362215149],[18.573343646492162,44.32523122883822],[18.572913900955825,44.32732178567193],[18.568528055725267,44.33345996710386],[18.56814667752718,44.363323282143824],[18.560519118962247,44.37531886767164],[18.560519118962247,44.38036173240806],[18.569672189420032,44.39017362910977],[18.570053566718798,44.39330763873659],[18.570053566718798,44.396305230202245],[18.56261669770248,44.40284489597525],[18.562235319504452,44.40556954140129],[18.571388389962294,44.41224438517031],[18.573485967803208,44.41755647185374],[18.56357014184863,44.425591788430324],[18.557849473374574,44.42817919731215],[18.546217446877733,44.42463850346422],[18.54145022344909,44.42654505720867],[18.533631976234744,44.43934459707555],[18.525623039471725,44.4439735272565],[18.518620223744392,44.44579150677265],[18.51780479225738,44.444518082943205],[18.513037567929473,44.441250671481384],[18.48576904700394,44.43444297716172],[18.476043910598037,44.43675768282088],[18.461742238513523,44.453638640211125],[18.456784325536262,44.456360918621556],[18.45125434481224,44.456360918621556],[18.44667781093227,44.442612115556756],[18.440385075610777,44.43457913901608],[18.43161338335102,44.42572797006983],[18.424939268932178,44.42477468780163],[18.369639471584378,44.46262167674905],[18.361439846172004,44.46643224545181],[18.344277839850463,44.47051472057797],[18.340464060567967,44.4699704068089],[18.333408568850416,44.46684050528512],[18.330999159183875,44.46660333337718],[18.331316737677355,44.466228892549395],[18.330808879726078,44.46320848168614],[18.31811242015209,44.45716719141279],[18.314895984062446,44.45245454963782],[18.315403842013723,44.4473789729613],[18.321667429408365,44.43444634332411],[18.329116017490264,44.42598419501462],[18.357556086144484,44.41389328674586],[18.37042183140244,44.41486065149792],[18.381425428740613,44.418609038376474],[18.38718115638528,44.41812538927536],[18.393614029463947,44.413409598973885],[18.402755479781604,44.400348501182464],[18.424397018207856,44.38830068303014],[18.44292369087566,44.37149733353516],[18.444115465256573,44.36878666447302],[18.44162357336927,44.36561115023443],[18.4228802144504,44.370258186466174],[18.409337324657884,44.367082751367946],[18.40021618822658,44.35945325926053],[18.403771196583477,44.354974826127375],[18.41105049988073,44.35243286088786],[18.423069814920098,44.3507381559412],[18.440675571020847,44.34238496589353],[18.467084205172,44.340205677450115],[18.477749231142127,44.3349992701003],[18.486260937492318,44.325708924427374],[18.489532577294803,44.32336840626461],[18.49005294598669,44.322996136562494],[18.506846129545295,44.316562453194706],[18.523205939702393,44.30128932084551],[18.540432495763127,44.29493080551231],[18.54296680147678,44.29065906086703]]]}},{"type":"Feature","properties":{"shapeName":"Kladanj","shapeISO":"","shapeID":"43093233B14237164758735","shapeGroup":"BIH","shapeType":"ADM3"},"geometry":{"type":"Polygon","coordinates":[[[18.806260724253093,44.19554115849775],[18.804640727787387,44.198014053106135],[18.80007000262856,44.20031998318075],[18.799573734240482,44.20048169747241],[18.792621413647396,44.20274718053798],[18.78398782128096,44.206994534670116],[18.768752070151947,44.23198704326751],[18.76181134002138,44.23987082677729],[18.758764189615704,44.272365118355594],[18.74691416026036,44.29115026337399],[18.748268450228863,44.30096462691603],[18.767567067666107,44.3308822493164],[18.782294959944522,44.342869241822086],[18.792113555696062,44.345895871497305],[18.80599501685657,44.34722753991906],[18.815407324988087,44.35190024460064],[18.821907911620883,44.363907144499194],[18.827541753249363,44.36824451627149],[18.82763675211856,44.368257930624296],[18.820106381604262,44.37249910365074],[18.8200015844377,44.3724741334365],[18.81563710986478,44.371434202026876],[18.804612904561964,44.36525739561239],[18.77183823944324,44.35588444451156],[18.758728374115208,44.362488270617234],[18.75485500485462,44.36035808605686],[18.752471392241034,44.34949293664977],[18.74532055619875,44.340330559108054],[18.733700447517663,44.333937354225554],[18.72982707825713,44.33542916492405],[18.715823357861723,44.34714920896886],[18.711354085222922,44.34778841650228],[18.702415540844584,44.33883887341534],[18.697946267306463,44.33862577276125],[18.68930567461723,44.34629692146581],[18.679473275171574,44.34714920896886],[18.652061736859707,44.33841267120789],[18.637462113985407,44.326904024501175],[18.624054296968268,44.326051442919834],[18.606475157202794,44.31027643760757],[18.599622272849672,44.31219524641352],[18.57936157147941,44.32434624108623],[18.573343646492162,44.32523122883822],[18.573867346001293,44.32268362215149],[18.571960455910357,44.31026791023589],[18.562807387251155,44.29894139782732],[18.55918429661807,44.295938823218194],[18.54296680147678,44.29065906086703],[18.54379113175537,44.289269595715325],[18.547149768646932,44.27592869815095],[18.53674882859559,44.26374860681278],[18.53913237825668,44.25909312684638],[18.54749511280926,44.2511488657276],[18.548002970760535,44.235140683295924],[18.541739384265213,44.22458745384796],[18.543770817869017,44.219492115468825],[18.552912268186674,44.21548832472644],[18.56543944117732,44.21439633462319],[18.590155213991977,44.19862088594516],[18.607422398724793,44.182355616118855],[18.622339891472848,44.1744544172376],[18.629707223109904,44.174920650967294],[18.64747549389898,44.18362301269195],[18.65744306144819,44.18432225356918],[18.66210181494688,44.18191372164097],[18.66903577408175,44.17157922530106],[18.67705316537132,44.16481808618579],[18.68572061451482,44.160543402556016],[18.69687995554557,44.157900716844665],[18.70305551280171,44.15183763689748],[18.70771426719972,44.14958325506325],[18.712156335346663,44.15144895620443],[18.717790176975143,44.15751207662112],[18.7248324792356,44.15595748964648],[18.729816263010207,44.159532978264394],[18.727432714248437,44.168703893070244],[18.733933301780496,44.17484294594527],[18.748667965054608,44.172434026409235],[18.759779905518258,44.17422129857414],[18.769937073537164,44.16730017456348],[18.773661367578086,44.16900017561767],[18.779247810438164,44.180048983673714],[18.78398782128096,44.18502634179231],[18.792621413647396,44.19170262537591],[18.806260724253093,44.19554115849775]]]}},{"type":"Feature","properties":{"shapeName":"Kalesija","shapeISO":"","shapeID":"43093233B99462718052671","shapeGroup":"BIH","shapeType":"ADM3"},"geometry":{"type":"Polygon","coordinates":[[[18.8200015844377,44.3724741334365],[18.820106381604262,44.37249910365074],[18.82763675211856,44.368257930624296],[18.83631754641766,44.36948370560856],[18.846935171820746,44.369406256893285],[18.850300932242305,44.37072457937592],[18.854844219085464,44.37250412186779],[18.863511668228966,44.38094497153327],[18.873912608280307,44.38334535740239],[18.87402095140584,44.391087868210604],[18.86806208040076,44.39913899307015],[18.869145510756766,44.40393817480697],[18.88572200716493,44.413535357470835],[18.89287265345024,44.41446403428779],[18.91074926736485,44.40602801847831],[18.921691922144532,44.405950618326415],[18.930251029061765,44.40865956698548],[18.935884870690302,44.41307101411604],[18.94281882982517,44.42374998317524],[18.94461218500436,44.42792920916571],[18.944877349210344,44.42854714683341],[18.945310721712474,44.4329570938948],[18.94920049370785,44.437551341721075],[18.96321950077936,44.44699375465808],[18.963522992085643,44.44885691892986],[18.958486975893265,44.451732969600926],[18.94265979281522,44.45799422505348],[18.938464635334697,44.46112460051995],[18.936939123441846,44.464663083834296],[18.946092193899688,44.476910024478116],[18.95772422039653,44.48099176665676],[18.960012487786116,44.487794035366505],[18.95619870850362,44.48874628970958],[18.94170634776981,44.48588948081493],[18.935794989747023,44.487521959870605],[18.919395738922276,44.50058015465049],[18.91043335801311,44.503708246738256],[18.899373399263027,44.50112418243515],[18.891364462500007,44.497315880923225],[18.888122750064895,44.49785993928481],[18.885834482675307,44.50003612146986],[18.885071726279193,44.51608296395767],[18.88202070429213,44.523968774539355],[18.88087656969799,44.530766030428026],[18.88112762620408,44.53380842299695],[18.87591018420767,44.53493119282035],[18.85796585494029,44.537827225646026],[18.85787205651544,44.53797367032579],[18.847124623902346,44.53090196745188],[18.835111219207477,44.523289005783056],[18.82919986208401,44.51322749235493],[18.821381614869665,44.506020205867856],[18.816233012343673,44.50534022846881],[18.811275100265732,44.50982794080687],[18.80650787593777,44.509419981347094],[18.789917936463667,44.497587910553705],[18.75692874616476,44.496907833329885],[18.753393779199598,44.49730595420647],[18.747203609758856,44.4811278196932],[18.74338983047636,44.45200521237069],[18.732329870826902,44.44901047625251],[18.730041603437314,44.44628785520041],[18.730041603437314,44.43689383838],[18.726418513703493,44.42640887736786],[18.728325401995733,44.423821390244996],[18.737097094255546,44.4260003342481],[18.742055008132184,44.42572797006983],[18.757203338863064,44.417654536627595],[18.76367150853332,44.416259823032476],[18.779902952159546,44.423494540640604],[18.785150713035023,44.424889082465256],[18.790032350013007,44.424017498209025],[18.800405829265685,44.41294724222149],[18.804555221146586,44.41076781168522],[18.826644629146358,44.40832675307723],[18.82614883829831,44.39576022485454],[18.82119092622031,44.3900373638333],[18.818521280632638,44.38036173240806],[18.8200015844377,44.3724741334365]]]}},{"type":"Feature","properties":{"shapeName":"Istočni Stari Grad","shapeISO":"","shapeID":"43093233B26529153732630","shapeGroup":"BIH","shapeType":"ADM3"},"geometry":{"type":"Polygon","coordinates":[[[18.515642102492194,43.95111553113453],[18.51551652486779,43.950030653791714],[18.50331243062425,43.91982014108669],[18.47928562213383,43.893716892420684],[18.479857688981213,43.87887415491838],[18.485006291507204,43.87200126424699],[18.48481560285785,43.86842704727047],[18.468988417981166,43.85756561296273],[18.461932927162934,43.842026198550286],[18.45354261310115,43.83542415939752],[18.447071106046735,43.83355001092434],[18.442005930929042,43.83397986707723],[18.431577628105117,43.841931642931],[18.42856196026628,43.84206758445151],[18.426810404676473,43.842146541329896],[18.421825097450323,43.8410678333139],[18.42277187132487,43.840544300179374],[18.42120766700026,43.83339851922631],[18.424762675357215,43.82338419502463],[18.43728984834786,43.81251308670966],[18.46268276569714,43.80041818095435],[18.47293585090887,43.7994476523873],[18.473009220299332,43.79944070782244],[18.483504958786853,43.80090691212433],[18.505329325787784,43.83194776797518],[18.535123682611925,43.85163981092859],[18.53674882859559,43.85937419276485],[18.53154835946924,43.8685135323737],[18.55137514964349,43.88827158736393],[18.560584315313974,43.903339532193684],[18.5679787327324,43.9206473464979],[18.566649928651316,43.92361438259775],[18.566285871395905,43.92442727349993],[18.554435842939824,43.933936994396845],[18.548849400979122,43.93454653959117],[18.538692234758855,43.932474059130584],[18.53513722550258,43.94832060551158],[18.52450605720884,43.95491639887274],[18.517935086934756,43.95772497442806],[18.51589790306582,43.95332541723428],[18.515642102492194,43.95111553113453]]]}},{"type":"Feature","properties":{"shapeName":"Stari Grad","shapeISO":"","shapeID":"43093233B88722992155367","shapeGroup":"BIH","shapeType":"ADM3"},"geometry":{"type":"Polygon","coordinates":[[[18.459459161111454,43.94058582347702],[18.45811914877976,43.940282574781065],[18.444961609490747,43.92146838255985],[18.44191058570499,43.912814603111485],[18.44305472029913,43.904434347966856],[18.452398479406327,43.89550326886081],[18.4524671273561,43.89054525515945],[18.445022630290225,43.87682336700482],[18.432818536945945,43.86353827237343],[18.42856196026628,43.84206758445151],[18.431577628105117,43.841931642931],[18.442005930929042,43.83397986707723],[18.447071106046735,43.83355001092434],[18.45354261310115,43.83542415939752],[18.461932927162934,43.842026198550286],[18.468988417981166,43.85756561296273],[18.48481560285785,43.86842704727047],[18.485006291507204,43.87200126424699],[18.479857688981213,43.87887415491838],[18.47928562213383,43.893716892420684],[18.50331243062425,43.91982014108669],[18.51551652486779,43.950030653791714],[18.515642102492194,43.95111553113453],[18.511702744685977,43.95030522400691],[18.500642785935895,43.94440167659616],[18.49377798376696,43.9428913722391],[18.46479326139996,43.94179294478863],[18.459459161111454,43.94058582347702]]]}},{"type":"Feature","properties":{"shapeName":"Trnovo (BiH)","shapeISO":"","shapeID":"43093233B93349249059789","shapeGroup":"BIH","shapeType":"ADM3"},"geometry":{"type":"Polygon","coordinates":[[[18.507249988057257,43.636464966393994],[18.513637888777623,43.63744860566868],[18.51820861393645,43.63916380436615],[18.529042924691282,43.63732609012703],[18.529714430476645,43.63670120249856],[18.53444950044417,43.64487567387329],[18.541855768229198,43.64793811545172],[18.560900456690774,43.64698111898349],[18.57253887736732,43.64372721803676],[18.583648279044894,43.64257874061644],[18.59317062282605,43.644492857659316],[18.622795693966168,43.658464065764065],[18.627292356357202,43.66133445981751],[18.629190874659173,43.665883630924895],[18.62773673296391,43.66562065926604],[18.578305185535953,43.688760845036995],[18.566624443663216,43.69549308623698],[18.557821565612812,43.70308125179838],[18.556133384348243,43.703664925296096],[18.55003440436434,43.70577359447583],[18.479001948980795,43.70802038603205],[18.459175157907282,43.70684560344188],[18.441081857741608,43.70308614590897],[18.42049666478931,43.70339944362945],[18.408687265904632,43.70723720063637],[18.398861899157396,43.72522830274403],[18.382779717809797,43.73073320587281],[18.378215353555788,43.7331709163048],[18.377076340600695,43.730518955885145],[18.368113959691527,43.72679846507714],[18.35727519909119,43.732288174159976],[18.35007478432391,43.73255272592763],[18.32688700643024,43.72770242762499],[18.31150984860068,43.730789026792195],[18.283806556727257,43.72867251912152],[18.269405727192634,43.732993642842416],[18.263669803518667,43.73625632566893],[18.26213444854602,43.7366811734974],[18.257933879844757,43.73784351216841],[18.253509895265495,43.736305925078454],[18.24817060409015,43.73134569994414],[18.243594069310916,43.723904590624386],[18.24321269111283,43.72073494895881],[18.247598537242766,43.709708801120314],[18.245882336700504,43.704470670185344],[18.241115113271917,43.6988184895817],[18.231580665515366,43.69509603015774],[18.191345293950178,43.69592326344792],[18.165354085522665,43.67667301514757],[18.16697377262153,43.67315872809286],[18.187775650925573,43.665478606852275],[18.194533552481516,43.66084458920648],[18.206045009569607,43.64577911031773],[18.216710034640414,43.636345952303884],[18.218910754827505,43.627646533161055],[18.208753586808655,43.6169849650841],[18.207907156590068,43.613062992862865],[18.212139309481586,43.603869868399784],[18.21823360939362,43.601172951770366],[18.220772901847965,43.601418131241815],[18.230422210116956,43.605831186360206],[18.24718153599912,43.60766986377325],[18.252090833425257,43.60534086249089],[18.260047281257073,43.59308147792791],[18.265125865266498,43.59075191187128],[18.273082313098314,43.59013885302568],[18.28527091382165,43.59467533919559],[18.296613083427133,43.61784286255812],[18.299490947249467,43.62053903095159],[18.312187406823398,43.62262235094079],[18.320352956024124,43.62139452453772],[18.332626064241538,43.62450659160595],[18.33907464667766,43.62029020382988],[18.342320335015472,43.61085677152283],[18.344013196351966,43.59626915729581],[18.349261066045415,43.59013885302568],[18.357048228193207,43.583149545115475],[18.37115433190695,43.580149636096905],[18.371776120471623,43.58192326644564],[18.371903219857757,43.582417034718446],[18.375500414512544,43.59639175737374],[18.38413400687898,43.60865046834448],[18.399031185740682,43.62311253361656],[18.410881214196706,43.639408829154206],[18.42831768461349,43.656435572044074],[18.43728984834786,43.66206925808984],[18.447954873418723,43.66525328261298],[18.454895605347986,43.664028677581484],[18.470300641261645,43.64394159842607],[18.487737111678427,43.64124647954145],[18.505681440945807,43.63622343406428],[18.507249988057257,43.636464966393994]]]}},{"type":"Feature","properties":{"shapeName":"Hadžići","shapeISO":"","shapeID":"43093233B20708549274135","shapeGroup":"BIH","shapeType":"ADM3"},"geometry":{"type":"Polygon","coordinates":[[[18.26213444854602,43.7366811734974],[18.26949201354563,43.74213538813768],[18.269194061856524,43.7457946575974],[18.266810450142202,43.74945370222662],[18.247443602040676,43.759568722618496],[18.24654974787262,43.76279656121238],[18.25042311713321,43.7645180030035],[18.251316972200584,43.76839106829323],[18.24654974787262,43.77635157926204],[18.246073025349915,43.78354524911401],[18.25942125328828,43.80818302912354],[18.256179540853168,43.81767756137043],[18.252365760671353,43.82194273017291],[18.240543046424477,43.82703301526152],[18.235585132547897,43.83088483496721],[18.236538577593308,43.84972765350847],[18.230436530921224,43.85234042147334],[18.209842123515216,43.84793990380359],[18.202023876300927,43.84381412452228],[18.18943840565794,43.8409259095032],[18.183908424933918,43.842988934491814],[18.178378445109217,43.847389817286285],[18.17551811087219,43.84986517064118],[18.17313050616798,43.85222130177169],[18.16897134854895,43.84988185666242],[18.138838420356876,43.828635818488294],[18.135146898510584,43.82849630216265],[18.123081808878453,43.83679949080391],[18.120238885516187,43.836249314354404],[18.10900587202343,43.822143082936975],[18.10013040339544,43.81658971534313],[18.086583179770003,43.81373465832786],[18.082809930234134,43.81191945861616],[18.08268282815004,43.811858313710275],[18.07986590688614,43.803805001699516],[18.07553218276405,43.80067720818664],[18.069139938357523,43.801380976251096],[18.060905861716208,43.80763632495649],[18.050504922564187,43.8098255419153],[18.044762736910855,43.80747994904044],[18.031003160867215,43.79406432051201],[18.022369569400155,43.78844303431862],[18.008826679607637,43.792720147916555],[18.002159194990895,43.7931785179743],[18.002292236197775,43.79309163177345],[18.002393807428348,43.78526555146408],[18.00544095783397,43.77597655657286],[18.01170454432929,43.766686120068414],[18.032018878568465,43.75666060740116],[18.036081745776016,43.75201406939385],[18.03895960869903,43.74210840128177],[18.062828952194423,43.73024390183468],[18.066973075846818,43.724699805351804],[18.069681653985185,43.71530352044118],[18.067623134600012,43.712875906697775],[18.049963206936525,43.70943009402367],[18.046929599421503,43.70684560344188],[18.047146285672568,43.70183294153708],[18.054513618208944,43.6918063604752],[18.068923252106458,43.6798192618495],[18.07791573152582,43.68130798607473],[18.09102524881621,43.68867270877854],[18.09925932545758,43.688986082042106],[18.102834647700888,43.688516022596446],[18.116810909995536,43.68060280607472],[18.121361320368692,43.68115128010754],[18.135229239537807,43.6965065286534],[18.1420548555472,43.69807317014073],[18.148338755928876,43.69603652856301],[18.15516437283759,43.691493002500124],[18.163398449478905,43.68091622070705],[18.165354085522665,43.67667301514757],[18.191345293950178,43.69592326344792],[18.231580665515366,43.69509603015774],[18.241115113271917,43.6988184895817],[18.245882336700504,43.704470670185344],[18.247598537242766,43.709708801120314],[18.24321269111283,43.72073494895881],[18.243594069310916,43.723904590624386],[18.24817060409015,43.73134569994414],[18.253509895265495,43.736305925078454],[18.257933879844757,43.73784351216841],[18.26213444854602,43.7366811734974]]]}},{"type":"Feature","properties":{"shapeName":"Ilidža","shapeISO":"","shapeID":"43093233B76640285060416","shapeGroup":"BIH","shapeType":"ADM3"},"geometry":{"type":"Polygon","coordinates":[[[18.247529252572974,43.90039268497446],[18.239587467287834,43.89957519044276],[18.22966835880777,43.90046859315112],[18.197017959311438,43.90850861498063],[18.187098849932056,43.90612649883889],[18.1792462225352,43.90374428826834],[18.173940905948086,43.90206233660763],[18.174049932558376,43.899548506658334],[18.184207099677963,43.873927148918824],[18.184884244212526,43.86745906468411],[18.18217566607416,43.86025791876801],[18.177435654332044,43.85464286307774],[18.17313050616798,43.85222130177169],[18.17551811087219,43.84986517064118],[18.178378445109217,43.847389817286285],[18.183908424933918,43.842988934491814],[18.18943840565794,43.8409259095032],[18.202023876300927,43.84381412452228],[18.209842123515216,43.84793990380359],[18.230436530921224,43.85234042147334],[18.236538577593308,43.84972765350847],[18.235585132547897,43.83088483496721],[18.240543046424477,43.82703301526152],[18.252365760671353,43.82194273017291],[18.256179540853168,43.81767756137043],[18.25942125328828,43.80818302912354],[18.246073025349915,43.78354524911401],[18.24654974787262,43.77635157926204],[18.251316972200584,43.76839106829323],[18.25042311713321,43.7645180030035],[18.24654974787262,43.76279656121238],[18.247443602040676,43.759568722618496],[18.266810450142202,43.74945370222662],[18.269194061856524,43.7457946575974],[18.26949201354563,43.74213538813768],[18.26213444854602,43.7366811734974],[18.263669803518667,43.73625632566893],[18.269405727192634,43.732993642842416],[18.283806556727257,43.72867251912152],[18.31150984860068,43.730789026792195],[18.32688700643024,43.72770242762499],[18.35007478432391,43.73255272592763],[18.35727519909119,43.732288174159976],[18.368113959691527,43.72679846507714],[18.377076340600695,43.730518955885145],[18.378215353555788,43.7331709163048],[18.374992556561267,43.7348921305674],[18.36585110624361,43.74602194775474],[18.36398895832383,43.75825013033932],[18.36111109540076,43.76436328453798],[18.352646788718403,43.7699868352243],[18.329116017490264,43.776465487392386],[18.32556101003263,43.78196567897294],[18.324376006647412,43.7855099791023],[18.338088182123954,43.7917425488796],[18.33487174603431,43.80225089945952],[18.345028913153897,43.80933688359033],[18.350432592784248,43.81464434149879],[18.338557170477088,43.81602644746266],[18.331501678759537,43.82029173317699],[18.329976167766006,43.82469428871053],[18.33207374650624,43.82785842652521],[18.342752327957612,43.8350115081746],[18.344849906697902,43.839137896296904],[18.338557170477088,43.84271386875008],[18.319869653162016,43.84793990380359],[18.30900038216197,43.852752953086394],[18.299084556207333,43.862515372686346],[18.29393595458066,43.86471513419616],[18.28935941980143,43.86485261715461],[18.279634282496204,43.861965420168076],[18.26743018915198,43.863202807263804],[18.263997788067513,43.86526506243274],[18.262090897976634,43.86925188566602],[18.266095366807804,43.87763709247787],[18.266476745005832,43.883272388310104],[18.264409912287647,43.88841831984962],[18.26437916626554,43.88849486924289],[18.26094676428181,43.891930462021264],[18.249505427333645,43.89866365020737],[18.247529252572974,43.90039268497446]]]}},{"type":"Feature","properties":{"shapeName":"Novo Sarajevo","shapeISO":"","shapeID":"43093233B64707009731304","shapeGroup":"BIH","shapeType":"ADM3"},"geometry":{"type":"Polygon","coordinates":[[[18.410929617507918,43.843004132135036],[18.411209663695047,43.84532694338378],[18.411209663695047,43.85357800821856],[18.40339141648076,43.86430268532075],[18.398624192152795,43.86636490181883],[18.39295156006648,43.86741653574461],[18.39195007953259,43.867602197183714],[18.38241563087672,43.86554002385304],[18.377648407448078,43.86224039687687],[18.376307059623173,43.8604269805208],[18.374597383662376,43.85811560684982],[18.36998927098813,43.82861269781779],[18.370252545718472,43.828757943724156],[18.389551163155716,43.83449755012191],[18.399153070857608,43.839606556397484],[18.410929617507918,43.843004132135036]]]}},{"type":"Feature","properties":{"shapeName":"Centar","shapeISO":"","shapeID":"43093233B82310753062851","shapeGroup":"BIH","shapeType":"ADM3"},"geometry":{"type":"Polygon","coordinates":[[[18.453383270321694,43.94287169147543],[18.446475203567843,43.94306299975767],[18.44230388261815,43.942204857668116],[18.43217353148333,43.93576839809316],[18.417275956919923,43.92096189607469],[18.39850501219661,43.91387922324759],[18.39522754541491,43.909800938962235],[18.394333691246914,43.89842319217661],[18.39969681895309,43.89133783667188],[18.403272236524572,43.882533644712],[18.39295156006648,43.86741653574461],[18.398624192152795,43.86636490181883],[18.40339141648076,43.86430268532075],[18.411209663695047,43.85357800821856],[18.411209663695047,43.84532694338378],[18.410929617507918,43.843004132135036],[18.412154245022464,43.84335744159273],[18.419521576659463,43.84234159978507],[18.421825097450323,43.8410678333139],[18.426810404676473,43.842146541329896],[18.42856196026628,43.84206758445151],[18.432818536945945,43.86353827237343],[18.445022630290225,43.87682336700482],[18.4524671273561,43.89054525515945],[18.452398479406327,43.89550326886081],[18.44305472029913,43.904434347966856],[18.44191058570499,43.912814603111485],[18.444961609490747,43.92146838255985],[18.45811914877976,43.940282574781065],[18.459459161111454,43.94058582347702],[18.45422194208902,43.94284846558429],[18.453383270321694,43.94287169147543]]]}},{"type":"Feature","properties":{"shapeName":"Novi Grad","shapeISO":"","shapeID":"43093233B94913651340481","shapeGroup":"BIH","shapeType":"ADM3"},"geometry":{"type":"Polygon","coordinates":[[[18.264409912287647,43.88841831984962],[18.266476745005832,43.883272388310104],[18.266095366807804,43.87763709247787],[18.262090897976634,43.86925188566602],[18.263997788067513,43.86526506243274],[18.26743018915198,43.863202807263804],[18.279634282496204,43.861965420168076],[18.28935941980143,43.86485261715461],[18.29393595458066,43.86471513419616],[18.299084556207333,43.862515372686346],[18.30900038216197,43.852752953086394],[18.319869653162016,43.84793990380359],[18.338557170477088,43.84271386875008],[18.344849906697902,43.839137896296904],[18.342752327957612,43.8350115081746],[18.33207374650624,43.82785842652521],[18.329976167766006,43.82469428871053],[18.331501678759537,43.82029173317699],[18.338557170477088,43.81602644746266],[18.350432592784248,43.81464434149879],[18.351123213065875,43.815322664109715],[18.361618953352092,43.82399487246545],[18.366610065702048,43.82674842210207],[18.370252545718472,43.828757943724156],[18.36998927098813,43.82861269781779],[18.374597383662376,43.85811560684982],[18.376307059623173,43.8604269805208],[18.368495336990236,43.86334029292021],[18.307474870269118,43.896877369095364],[18.304614536032034,43.899350667499334],[18.300228689902156,43.908830694580956],[18.298122066680094,43.90930996668169],[18.296605599269014,43.90965497359821],[18.29336388773328,43.90869331414518],[18.283066683580614,43.8964651423525],[18.264409912287647,43.88841831984962]]]}},{"type":"Feature","properties":{"shapeName":"Vogošća","shapeISO":"","shapeID":"43093233B27153812747449","shapeGroup":"BIH","shapeType":"ADM3"},"geometry":{"type":"Polygon","coordinates":[[[18.298122066680094,43.90930996668169],[18.300228689902156,43.908830694580956],[18.304614536032034,43.899350667499334],[18.307474870269118,43.896877369095364],[18.368495336990236,43.86334029292021],[18.376307059623173,43.8604269805208],[18.377648407448078,43.86224039687687],[18.38241563087672,43.86554002385304],[18.39195007953259,43.867602197183714],[18.39295156006648,43.86741653574461],[18.403272236524572,43.882533644712],[18.39969681895309,43.89133783667188],[18.394333691246914,43.89842319217661],[18.39522754541491,43.909800938962235],[18.39850501219661,43.91387922324759],[18.417275956919923,43.92096189607469],[18.43217353148333,43.93576839809316],[18.44230388261815,43.942204857668116],[18.446475203567843,43.94306299975767],[18.453383270321694,43.94287169147543],[18.449172022171126,43.950673146548525],[18.43904262431772,43.95269393487723],[18.406847654095998,43.944993774043496],[18.39075827367543,43.94735352404592],[18.37377503818749,43.9574350365977],[18.37168937726301,43.96193898889328],[18.376456601590917,43.96751483863892],[18.376456601590917,43.972018027410115],[18.370795523094955,43.973304589435315],[18.365730347077886,43.971589166806666],[18.361856977817297,43.96794372802066],[18.357983608556765,43.959794291973026],[18.333849537925857,43.9454228262025],[18.330870022833324,43.94091762115136],[18.334743392093912,43.92868748793728],[18.33235977948027,43.92546861288622],[18.326102797606097,43.92310799413866],[18.31716425412708,43.92718536831018],[18.306735950403834,43.92890207337206],[18.30494824206778,43.928043726237036],[18.298122066680094,43.90930996668169]]]}},{"type":"Feature","properties":{"shapeName":"Foča-Ustikolina","shapeISO":"","shapeID":"43093233B83077569190924","shapeGroup":"BIH","shapeType":"ADM3"},"geometry":{"type":"Polygon","coordinates":[[[18.706308705982053,43.652118256952065],[18.702117589155478,43.65316795283883],[18.690199528785286,43.65941936970819],[18.685730257045748,43.66373031220422],[18.684167772224953,43.665237357418164],[18.683939724838467,43.66513082282927],[18.67666042154127,43.665498200381705],[18.655499657083567,43.67504921904629],[18.64280319750958,43.67125348376135],[18.63450817741051,43.66684523102265],[18.629190874659173,43.665883630924895],[18.627292356357202,43.66133445981751],[18.622795693966168,43.658464065764065],[18.59317062282605,43.644492857659316],[18.583648279044894,43.64257874061644],[18.57253887736732,43.64372721803676],[18.560900456690774,43.64698111898349],[18.541855768229198,43.64793811545172],[18.53444950044417,43.64487567387329],[18.529714430476645,43.63670120249856],[18.539707950661466,43.6274014616082],[18.541231525414616,43.620661581566765],[18.545632964889478,43.614411198917765],[18.5579908521961,43.609876202025134],[18.581521622524917,43.59602395803927],[18.581556108809135,43.596036168080275],[18.589139498089423,43.598721104895105],[18.631224026867415,43.60706188070128],[18.662860216825607,43.60329617018215],[18.679400741251243,43.603325897272384],[18.69368425692295,43.59700475236747],[18.70849679249301,43.58359406381504],[18.721986779666224,43.58110317826913],[18.738121862733806,43.575737845425294],[18.7479087169138,43.56998874218675],[18.762985761983373,43.56481408090514],[18.814565126979062,43.56385576063491],[18.85235232809754,43.57324050184775],[18.878896391155592,43.57810692859192],[18.880328522843115,43.579393361114796],[18.881008787886273,43.580004418354676],[18.878588302308344,43.584972349494365],[18.86485869797059,43.58883975535048],[18.860663539590746,43.59146392402096],[18.870007298697942,43.601683283756586],[18.87038867689597,43.60444497405638],[18.86333318607774,43.606101928161536],[18.859519405895924,43.609553768091985],[18.84331084461985,43.610658315428964],[18.831106752174946,43.615766581562525],[18.820428169824254,43.61645685440038],[18.80174065160986,43.61521435735676],[18.787248291775313,43.612591223805964],[18.781336932853208,43.61383377480894],[18.772183863294686,43.620460281816634],[18.769323529057658,43.625291648490816],[18.76798870671348,43.63343507436923],[18.765700438424517,43.635643270620506],[18.737871768467414,43.63958504501386],[18.709864327676655,43.651227724879675],[18.706308705982053,43.652118256952065]]]}},{"type":"Feature","properties":{"shapeName":"Pale-Prača","shapeISO":"","shapeID":"43093233B93468404991015","shapeGroup":"BIH","shapeType":"ADM3"},"geometry":{"type":"Polygon","coordinates":[[[18.943118911632144,43.71479073592676],[18.94309002668342,43.715221887180405],[18.942927172950704,43.71765273038926],[18.929384284057505,43.73816524463041],[18.9146767056655,43.748712362285744],[18.908751691437487,43.76301844464558],[18.90198024609151,43.76277392437714],[18.896989691321266,43.76054874982498],[18.87965479303432,43.75749694632708],[18.86885601988945,43.755973548740315],[18.865786873865204,43.75554058003377],[18.846393456193084,43.754914529581924],[18.829017929234112,43.75861693682225],[18.797869283340788,43.76008414206956],[18.779586382705475,43.752136351111744],[18.747083446843646,43.726818660253],[18.72829268735768,43.705406464237],[18.714580511881195,43.68484355828366],[18.700191191870033,43.67272282939513],[18.684167772224953,43.665237357418164],[18.685730257045748,43.66373031220422],[18.690199528785286,43.65941936970819],[18.702117589155478,43.65316795283883],[18.706308705982053,43.652118256952065],[18.708875129183923,43.65689301310215],[18.724893001810642,43.673308118974546],[18.738050539301014,43.68254826359157],[18.74091087443736,43.6872367468784],[18.741482941284744,43.69357940716395],[18.748538432103032,43.70295428371327],[18.78000211050903,43.703505702126506],[18.79907100602213,43.70681410108995],[18.8312974408243,43.71522212909804],[18.85379873742187,43.71480864690159],[18.862951807879654,43.713292521232916],[18.871532810590793,43.70736548353028],[18.877825545912287,43.70598701798656],[18.887359994568158,43.713292521232916],[18.895750308629886,43.71701385020907],[18.90242442214941,43.71701385020907],[18.915200582341072,43.713843844318035],[18.935794989747023,43.713292521232916],[18.943118911632144,43.71479073592676]]]}},{"type":"Feature","properties":{"shapeName":"Ljubuški","shapeISO":"","shapeID":"43093233B91159154650479","shapeGroup":"BIH","shapeType":"ADM3"},"geometry":{"type":"Polygon","coordinates":[[[17.497240087745976,43.29396385753263],[17.49359151133922,43.29374255757301],[17.47950341205285,43.28921220118218],[17.472257231685944,43.28421509305218],[17.464629672221633,43.28241048105889],[17.458146248250785,43.28365983363449],[17.435644950753897,43.295180431431845],[17.424203612906467,43.31044532958833],[17.41924570082847,43.312387859811906],[17.413906409653123,43.31155535469594],[17.409520563523245,43.30919652739789],[17.402083694506928,43.29129420816122],[17.397888537026404,43.2875465443376],[17.38968891161403,43.28379864848887],[17.370238637902844,43.281299924452014],[17.35555558851962,43.284353907007244],[17.33896564904552,43.284353907007244],[17.318842995407977,43.266417940535575],[17.32514775736314,43.2643639402437],[17.33836561777906,43.256158269588525],[17.347466439424693,43.24818824199383],[17.358409094204376,43.246294220302104],[17.38321966815323,43.24511042740437],[17.414422485609293,43.23050841952801],[17.42038135751369,43.22608766171629],[17.425690169765574,43.219850691556246],[17.430023894786984,43.20950696727277],[17.428182061652876,43.20042515189931],[17.420489699739903,43.19134198484477],[17.42276490537614,43.184785467575296],[17.42753200289968,43.181151432192905],[17.510414486739194,43.15404734600827],[17.616807427021172,43.101147921939116],[17.626940652389237,43.097976920498525],[17.627446213472012,43.11619980487717],[17.629297780867944,43.12121977827019],[17.635116990756558,43.13183759432957],[17.641465220543523,43.136084204722295],[17.64913599782807,43.13801438455624],[17.650458545325648,43.14090953964359],[17.648077958930685,43.14515552051091],[17.642787768041103,43.14785735373397],[17.638555615149585,43.152681761454176],[17.636439538254137,43.165995146958494],[17.631942876762423,43.17467622712621],[17.635116990756558,43.1766051883788],[17.645697373435098,43.17834120188502],[17.646443477984178,43.17854523107758],[17.64781344943117,43.17891986166234],[17.654426188717707,43.18393468643666],[17.65416167921819,43.18740624580164],[17.64358129653965,43.194155936547304],[17.626652684973465,43.201483326594314],[17.604433881618377,43.21960519642272],[17.593853498939893,43.2217254884406],[17.56935991442856,43.23203291428763],[17.563096327033918,43.23856955474122],[17.560895607746147,43.244242297444146],[17.56377347156848,43.24695516175137],[17.5712220605497,43.24757170457059],[17.577485647045023,43.25028442048966],[17.579178508381517,43.25533961403204],[17.575454214340596,43.26433928622913],[17.565127760637665,43.272351572966784],[17.561796833640788,43.279505661836524],[17.556930756749068,43.27339772462534],[17.5510727914762,43.27126512178802],[17.545825030600724,43.27179827946708],[17.499449476612085,43.29409786532426],[17.497240087745976,43.29396385753263]]]}},{"type":"Feature","properties":{"shapeName":"Posušje","shapeISO":"","shapeID":"43093233B68262385299464","shapeGroup":"BIH","shapeType":"ADM3"},"geometry":{"type":"Polygon","coordinates":[[[17.578162792478963,43.61849408143678],[17.578162792478963,43.6210292307145],[17.573592067320078,43.62568592746362],[17.543120565062054,43.639531340199255],[17.540073414656433,43.64492161214275],[17.540163661162126,43.646815400819435],[17.52931316577002,43.64468426666565],[17.51846827359202,43.63855889607623],[17.50180417152535,43.61749817310226],[17.488843202451903,43.60868877316841],[17.471385571886685,43.60351743757974],[17.465830871497587,43.59604694561011],[17.459218132211106,43.581869616489655],[17.452869902424084,43.57401317147077],[17.448108730533534,43.57075532160087],[17.439908934249956,43.568455555479545],[17.43620580035747,43.56768894728714],[17.427212475575345,43.56903050465411],[17.414251507401218,43.5924071383788],[17.401290538327714,43.59604694561011],[17.38938760815165,43.59317343180851],[17.382245848966818,43.5878091745538],[17.359762537011534,43.58340246145451],[17.354472345222575,43.58052834420778],[17.34812411633493,43.57018038861412],[17.34810758409776,43.563005240299674],[17.346041103014556,43.55851285058765],[17.33694858660806,43.55042570698083],[17.31876355469433,43.54293664221234],[17.298512040798073,43.541738305478475],[17.288179636281257,43.54293664221234],[17.281153600957964,43.54593237927594],[17.273714270497237,43.54563281240445],[17.260075495887463,43.53934156096432],[17.25180957155453,43.53874235977213],[17.242717056047354,43.542037892135056],[17.24189046307447,43.547430192049774],[17.24354364812092,43.55222294363398],[17.237344205770512,43.55312154172583],[17.222052246114345,43.54922751863512],[17.182789108230793,43.54713063237284],[17.17286999975073,43.54293664221234],[17.159644521177768,43.54413495466446],[17.14517915539375,43.548927967951386],[17.13402015790399,43.54922751863512],[17.112942051934226,43.54533324373426],[17.103849536426992,43.545033674164756],[17.095170316057306,43.54623194524811],[17.084837911540433,43.55012616169307],[17.077398580180386,43.55042570698083],[17.058386955293827,43.54053994446292],[17.052340791594304,43.535003463439125],[17.057973632277367,43.52824668963308],[17.07606693244304,43.51473413846975],[17.08018397121333,43.51261270791019],[17.102719339525947,43.51127695386839],[17.11127844554386,43.508055307106815],[17.131321921969175,43.49194449674121],[17.140856116116936,43.48825019329183],[17.149198536783103,43.48675668647195],[17.157215927173354,43.488721818457236],[17.171300532593534,43.49666030053248],[17.182026501122152,43.49956819631524],[17.19329418527849,43.498625110560454],[17.203153408802848,43.49618873742037],[17.24628793474045,43.478888149168824],[17.267977719096507,43.46391532293387],[17.282790254666565,43.43338230524927],[17.28253083353121,43.43093319680963],[17.294786831247336,43.42816686690742],[17.301743163716083,43.43109160699214],[17.31162847927095,43.42967356858037],[17.321269713426602,43.418505358435596],[17.326517473402703,43.415934604998085],[17.333595847470463,43.4155800104092],[17.33896564904552,43.413541047681235],[17.340796262237745,43.40955157594453],[17.335548502261645,43.40148317151119],[17.337623198651727,43.39642878915737],[17.343237081626057,43.39660614265944],[17.357271789061883,43.40148317151119],[17.36422812242995,43.401571841067664],[17.380337525356538,43.393857098626256],[17.391809373603735,43.39563069030419],[17.395470600887563,43.398379653398365],[17.395627565859513,43.398835845298095],[17.39620284598459,43.40050779739698],[17.391931413404052,43.40795571278596],[17.396935091980936,43.41788484151226],[17.40437958904687,43.42293743421527],[17.425919814347992,43.432980426105814],[17.426682569844786,43.44018066280739],[17.41676674389015,43.455409108743424],[17.413525031455094,43.46454433665184],[17.414097098302477,43.469526606867475],[17.418292255783,43.47049533319313],[17.423631546059028,43.46938821559371],[17.443272509318888,43.461084185187076],[17.454713847166374,43.46468273871744],[17.460815893838458,43.46897304087321],[17.472638608085333,43.47298627449703],[17.480838234397027,43.47755273327209],[17.486177524673053,43.47769110476071],[17.4939957718874,43.474508465193594],[17.497862943919756,43.47051747540121],[17.50945683286659,43.46670890679064],[17.513118061049738,43.4687460780691],[17.51507071584092,43.472200255337555],[17.52227113060826,43.49734779716317],[17.526786645487334,43.506465622290705],[17.538863673247253,43.50972315370011],[17.537534123101352,43.513580129319564],[17.525853381228615,43.52070026430579],[17.511294774634166,43.52475099965898],[17.500121890712762,43.53101069388845],[17.49690545462306,43.534815288394896],[17.49961403276143,43.53861964278235],[17.515696214109028,43.54033765905575],[17.521451941753753,43.543896253009734],[17.53160910887334,43.55555224284177],[17.53838055421926,43.55555224284177],[17.551584871744467,43.5467184362069],[17.557002027121882,43.54524600949577],[17.566143477439596,43.54647303370359],[17.5712220605497,43.54929509729095],[17.583918520123632,43.56573405318409],[17.585611380560806,43.57125359187984],[17.56072632206218,43.5846210455249],[17.5588641741424,43.59381711167043],[17.570375630331114,43.610979341023835],[17.578162792478963,43.61526913416327],[17.578162792478963,43.61849408143678]]]}},{"type":"Feature","properties":{"shapeName":"Grude","shapeISO":"","shapeID":"43093233B22718181968730","shapeGroup":"BIH","shapeType":"ADM3"},"geometry":{"type":"Polygon","coordinates":[[[17.395627565859513,43.398835845298095],[17.395470600887563,43.398379653398365],[17.391809373603735,43.39563069030419],[17.380337525356538,43.393857098626256],[17.36422812242995,43.401571841067664],[17.357271789061883,43.40148317151119],[17.343237081626057,43.39660614265944],[17.337623198651727,43.39642878915737],[17.335548502261645,43.40148317151119],[17.340796262237745,43.40955157594453],[17.33896564904552,43.413541047681235],[17.333595847470463,43.4155800104092],[17.326517473402703,43.415934604998085],[17.321269713426602,43.418505358435596],[17.31162847927095,43.42967356858037],[17.301743163716083,43.43109160699214],[17.294786831247336,43.42816686690742],[17.28253083353121,43.43093319680963],[17.282261235667534,43.42838801829248],[17.270887324490502,43.416861168408275],[17.254487731024028,43.40994400501188],[17.249197540134446,43.40552429221236],[17.24972655913342,43.40129643987888],[17.262158508308573,43.38784221784414],[17.25713282691845,43.376499910642394],[17.257926355417,43.37361593502743],[17.264010075704505,43.35919399930367],[17.27168085298905,43.35073153443284],[17.27326790998609,43.34034416964778],[17.27776457237718,43.334187855185405],[17.280409668271602,43.325529482000036],[17.28993201295208,43.31128858520009],[17.3113572869093,43.29011351522661],[17.31326468421787,43.27571119281737],[17.316662324706556,43.267128371677074],[17.318842995407977,43.266417940535575],[17.33896564904552,43.284353907007244],[17.35555558851962,43.284353907007244],[17.370238637902844,43.281299924452014],[17.38968891161403,43.28379864848887],[17.397888537026404,43.2875465443376],[17.402083694506928,43.29129420816122],[17.409520563523245,43.30919652739789],[17.413906409653123,43.31155535469594],[17.41924570082847,43.312387859811906],[17.424203612906467,43.31044532958833],[17.435644950753897,43.295180431431845],[17.458146248250785,43.28365983363449],[17.464629672221633,43.28241048105889],[17.472257231685944,43.28421509305218],[17.47950341205285,43.28921220118218],[17.49359151133922,43.29374255757301],[17.497240087745976,43.29396385753263],[17.494818119160925,43.29793013017144],[17.482006204622678,43.30248377540596],[17.473067659345077,43.31224043844554],[17.473365610134863,43.31549231052179],[17.492136554858178,43.33868395639951],[17.49154065237923,43.356667638200975],[17.454892617100654,43.35861735580636],[17.441484800083515,43.363166454068676],[17.42777903137727,43.37009775660624],[17.406326524149847,43.39629958355897],[17.402155202300776,43.397598552631166],[17.395627565859513,43.398835845298095]]]}},{"type":"Feature","properties":{"shapeName":"Ravno","shapeISO":"","shapeID":"43093233B77994413721373","shapeGroup":"BIH","shapeType":"ADM3"},"geometry":{"type":"Polygon","coordinates":[[[17.955892589371558,42.95383790059867],[17.95581303894062,42.954070801626244],[17.950592254129276,42.956860978851125],[17.949877703107504,42.95702284419033],[17.92991073209464,42.94805521487632],[17.917706638750417,42.943309347648324],[17.913702170818567,42.93730669944466],[17.91293941532183,42.931582698083105],[17.915799748659538,42.9191555962538],[17.910269769734157,42.913709222802424],[17.897493608643174,42.913988536042154],[17.865839241587764,42.9304657580883],[17.85859306122086,42.932699618292816],[17.853825836892895,42.93214116088592],[17.85058412535716,42.929767659350034],[17.849058613464308,42.91301093520656],[17.84505414463314,42.910916023855464],[17.83868441655261,42.91054771190744],[17.84512700230937,42.900959000857256],[17.858839177785853,42.891905795616026],[17.865441336548486,42.87168630567851],[17.875259931400763,42.859278431354596],[17.88727924644013,42.84984677880584],[17.905900719342753,42.83879998613048],[17.903869285739006,42.83445520034729],[17.891511399331648,42.82564055466793],[17.892696401817545,42.82203984456322],[17.914365025125846,42.81247832091782],[17.93434078709771,42.81483779482841],[17.95194654409778,42.804778357934936],[17.97141444721899,42.79782272783666],[17.985803768129472,42.78813322616753],[18.00087023267514,42.78415760758759],[18.004763813299405,42.77993323293242],[18.008995966190923,42.760795690368866],[18.014074549301085,42.75731550200885],[18.040313897768215,42.75408372348511],[18.06553753033279,42.72934260597651],[18.081450425097103,42.717652413128405],[18.095839745108208,42.71130894075509],[18.108060087403146,42.690524861832955],[18.119433998580234,42.684497500259454],[18.13054340025775,42.6839141756987],[18.138743196541327,42.68002520859653],[18.153555732111386,42.660965748770366],[18.158052394502477,42.65921509699916],[18.175510025067638,42.662327332240636],[18.18053570735708,42.65960413472311],[18.190322560637696,42.649099256425586],[18.201167452815753,42.64267873463592],[18.246663097523992,42.606672631836545],[18.252429405692567,42.603619913728096],[18.25801584765327,42.60623653888524],[18.266310867752395,42.613587419224075],[18.279515185277603,42.61894429394408],[18.287640918793443,42.624549832109096],[18.294073790972732,42.62629367421374],[18.301193804550508,42.62346628484124],[18.286963774258822,42.643231314973264],[18.279853756645593,42.64995527611518],[18.26495657868321,42.65966638129851],[18.23804008568146,42.6722387641077],[18.23177650008546,42.68082635525212],[18.23025292443299,42.689412760190805],[18.21603289010585,42.701605904289124],[18.196564986984583,42.722254135220226],[18.175573507311583,42.73817097171303],[18.16677062926118,42.74227386864419],[18.154582028537845,42.742025215990964],[18.114969076861485,42.75706690961022],[18.114122646642898,42.760174242647224],[18.117000510465232,42.76663699570082],[18.11513836254545,42.770986546092274],[18.089237586345575,42.7877605228299],[18.066722532818687,42.81334761100351],[18.046746770846823,42.820425664912534],[18.033711739904902,42.8279995267568],[18.025078147538522,42.84239971957146],[18.013058832499155,42.847985097634194],[17.99934665702267,42.851087867511126],[17.99037449238898,42.86213246224338],[17.98292590430708,42.876276586595225],[17.97581588669385,42.90864698127319],[17.962638654950013,42.933053683181015],[17.957438185823662,42.94931283761741],[17.955892589371558,42.95383790059867]]]}},{"type":"Feature","properties":{"shapeName":"Neum","shapeISO":"","shapeID":"43093233B83862591324759","shapeGroup":"BIH","shapeType":"ADM3"},"geometry":{"type":"Polygon","coordinates":[[[17.931019885759156,42.968935374667865],[17.928246487185675,42.97135497725043],[17.92570719563065,42.973832242564015],[17.921821980500056,42.97647180043327],[17.911056360862403,42.9772377350335],[17.88960385363498,42.995110206670745],[17.862788217802063,42.99772525351767],[17.851764013398565,43.00600550315153],[17.844911129045443,43.006441275044835],[17.844243644652277,43.00619721276404],[17.838952098860318,43.00426238590046],[17.824650426775804,43.00012228311692],[17.80707128790965,43.00295501536175],[17.798430695220475,43.0062233899975],[17.770423253530396,43.00818433114205],[17.759696999916684,43.00295501536175],[17.75373796973156,43.00317291210024],[17.73466907421846,43.016027470691256],[17.715302227016196,43.02408743228921],[17.708449341763753,43.02474089587571],[17.705171875881433,43.021909169072956],[17.703682118335166,43.01123455992706],[17.69223884065002,43.004974746087726],[17.699581568634528,42.99346846639668],[17.717458182549137,42.973178253773426],[17.714099545657575,42.968580322324044],[17.660903075516558,42.95121606746761],[17.633492267454244,42.94994725356298],[17.600508559422508,42.93938931526475],[17.596784265381586,42.93678672852474],[17.60000070147123,42.93306855616896],[17.607957149303047,42.92897830730311],[17.624377902917956,42.9136064599702],[17.62979505829537,42.9107548086875],[17.63513908260262,42.905760381436494],[17.639576816916644,42.8982938752622],[17.650324453710596,42.89026764273757],[17.65396911638169,42.888378405439084],[17.661336448018687,42.891950444257645],[17.677371229698565,42.91583809525196],[17.688097198227183,42.92591416150941],[17.697848078625952,42.92525966370255],[17.711898826369804,42.91732580684055],[17.718331698549093,42.916334003011855],[17.729335296786587,42.920177154152384],[17.74795676968921,42.91893745400034],[17.762853948550912,42.91335849529838],[17.781813993720903,42.89550243359048],[17.78756972136557,42.89500635765734],[17.799081177554342,42.90009094284278],[17.8107619203264,42.91658195599251],[17.825828384872125,42.91720183259855],[17.835139120873805,42.9144743282277],[17.83868441655261,42.91054771190744],[17.84505414463314,42.910916023855464],[17.849058613464308,42.91301093520656],[17.85058412535716,42.929767659350034],[17.853825836892895,42.93214116088592],[17.85859306122086,42.932699618292816],[17.865839241587764,42.9304657580883],[17.897493608643174,42.913988536042154],[17.910269769734157,42.913709222802424],[17.915799748659538,42.9191555962538],[17.91293941532183,42.931582698083105],[17.913702170818567,42.93730669944466],[17.917706638750417,42.943309347648324],[17.92991073209464,42.94805521487632],[17.949877703107504,42.95702284419033],[17.943482238314687,42.958471591790556],[17.938234368621238,42.96144492044675],[17.932647925761216,42.9675150196025],[17.931019885759156,42.968935374667865]]]}},{"type":"Feature","properties":{"shapeName":"Prozor-Rama","shapeISO":"","shapeID":"43093233B2992764633338","shapeGroup":"BIH","shapeType":"ADM3"},"geometry":{"type":"Polygon","coordinates":[[[17.482002755722647,43.67128139601965],[17.490754059452343,43.67510109463984],[17.504102287390708,43.68351356979548],[17.516306379835612,43.69633687604602],[17.54128663427082,43.71756513911993],[17.580187181693134,43.71963242509639],[17.593176912884246,43.72664412882352],[17.599278960455706,43.727261472039345],[17.60733366191903,43.724703864891524],[17.61099489010212,43.717647831782074],[17.616242650078277,43.71297275199095],[17.624541432940816,43.71067918309785],[17.633938585697194,43.71067918309785],[17.641627164162344,43.706974002348375],[17.652000643415022,43.6974453426285],[17.688857005746286,43.694709984478266],[17.693982724123487,43.69603356080023],[17.7027696715831,43.70326859227174],[17.709115800553775,43.70538599836516],[17.724004793786264,43.69929825630953],[17.72681173527343,43.69497470172115],[17.731815413850313,43.69197450132225],[17.7386497065188,43.69047434491512],[17.74646032658285,43.690827327019576],[17.750853799863023,43.70688578155364],[17.75500319174398,43.708385526970574],[17.767443738437805,43.708115010899064],[17.767532446665143,43.70865361667114],[17.76893349688345,43.71716028771715],[17.76208061253027,43.73352446048551],[17.748374843824024,43.756771122389466],[17.74301171611785,43.75935352744341],[17.720367402133945,43.755264668030065],[17.714706323637984,43.75483424530421],[17.71053500268829,43.756125503589146],[17.706363681738594,43.75849273864901],[17.70606573094875,43.769897192601434],[17.712024761133875,43.77699698042636],[17.73586088007562,43.77613644434149],[17.748970746302973,43.77290932610458],[17.759101097437735,43.77592130852162],[17.75999495160579,43.780869236326225],[17.752844115563505,43.7961406914398],[17.75492977648804,43.802162163353216],[17.768039642715394,43.813773289605706],[17.770494762223564,43.82414398725524],[17.78937296908731,43.839137896296904],[17.786512634850283,43.84683972447374],[17.785940568002843,43.85220290973655],[17.78675043803853,43.85812606654426],[17.781272278093184,43.85843674575926],[17.77466334743559,43.86085845455409],[17.76217680401635,43.85745045657336],[17.739492463906117,43.84682973030789],[17.729843155637184,43.838160840450485],[17.69683236182408,43.83046767184561],[17.68972234511017,43.824239141823],[17.68075018047648,43.824117006694564],[17.662297994157143,43.83400909414445],[17.650285450113472,43.844451405707844],[17.638259364078465,43.84968652571263],[17.61399050665659,43.851405420623735],[17.601856076596732,43.85476493435431],[17.59795572497677,43.857811772695186],[17.591996853971693,43.859452313273664],[17.578995679806837,43.8515616805272],[17.57303680880176,43.85234297824593],[17.564802731261068,43.855936813932885],[17.546167714568412,43.85273362305833],[17.5404255298144,43.858905471510354],[17.53717523694769,43.85984291132138],[17.52363234715517,43.85210858973966],[17.517565133024505,43.85062411121379],[17.511606261120107,43.85101476681808],[17.491996157196922,43.864451776728174],[17.48430379528395,43.86726379129101],[17.458084761602493,43.87288742201696],[17.44519912513954,43.87374410001024],[17.442522086224084,43.87280841843728],[17.436470309856986,43.87069319493503],[17.41345797800335,43.85848801251183],[17.403406614323842,43.84952324030536],[17.39626485603833,43.83864926135436],[17.374310562182757,43.82758247764929],[17.371929976687113,43.81670449941316],[17.377749186575727,43.79723369867628],[17.378574457545255,43.78135457165621],[17.371464439932026,43.77255393201841],[17.36350799210021,43.766441615088524],[17.358613068538318,43.76083419734039],[17.358598694674072,43.76081773075373],[17.36689371477314,43.7576387811049],[17.409553816855237,43.75592696745565],[17.423435278915065,43.7518917876759],[17.437993884610137,43.731834125344676],[17.45576892729423,43.717275883875004],[17.480653987591495,43.70259172113106],[17.481500417810082,43.698675336397685],[17.47676040606791,43.6902297625935],[17.47676040606791,43.68606773793579],[17.480992559858805,43.676396035648565],[17.482002755722647,43.67128139601965]]]}},{"type":"Feature","properties":{"shapeName":"Konjic","shapeISO":"","shapeID":"43093233B96487180155456","shapeGroup":"BIH","shapeType":"ADM3"},"geometry":{"type":"Polygon","coordinates":[[[18.00816772699058,43.47892258434911],[18.008488107340327,43.47907240676619],[18.019999563529097,43.4787038915714],[18.03057782017793,43.47837983756006],[18.08415900323547,43.476738433132255],[18.136637700169786,43.473544427933064],[18.146456295022062,43.47047311004604],[18.160507043665177,43.47882672996968],[18.16829420401433,43.48079212006036],[18.172864929173215,43.47993226925888],[18.17946708883511,43.4752642977092],[18.189962827322688,43.471210240260405],[18.203675003698493,43.462118335392915],[18.211123592679712,43.46088959348003],[18.21124905619905,43.461026190606276],[18.21417074308539,43.46420713675002],[18.210785020412402,43.47722980381246],[18.217725751442345,43.48066928525935],[18.22839077741247,43.48189762427597],[18.2429493831076,43.48128345746562],[18.257846561069982,43.478089692385424],[18.276806607139235,43.47022739727663],[18.290688069199064,43.469613112655054],[18.293587871982766,43.472983248278354],[18.311130789754202,43.48259354035963],[18.3181340893168,43.48465628296117],[18.333686742649093,43.484354225866866],[18.336564607370804,43.5280650364723],[18.32840501617858,43.547803101332136],[18.334363888083033,43.558010755492035],[18.339672700334916,43.561543771827644],[18.346281630992507,43.56264288995743],[18.357115941747338,43.560052078940316],[18.362424754898598,43.56240736650682],[18.36621676429229,43.56546910301677],[18.369067542333255,43.574197139486444],[18.37115433190695,43.580149636096905],[18.357048228193207,43.583149545115475],[18.349261066045415,43.59013885302568],[18.344013196351966,43.59626915729581],[18.342320335015472,43.61085677152283],[18.33907464667766,43.62029020382988],[18.332626064241538,43.62450659160595],[18.320352956024124,43.62139452453772],[18.312187406823398,43.62262235094079],[18.299490947249467,43.62053903095159],[18.296613083427133,43.61784286255812],[18.28527091382165,43.59467533919559],[18.273082313098314,43.59013885302568],[18.265125865266498,43.59075191187128],[18.260047281257073,43.59308147792791],[18.252090833425257,43.60534086249089],[18.24718153599912,43.60766986377325],[18.230422210116956,43.605831186360206],[18.220772901847965,43.601418131241815],[18.21823360939362,43.601172951770366],[18.212139309481586,43.603869868399784],[18.207907156590068,43.613062992862865],[18.208753586808655,43.6169849650841],[18.218910754827505,43.627646533161055],[18.216710034640414,43.636345952303884],[18.206045009569607,43.64577911031773],[18.194533552481516,43.66084458920648],[18.187775650925573,43.665478606852275],[18.16697377262153,43.67315872809286],[18.165354085522665,43.67667301514757],[18.163398449478905,43.68091622070705],[18.15516437283759,43.691493002500124],[18.148338755928876,43.69603652856301],[18.1420548555472,43.69807317014073],[18.135229239537807,43.6965065286534],[18.121361320368692,43.68115128010754],[18.116810909995536,43.68060280607472],[18.102834647700888,43.688516022596446],[18.09925932545758,43.688986082042106],[18.09102524881621,43.68867270877854],[18.07791573152582,43.68130798607473],[18.068923252106458,43.6798192618495],[18.054513618208944,43.6918063604752],[18.047146285672568,43.70183294153708],[18.046929599421503,43.70684560344188],[18.049963206936525,43.70943009402367],[18.067623134600012,43.712875906697775],[18.069681653985185,43.71530352044118],[18.066973075846818,43.724699805351804],[18.062828952194423,43.73024390183468],[18.03895960869903,43.74210840128177],[18.036081745776016,43.75201406939385],[18.032018878568465,43.75666060740116],[18.01170454432929,43.766686120068414],[18.00544095783397,43.77597655657286],[18.002393807428348,43.78526555146408],[18.002292236197775,43.79309163177345],[18.002159194990895,43.7931785179743],[17.997741824925356,43.79606341539437],[17.990157806137915,43.801693759559384],[17.98517402326263,43.81037283333961],[17.980623612889474,43.812249223822676],[17.971847819721177,43.80857457056004],[17.958521617079043,43.79363907608257],[17.952779431425654,43.79168389239777],[17.94703724667164,43.791840309682584],[17.936311278143023,43.79739284990018],[17.923960162731362,43.801380976251096],[17.91859717801742,43.80591616919588],[17.916565745312937,43.810314194844295],[17.915888600778374,43.828757943724156],[17.90928644201574,43.831688875641134],[17.90926761111143,43.831685300836],[17.906070005026777,43.83107827644136],[17.901668565551915,43.83058979258493],[17.899298560580178,43.8337648652564],[17.89658998244181,43.85268967588786],[17.893204259768822,43.855009077806756],[17.875090644817476,43.86062410022208],[17.867642056735576,43.8716084826454],[17.86374847611131,43.87331698229298],[17.850374872002817,43.8698999344345],[17.84616980489261,43.87015377797451],[17.835877208866123,43.87812004550375],[17.83147193198414,43.878057165805615],[17.82493455408644,43.877963853948756],[17.81930071155864,43.877026699222824],[17.81410024243229,43.87382464149408],[17.81225840929818,43.8684354244553],[17.81323349742803,43.862264562559574],[17.810524919289662,43.860545981511905],[17.797523745124806,43.85999914964111],[17.790914815366477,43.8578898950027],[17.78675043803853,43.85812606654426],[17.785940568002843,43.85220290973655],[17.786512634850283,43.84683972447374],[17.78937296908731,43.839137896296904],[17.770494762223564,43.82414398725524],[17.768039642715394,43.813773289605706],[17.75492977648804,43.802162163353216],[17.752844115563505,43.7961406914398],[17.75999495160579,43.780869236326225],[17.759101097437735,43.77592130852162],[17.748970746302973,43.77290932610458],[17.73586088007562,43.77613644434149],[17.712024761133875,43.77699698042636],[17.70606573094875,43.769897192601434],[17.706363681738594,43.75849273864901],[17.71053500268829,43.756125503589146],[17.714706323637984,43.75483424530421],[17.720367402133945,43.755264668030065],[17.74301171611785,43.75935352744341],[17.748374843824024,43.756771122389466],[17.76208061253027,43.73352446048551],[17.76893349688345,43.71716028771715],[17.767532446665143,43.70865361667114],[17.779899542130238,43.70520955048045],[17.80247711472714,43.69356286143693],[17.827495506712296,43.69100381627317],[17.839333476159027,43.68359079278093],[17.84018776375433,43.67926610684543],[17.833231430386263,43.672618499943894],[17.83418487543173,43.669722009363284],[17.840668299402523,43.665308040533716],[17.843337944990196,43.65565135152872],[17.834756942279114,43.647786900744904],[17.832659363538824,43.643785294455824],[17.840858988051934,43.63260697952853],[17.841431054899317,43.628328309204164],[17.840668299402523,43.621702670042225],[17.835329009126497,43.61424795308062],[17.836663830571354,43.60858727298432],[17.84047761075317,43.60347839711039],[17.84177429554734,43.589171235564095],[17.864962072541687,43.565918987970974],[17.863932352396205,43.553056773451374],[17.864145774108238,43.55300153169537],[17.86927164357155,43.55167476457876],[17.88624296034442,43.549463484552234],[17.892535696565176,43.54504068258149],[17.915036993162744,43.522230454471924],[17.9465006715688,43.51033806794754],[17.970718169607892,43.507018843844605],[17.990549821517106,43.499826566143156],[17.98959637647164,43.49761338494983],[17.980443306013797,43.4930484424317],[17.981015372861236,43.49069667121444],[17.997414623685984,43.482118845808145],[18.00816772699058,43.47892258434911]]]}},{"type":"Feature","properties":{"shapeName":"Jablanica","shapeISO":"","shapeID":"43093233B26186334377301","shapeGroup":"BIH","shapeType":"ADM3"},"geometry":{"type":"Polygon","coordinates":[[[17.864145774108238,43.55300153169537],[17.863932352396205,43.553056773451374],[17.864962072541687,43.565918987970974],[17.84177429554734,43.589171235564095],[17.84047761075317,43.60347839711039],[17.836663830571354,43.60858727298432],[17.835329009126497,43.61424795308062],[17.840668299402523,43.621702670042225],[17.841431054899317,43.628328309204164],[17.840858988051934,43.63260697952853],[17.832659363538824,43.643785294455824],[17.834756942279114,43.647786900744904],[17.843337944990196,43.65565135152872],[17.840668299402523,43.665308040533716],[17.83418487543173,43.669722009363284],[17.833231430386263,43.672618499943894],[17.84018776375433,43.67926610684543],[17.839333476159027,43.68359079278093],[17.827495506712296,43.69100381627317],[17.80247711472714,43.69356286143693],[17.779899542130238,43.70520955048045],[17.767532446665143,43.70865361667114],[17.767443738437805,43.708115010899064],[17.75500319174398,43.708385526970574],[17.750853799863023,43.70688578155364],[17.74646032658285,43.690827327019576],[17.7386497065188,43.69047434491512],[17.731815413850313,43.69197450132225],[17.72681173527343,43.69497470172115],[17.724004793786264,43.69929825630953],[17.709115800553775,43.70538599836516],[17.7027696715831,43.70326859227174],[17.693982724123487,43.69603356080023],[17.688857005746286,43.694709984478266],[17.652000643415022,43.6974453426285],[17.641627164162344,43.706974002348375],[17.633938585697194,43.71067918309785],[17.624541432940816,43.71067918309785],[17.616242650078277,43.71297275199095],[17.61099489010212,43.717647831782074],[17.60733366191903,43.724703864891524],[17.599278960455706,43.727261472039345],[17.593176912884246,43.72664412882352],[17.580187181693134,43.71963242509639],[17.54128663427082,43.71756513911993],[17.516306379835612,43.69633687604602],[17.504102287390708,43.68351356979548],[17.490754059452343,43.67510109463984],[17.482002755722647,43.67128139601965],[17.482177562344702,43.67039634891245],[17.487764003406085,43.664028677581484],[17.501645465465913,43.65741538161461],[17.51823550566411,43.657537856686815],[17.52483766442674,43.65974236571765],[17.53380982906043,43.65925248161676],[17.5395655567051,43.65582318229406],[17.54024270123972,43.6484740268549],[17.540163661162126,43.646815400819435],[17.540073414656433,43.64492161214275],[17.543120565062054,43.639531340199255],[17.573592067320078,43.62568592746362],[17.578162792478963,43.6210292307145],[17.578162792478963,43.61849408143678],[17.599697045382413,43.618881375375224],[17.608933542349178,43.62103834084678],[17.622043407677154,43.62815577606824],[17.630088098786757,43.63009674866606],[17.64200615825763,43.62815577606824],[17.67627058092262,43.61780286431082],[17.701298506620844,43.608311128955506],[17.734967025907565,43.58932316343328],[17.74420352197501,43.58025861324444],[17.748970746302973,43.56428441799153],[17.75373796973156,43.559318601772134],[17.772508914454875,43.551761140864016],[17.784426974825067,43.54830598603246],[17.79038600411087,43.54830598603246],[17.794855277648992,43.55132925763917],[17.803495870338168,43.56234132119505],[17.809156948834186,43.56514799648289],[17.815711881498203,43.56428441799153],[17.836568486246676,43.55132925763917],[17.856829189415635,43.54895384234601],[17.864145774108238,43.55300153169537]]]}},{"type":"Feature","properties":{"shapeName":"Čapljina","shapeISO":"","shapeID":"43093233B24232067138496","shapeGroup":"BIH","shapeType":"ADM3"},"geometry":{"type":"Polygon","coordinates":[[[17.792993815911927,43.168371273615435],[17.784033677911964,43.161518634777224],[17.776596808895647,43.16263137583735],[17.764011338252715,43.16749937999242],[17.745323820038323,43.16388318446144],[17.74017521841165,43.164300449206394],[17.73502661588566,43.16819477716729],[17.73369179354148,43.172645133466176],[17.72511078993108,43.18154487389688],[17.71500427532709,43.18349151851879],[17.71061842919721,43.181266776540554],[17.70546982757054,43.16861201223463],[17.701656048288044,43.164856796803804],[17.700893292791307,43.15971038682494],[17.703181560180894,43.1563719433106],[17.712143941090062,43.15192040080592],[17.711190496044594,43.144685952994394],[17.705851205768568,43.14371202049341],[17.696888824859457,43.1444076883642],[17.69097746683667,43.14732940852542],[17.67629441655413,43.162075007555586],[17.668666858888457,43.164856796803804],[17.649407273826682,43.17584362718168],[17.646443477984178,43.17854523107758],[17.645697373435098,43.17834120188502],[17.635116990756558,43.1766051883788],[17.631942876762423,43.17467622712621],[17.636439538254137,43.165995146958494],[17.638555615149585,43.152681761454176],[17.642787768041103,43.14785735373397],[17.648077958930685,43.14515552051091],[17.650458545325648,43.14090953964359],[17.64913599782807,43.13801438455624],[17.641465220543523,43.136084204722295],[17.635116990756558,43.13183759432957],[17.629297780867944,43.12121977827019],[17.627446213472012,43.11619980487717],[17.626940652389237,43.097976920498525],[17.639992854086984,43.09284116838529],[17.649262962315902,43.06851271199213],[17.65874298490087,43.06455514730226],[17.663652282327007,43.0596078328353],[17.667884435218582,43.05144389162234],[17.673132304911974,43.030163057778964],[17.68549019131933,43.00565621546201],[17.69223884065002,43.004974746087726],[17.703682118335166,43.01123455992706],[17.705171875881433,43.021909169072956],[17.708449341763753,43.02474089587571],[17.715302227016196,43.02408743228921],[17.73466907421846,43.016027470691256],[17.75373796973156,43.00317291210024],[17.759696999916684,43.00295501536175],[17.770423253530396,43.00818433114205],[17.798430695220475,43.0062233899975],[17.80707128790965,43.00295501536175],[17.824650426775804,43.00012228311692],[17.838952098860318,43.00426238590046],[17.844243644652277,43.00619721276404],[17.839905543905786,43.00888153955145],[17.82445973812645,43.016689735043315],[17.782126789619667,43.03355762258627],[17.767443738437805,43.03634525742774],[17.756765157885752,43.04024773234704],[17.750853799863023,43.046937112757576],[17.751235177161732,43.051256949548645],[17.75466757914552,43.05404378039623],[17.760960314467013,43.054183118656056],[17.78689401304831,43.04247760765554],[17.797763284048358,43.04233824241601],[17.805581531262703,43.046379692269056],[17.81244633343158,43.052789722567695],[17.813590467126403,43.05794513026359],[17.808060487301702,43.07633386311733],[17.80481877486659,43.081348014299465],[17.805772219912058,43.08594396004577],[17.815878734516048,43.09318535601943],[17.81651182126359,43.10237512511196],[17.823102032532802,43.10647387436984],[17.828593874807552,43.112443301617134],[17.82944816060416,43.11618503351252],[17.823468155530975,43.1212627316898],[17.82407835992842,43.12589465031789],[17.83652653467186,43.134355903801975],[17.84372695033852,43.1453983059871],[17.86215513105452,43.15875338496079],[17.864595950442833,43.163293446835155],[17.863525447841198,43.18376091583366],[17.86308616949117,43.18376091583366],[17.852657867566563,43.188757578799255],[17.848784498305974,43.188974815435415],[17.842229564742695,43.18376091583366],[17.830907408650035,43.181153799208516],[17.816307784876415,43.181153799208516],[17.809156948834186,43.178763844575826],[17.80498562788449,43.173766364126436],[17.7930675675143,43.16833385552309],[17.792993815911927,43.168371273615435]]]}},{"type":"Feature","properties":{"shapeName":"Čitluk","shapeISO":"","shapeID":"43093233B61801796741908","shapeGroup":"BIH","shapeType":"ADM3"},"geometry":{"type":"Polygon","coordinates":[[[17.697572929247315,43.28396327748334],[17.69167252047049,43.285346491447456],[17.680242322525203,43.28985166861969],[17.661112989872606,43.29280893448481],[17.65197153955495,43.292685717471954],[17.631657206215152,43.28861943284062],[17.619637891175785,43.28911232967033],[17.605925715699243,43.29404108482828],[17.598984984669357,43.292685717471954],[17.579347794964804,43.281595207852604],[17.561742037964734,43.2796233507371],[17.561796833640788,43.279505661836524],[17.565127760637665,43.272351572966784],[17.575454214340596,43.26433928622913],[17.579178508381517,43.25533961403204],[17.577485647045023,43.25028442048966],[17.5712220605497,43.24757170457059],[17.56377347156848,43.24695516175137],[17.560895607746147,43.244242297444146],[17.563096327033918,43.23856955474122],[17.56935991442856,43.23203291428763],[17.593853498939893,43.2217254884406],[17.604433881618377,43.21960519642272],[17.626652684973465,43.201483326594314],[17.64358129653965,43.194155936547304],[17.65416167921819,43.18740624580164],[17.654426188717707,43.18393468643666],[17.64781344943117,43.17891986166234],[17.646443477984178,43.17854523107758],[17.649407273826682,43.17584362718168],[17.668666858888457,43.164856796803804],[17.67629441655413,43.162075007555586],[17.69097746683667,43.14732940852542],[17.696888824859457,43.1444076883642],[17.705851205768568,43.14371202049341],[17.711190496044594,43.144685952994394],[17.712143941090062,43.15192040080592],[17.703181560180894,43.1563719433106],[17.700893292791307,43.15971038682494],[17.701656048288044,43.164856796803804],[17.70546982757054,43.16861201223463],[17.71061842919721,43.181266776540554],[17.71500427532709,43.18349151851879],[17.72511078993108,43.18154487389688],[17.73369179354148,43.172645133466176],[17.73502661588566,43.16819477716729],[17.74017521841165,43.164300449206394],[17.745323820038323,43.16388318446144],[17.764011338252715,43.16749937999242],[17.776596808895647,43.16263137583735],[17.784033677911964,43.161518634777224],[17.792993815911927,43.168371273615435],[17.786214683161177,43.17181071639152],[17.776084332925677,43.181153799208516],[17.773104817833143,43.18723689896376],[17.77578638123657,43.191581598412085],[17.793365519203405,43.20309355732189],[17.799324549388473,43.21004312239222],[17.798430695220475,43.216340482027704],[17.779957702186266,43.229150344312984],[17.778169992950836,43.23544573083586],[17.78412902223664,43.24911967343422],[17.782639265589694,43.25649798669281],[17.776978187093732,43.26127171311913],[17.76952939936234,43.263224492916095],[17.746289182899545,43.26235659857821],[17.729305947411603,43.259752840920896],[17.718877645486998,43.25953585609494],[17.710832954377395,43.26127171311913],[17.703682118335166,43.265828102185196],[17.699510797385415,43.27103498797436],[17.697723088150042,43.27689220051468],[17.697723088150042,43.281230513877176],[17.697572929247315,43.28396327748334]]]}},{"type":"Feature","properties":{"shapeName":"Stolac","shapeISO":"","shapeID":"43093233B4939168284085","shapeGroup":"BIH","shapeType":"ADM3"},"geometry":{"type":"Polygon","coordinates":[[[17.863525447841198,43.18376091583366],[17.864595950442833,43.163293446835155],[17.86215513105452,43.15875338496079],[17.84372695033852,43.1453983059871],[17.83652653467186,43.134355903801975],[17.82407835992842,43.12589465031789],[17.823468155530975,43.1212627316898],[17.82944816060416,43.11618503351252],[17.828593874807552,43.112443301617134],[17.823102032532802,43.10647387436984],[17.81651182126359,43.10237512511196],[17.815878734516048,43.09318535601943],[17.805772219912058,43.08594396004577],[17.80481877486659,43.081348014299465],[17.808060487301702,43.07633386311733],[17.813590467126403,43.05794513026359],[17.81244633343158,43.052789722567695],[17.805581531262703,43.046379692269056],[17.797763284048358,43.04233824241601],[17.78689401304831,43.04247760765554],[17.760960314467013,43.054183118656056],[17.75466757914552,43.05404378039623],[17.751235177161732,43.051256949548645],[17.750853799863023,43.046937112757576],[17.756765157885752,43.04024773234704],[17.767443738437805,43.03634525742774],[17.782126789619667,43.03355762258627],[17.82445973812645,43.016689735043315],[17.839905543905786,43.00888153955145],[17.844243644652277,43.00619721276404],[17.844911129045443,43.006441275044835],[17.851764013398565,43.00600550315153],[17.862788217802063,42.99772525351767],[17.88960385363498,42.995110206670745],[17.911056360862403,42.9772377350335],[17.921821980500056,42.97647180043327],[17.92096718388848,42.97705253674525],[17.921475042739075,42.98138728339649],[17.927907914918364,42.98943671573193],[17.938234368621238,42.9983517797109],[17.940096515641756,43.003427835726086],[17.936033648434204,43.017910858799155],[17.937828081900534,43.02579215028754],[17.94411198228221,43.03347444429022],[17.95267108830012,43.03687969034547],[17.955596352689554,43.041155777816925],[17.956788127070467,43.04772770137237],[17.964697174335186,43.05786133593199],[17.97954884840067,43.06336129818544],[17.990435165150814,43.06949078407246],[17.994179503281487,43.07491056367161],[17.990049463012383,43.101701665999144],[17.985932425141357,43.104628512296074],[17.978240064127704,43.106210533089666],[17.929810690610907,43.109058068175386],[17.926560396844877,43.11325003216331],[17.927210455598072,43.119260647460976],[17.939669915034585,43.13784236853053],[17.93815311127713,43.144641077723634],[17.928835602481115,43.152387521267144],[17.903700000054982,43.15981686205856],[17.895357579388815,43.16519071507952],[17.891565570894443,43.17064311218991],[17.891673914019975,43.1738036994812],[17.89911491901836,43.18087966066787],[17.911665385349295,43.19776510927244],[17.91750235864697,43.20449691430122],[17.908374797458976,43.22502542748157],[17.90181986479496,43.225676749782224],[17.89347722289557,43.222420074426964],[17.87262061724772,43.20874013964578],[17.8648738787266,43.201790426187245],[17.861894363634008,43.195491563784685],[17.870832908911666,43.18745414099584],[17.8693431513654,43.18376091583366],[17.863525447841198,43.18376091583366]]]}},{"type":"Feature","properties":{"shapeName":"Velika Kladuša","shapeISO":"","shapeID":"43093233B47366254081906","shapeGroup":"BIH","shapeType":"ADM3"},"geometry":{"type":"Polygon","coordinates":[[[16.138157162722905,45.092833101966164],[16.129264055691692,45.09707497383101],[16.100961532948418,45.10416986844473],[16.09223271676649,45.10865039969622],[16.088265073374487,45.11275724465116],[16.087736054375455,45.11817036117327],[16.093819774662904,45.12656900925242],[16.093819774662904,45.12974150986287],[16.08191684448684,45.14336259570729],[16.06604627091872,45.15586127637687],[16.05784647373582,45.161643319983284],[16.044091977063147,45.16761126694644],[16.04594354355976,45.178613028768325],[16.043033939065083,45.180477523918626],[16.027427874097157,45.177307846280144],[16.01446690592303,45.182155516763714],[16.02584081710006,45.19893272746344],[16.024782779101997,45.20731947841125],[16.020021606312127,45.212350936146834],[16.01367337742448,45.215332329923115],[16.004680051743037,45.216450312232155],[16.00044789885152,45.21849989055755],[15.98788898518859,45.228947860655296],[15.979932537356774,45.23228603707099],[15.968251795484036,45.22811328619923],[15.954878192274805,45.21809743315009],[15.934563857136368,45.21070364885435],[15.927792412689769,45.212969587876216],[15.925930265669251,45.21809743315009],[15.916958101035561,45.227994060377625],[15.895797336577857,45.22620564067785],[15.89190375505433,45.22739792677294],[15.88597874082626,45.223940228658705],[15.884963024923707,45.21905140070163],[15.879207296379661,45.21559319447039],[15.86617226543774,45.2165472033908],[15.850428656357451,45.2197668644493],[15.838355169755346,45.21621330220216],[15.820478555840737,45.216518583365996],[15.819286781459823,45.21384731719996],[15.823728849606766,45.21140490691096],[15.82437890835996,45.20934404119458],[15.822697473809399,45.206014954226816],[15.806562390741817,45.207133119997536],[15.799420632456247,45.1965096579944],[15.7864596633828,45.19184961936452],[15.778259867099223,45.191103977966236],[15.772969676209641,45.18849415528109],[15.763447331529164,45.177494302719936],[15.761860274532069,45.17208681595383],[15.761860274532069,45.14970555186977],[15.767150465421707,45.13515301569919],[15.780640453494186,45.12097004782947],[15.781963000991766,45.10977047742563],[15.769531051816614,45.10024911480485],[15.767414974921223,45.08531044302259],[15.759415997250528,45.072486911042176],[15.76489309783824,45.070123114989826],[15.779320654324806,45.06928298452215],[15.784087878652713,45.070495040413846],[15.792859570912526,45.077632181579986],[15.796101282448262,45.07776683617061],[15.800105751279432,45.07493902591534],[15.809830888584713,45.06012439762293],[15.824895315266645,45.05675690150986],[15.834620452571869,45.057295714125985],[15.84224801113686,45.060259093582374],[15.838434230955045,45.06618539114294],[15.838815609153073,45.07170707022516],[15.842438699786214,45.07359239996936],[15.885534404689054,45.07022569705833],[15.889157494422875,45.079786615459966],[15.89297127370537,45.08180632280363],[15.906319500744416,45.074265716989316],[15.935861034759,45.05336765349449],[15.941963080531764,45.05172953389092],[15.948065128103224,45.05207440500982],[15.956852075562892,45.05491951192596],[15.959998146897021,45.056477727665026],[15.967469636214787,45.060178276006695],[15.977965156167045,45.06267817455819],[15.983579039141375,45.06595373837439],[15.984677407236632,45.07103911046664],[15.98077209765421,45.08732649282342],[15.986980930725395,45.09244227189339],[15.994036421543683,45.09311536678081],[16.002998802452794,45.096211499661024],[16.005096381193084,45.101326483730304],[15.997659512176767,45.114515640484456],[15.997850201725498,45.117610613239265],[16.001091913261234,45.12097452375531],[16.03160214662182,45.121916383734174],[16.04552244050825,45.11855252897607],[16.047429330599186,45.11639955739372],[16.04762001924854,45.10496053440119],[16.050289664836214,45.10199947249771],[16.056391711508354,45.10038428380773],[16.068405116203223,45.10226866656575],[16.078320942157802,45.10038428380773],[16.082897476937035,45.09728837665733],[16.08518574432668,45.086384062674426],[16.089571590456558,45.08140238691067],[16.09433881478452,45.07992126465467],[16.10272912884625,45.07965196536594],[16.11245426615153,45.08288347139512],[16.130569716619164,45.085710888646645],[16.13648107464195,45.08948056067936],[16.138157162722905,45.092833101966164]]]}},{"type":"Feature","properties":{"shapeName":"Bužim","shapeISO":"","shapeID":"43093233B33554401135407","shapeGroup":"BIH","shapeType":"ADM3"},"geometry":{"type":"Polygon","coordinates":[[[15.959998146897021,45.056477727665026],[15.962465957637903,45.05422980206379],[15.967713717614004,45.04948782170567],[15.98126026225134,45.03983020909692],[15.99309823169807,45.02551324853766],[16.005180285242034,45.02258041725253],[16.014943559197945,45.01671430412188],[16.017506418386574,44.995401452615],[16.021045606769405,44.99272600010488],[16.02861214363554,44.99263969396674],[16.029012189960667,44.99278571149142],[16.032395413417646,44.994020590378],[16.049969307437664,45.004548830364286],[16.05851217259874,45.01904356800634],[16.06973993944672,45.02396059240749],[16.082066072591203,45.023356769599275],[16.1147425326418,45.005411714579],[16.11874700147297,45.005546539141505],[16.132285917161425,45.023610159881],[16.150210678979704,45.04193756076984],[16.160126504934283,45.05608337854511],[16.166396357905626,45.06078170940839],[16.173448249637033,45.06236106641012],[16.17634675739697,45.07074147713752],[16.17158558550642,45.07485104883688],[16.163385789222843,45.078213205674956],[16.15359893504285,45.08624422439152],[16.138157162722905,45.092833101966164],[16.13648107464195,45.08948056067936],[16.130569716619164,45.085710888646645],[16.11245426615153,45.08288347139512],[16.10272912884625,45.07965196536594],[16.09433881478452,45.07992126465467],[16.089571590456558,45.08140238691067],[16.08518574432668,45.086384062674426],[16.082897476937035,45.09728837665733],[16.078320942157802,45.10038428380773],[16.068405116203223,45.10226866656575],[16.056391711508354,45.10038428380773],[16.050289664836214,45.10199947249771],[16.04762001924854,45.10496053440119],[16.047429330599186,45.11639955739372],[16.04552244050825,45.11855252897607],[16.03160214662182,45.121916383734174],[16.001091913261234,45.12097452375531],[15.997850201725498,45.117610613239265],[15.997659512176767,45.114515640484456],[16.005096381193084,45.101326483730304],[16.002998802452794,45.096211499661024],[15.994036421543683,45.09311536678081],[15.986980930725395,45.09244227189339],[15.98077209765421,45.08732649282342],[15.984677407236632,45.07103911046664],[15.983579039141375,45.06595373837439],[15.977965156167045,45.06267817455819],[15.967469636214787,45.060178276006695],[15.959998146897021,45.056477727665026]]]}},{"type":"Feature","properties":{"shapeName":"Cazin","shapeISO":"","shapeID":"43093233B58899090992725","shapeGroup":"BIH","shapeType":"ADM3"},"geometry":{"type":"Polygon","coordinates":[[[16.06243676994103,44.89827467073951],[16.06424809627265,44.900908303875156],[16.05912237699613,44.90972502698844],[16.059244418595085,44.915602090264315],[16.06473625997046,44.925971914672175],[16.07254688003451,44.93115612405592],[16.072790961433782,44.95991998461966],[16.060830950388095,44.971490564038334],[16.03471419030768,44.98642524822668],[16.0316631674213,44.9894462436493],[16.029012189960667,44.99278571149142],[16.02861214363554,44.99263969396674],[16.021045606769405,44.99272600010488],[16.017506418386574,44.995401452615],[16.014943559197945,45.01671430412188],[16.005180285242034,45.02258041725253],[15.99309823169807,45.02551324853766],[15.98126026225134,45.03983020909692],[15.967713717614004,45.04948782170567],[15.962465957637903,45.05422980206379],[15.959998146897021,45.056477727665026],[15.956852075562892,45.05491951192596],[15.948065128103224,45.05207440500982],[15.941963080531764,45.05172953389092],[15.935861034759,45.05336765349449],[15.906319500744416,45.074265716989316],[15.89297127370537,45.08180632280363],[15.889157494422875,45.079786615459966],[15.885534404689054,45.07022569705833],[15.842438699786214,45.07359239996936],[15.838815609153073,45.07170707022516],[15.838434230955045,45.06618539114294],[15.84224801113686,45.060259093582374],[15.834620452571869,45.057295714125985],[15.824895315266645,45.05675690150986],[15.809830888584713,45.06012439762293],[15.800105751279432,45.07493902591534],[15.796101282448262,45.07776683617061],[15.792859570912526,45.077632181579986],[15.784087878652713,45.070495040413846],[15.779320654324806,45.06928298452215],[15.76489309783824,45.070123114989826],[15.759415997250528,45.072486911042176],[15.742022057571944,45.060653092866005],[15.741757548072428,45.055608233433304],[15.745725191464487,45.052431612129226],[15.74699483724197,45.041816680195666],[15.753427709421317,45.02997347399668],[15.766801313529868,45.01585412776586],[15.786269216651078,45.00304798057988],[15.785761358699801,44.99981607075512],[15.775942763847524,44.9917953582692],[15.774419188195054,44.988083902050505],[15.781529205808226,44.97934307362402],[15.780344202423066,44.97179854676557],[15.778482055402606,44.96820556633389],[15.771155034976914,44.96784625570018],[15.77550687594163,44.95159139282856],[15.794575770555412,44.92797005087721],[15.798008172539198,44.926079923249915],[15.802394017769757,44.926079923249915],[15.823941871120496,44.93822965527443],[15.83214149563355,44.9468679016324],[15.834620452571869,44.947812631347915],[15.84072249924401,44.94646301335746],[15.856931060520083,44.936339865792206],[15.856931060520083,44.93269509610184],[15.850447636549234,44.92716000363134],[15.846443167718064,44.919058906143675],[15.856168305023289,44.901907816692415],[15.860935529351252,44.89812578527682],[15.868372398367512,44.8962346764892],[15.880576490812473,44.90015190388732],[15.885725093338408,44.899881759235825],[15.893924718750839,44.893803158788785],[15.895831608841718,44.88785361285403],[15.905716924396586,44.882665496815264],[15.920849999927611,44.88396257011658],[15.951482273987779,44.90384736116681],[15.974425969582853,44.90730488481262],[15.984799448835531,44.90678626917105],[15.992854151198173,44.900735413708446],[15.997857828875738,44.8994387190217],[16.02226601556424,44.90281006423311],[16.031419086022026,44.9027236222974],[16.042768892670324,44.9010811931426],[16.055583190411937,44.89675878968643],[16.061929318483294,44.8975368462485],[16.06243676994103,44.89827467073951]]]}},{"type":"Feature","properties":{"shapeName":"Ključ","shapeISO":"","shapeID":"43093233B71649810483300","shapeGroup":"BIH","shapeType":"ADM3"},"geometry":{"type":"Polygon","coordinates":[[[16.659404925696833,44.52671738599861],[16.666726324460342,44.527449106790925],[16.730377905316118,44.52129376899228],[16.743920795108636,44.52213865777287],[16.753570103377626,44.52431117342195],[16.76101869325811,44.52358700963282],[16.78336446110103,44.513930646182416],[16.802663078538274,44.51767267665275],[16.81705239854938,44.51525849068685],[16.826193849766412,44.516948431924675],[16.84041388319423,44.52310422927684],[16.860897503117314,44.53545248844165],[16.86913158065795,44.535915859629256],[16.879424176684438,44.53390789293496],[16.884407959559724,44.53568417448514],[16.898059192477774,44.55174547987008],[16.89502558496281,44.55437046512492],[16.88375790080653,44.55877090815096],[16.878015716052516,44.56494640695115],[16.876823941671603,44.56950041910909],[16.876932284797135,44.572819218732036],[16.88668316519596,44.58640117237627],[16.887874938677555,44.59712558597704],[16.873790334156638,44.612707177694176],[16.867073060373514,44.61756592782535],[16.85418023023351,44.62304117491033],[16.852880113626384,44.63383592358906],[16.85159128171233,44.638097738819624],[16.851038280492276,44.63992636091285],[16.85132766434026,44.638969446283],[16.82524959309427,44.643348941400575],[16.815905833987074,44.638600152275274],[16.810375855061693,44.63737897186212],[16.806562074879878,44.63914289043208],[16.800460029107114,44.64877565477269],[16.79054420315248,44.655422686108125],[16.779865621701106,44.669392533538655],[16.772047373587498,44.676037201455756],[16.76651739376274,44.675766005496826],[16.76213154853218,44.673189579135794],[16.760735705388527,44.66651203650133],[16.751582634930685,44.658526181737955],[16.748287529745767,44.653056972701165],[16.749385898740286,44.63777517898137],[16.7465789563538,44.63230401301985],[16.737547927494916,44.63213031795988],[16.732422208218395,44.63351987304378],[16.70996667632113,44.64367998634236],[16.703498507550137,44.64411413855669],[16.691958011353165,44.640092670740216],[16.680135296207027,44.63968562409235],[16.67117291439854,44.641720828553446],[16.655917798167877,44.64945395763408],[16.640853370586626,44.65013225330091],[16.630746855982693,44.65257405205091],[16.622165852372234,44.65989882866808],[16.612822093265038,44.66491712392616],[16.59794835523246,44.66640896520164],[16.572968100797254,44.66410337597006],[16.56476847538488,44.66125516729221],[16.54112304509249,44.64619802961545],[16.528346884900884,44.633850972844186],[16.528489641033083,44.63319062773091],[16.529491017696387,44.62855857321961],[16.545318202573014,44.60195356310652],[16.5783073919726,44.57166875470932],[16.599473866225992,44.565012130305604],[16.623342022616328,44.555090010895356],[16.65255373926368,44.548243843578575],[16.6536472267382,44.54223191167341],[16.647336795456795,44.535387712972636],[16.649434374197085,44.531445712849404],[16.652485397083467,44.528590995777904],[16.65534597053535,44.52631172251185],[16.659404925696833,44.52671738599861]]]}},{"type":"Feature","properties":{"shapeName":"Sanski Most","shapeISO":"","shapeID":"43093233B99469517424409","shapeGroup":"BIH","shapeType":"ADM3"},"geometry":{"type":"Polygon","coordinates":[[[16.386222325699805,44.84065375646577],[16.389487184885695,44.837941836446646],[16.39217208477396,44.83534558632982],[16.394979026261126,44.83041239031962],[16.394490863462636,44.8155236920648],[16.387900652193366,44.81024247461056],[16.376550845545125,44.81396535042063],[16.364102670801685,44.812926432908625],[16.36080756561671,44.810588799033894],[16.349099263120536,44.79334582494994],[16.337657926172426,44.789015329393976],[16.33327208004249,44.78563190269023],[16.320495919850885,44.76600412259222],[16.3201145416528,44.76234855833934],[16.32469107643209,44.7509742109911],[16.324985325612317,44.75017044011378],[16.327170033370408,44.74420270269263],[16.336704481126958,44.733773028402595],[16.363973002951752,44.7108753304322],[16.413170753627412,44.689459818615774],[16.42060762264373,44.67156230445681],[16.434718605179512,44.66084826903244],[16.453596812942635,44.650810540873806],[16.496311139647446,44.63805740782317],[16.51595210200793,44.636971905429164],[16.526439995709268,44.63357957993372],[16.528489641033083,44.63319062773091],[16.528346884900884,44.633850972844186],[16.54112304509249,44.64619802961545],[16.56476847538488,44.66125516729221],[16.572968100797254,44.66410337597006],[16.59794835523246,44.66640896520164],[16.612822093265038,44.66491712392616],[16.622165852372234,44.65989882866808],[16.630746855982693,44.65257405205091],[16.640853370586626,44.65013225330091],[16.655917798167877,44.64945395763408],[16.67117291439854,44.641720828553446],[16.680135296207027,44.63968562409235],[16.691958011353165,44.640092670740216],[16.703498507550137,44.64411413855669],[16.70996667632113,44.64367998634236],[16.732422208218395,44.63351987304378],[16.737547927494916,44.63213031795988],[16.7465789563538,44.63230401301985],[16.749385898740286,44.63777517898137],[16.748287529745767,44.653056972701165],[16.751582634930685,44.658526181737955],[16.760735705388527,44.66651203650133],[16.76213154853218,44.673189579135794],[16.76651739376274,44.675766005496826],[16.772047373587498,44.676037201455756],[16.779865621701106,44.669392533538655],[16.79054420315248,44.655422686108125],[16.800460029107114,44.64877565477269],[16.806562074879878,44.63914289043208],[16.810375855061693,44.63737897186212],[16.815905833987074,44.638600152275274],[16.82524959309427,44.643348941400575],[16.85132766434026,44.638969446283],[16.851038280492276,44.63992636091285],[16.846487868320537,44.64863688668305],[16.84746295645033,44.670600104511266],[16.840528997315403,44.677380048450516],[16.832944979427282,44.679922323056815],[16.809217836733808,44.68130897153185],[16.80434239698411,44.68662414828589],[16.803367308854263,44.69894731996288],[16.808676121106146,44.71257677399899],[16.809318139020945,44.721099567191345],[16.807202063024818,44.72880478851022],[16.796357170846818,44.75116290944078],[16.775989933988285,44.77238572711968],[16.770435233599187,44.794726992956384],[16.764351514211057,44.79941943595827],[16.735255462069972,44.805237536982816],[16.72732017528591,44.80805253639551],[16.7146237166113,44.81668434450694],[16.704836862431307,44.819874033859605],[16.649120568359592,44.81949878544066],[16.61407834094274,44.84651042671487],[16.604598319257093,44.852511295160184],[16.597149729376554,44.85383140189771],[16.582929695049415,44.84951093917857],[16.574296103582355,44.851551197829565],[16.56921751957293,44.85479146055752],[16.56058392720655,44.85743154003359],[16.551781049156148,44.85743154003359],[16.5465331794627,44.855391489125964],[16.531974572868307,44.85383140189771],[16.487621609449775,44.85383140189771],[16.471200856734185,44.85611151603371],[16.431418618474538,44.866310918014506],[16.418214300949273,44.867390749283686],[16.407379989295123,44.86043148322642],[16.397899966710156,44.85011102350501],[16.394344732575313,44.847143114169626],[16.38740422732326,44.84134918062023],[16.386222325699805,44.84065375646577]]]}},{"type":"Feature","properties":{"shapeName":"Bosanska Krupa","shapeISO":"","shapeID":"43093233B79078535868776","shapeGroup":"BIH","shapeType":"ADM3"},"geometry":{"type":"Polygon","coordinates":[[[16.142445384746736,44.727919405955845],[16.144680700054323,44.72862522357525],[16.15917305988887,44.72754141730263],[16.17156784278177,44.73079277676527],[16.18250576083227,44.73894204733767],[16.18934005440002,44.751163801568225],[16.198249041660006,44.75428383483114],[16.205571498026245,44.75419716986357],[16.214236403886957,44.750470437760555],[16.224243760141462,44.74847697083561],[16.239987040969197,44.748043599232744],[16.247675620333666,44.74986373802113],[16.26341890026208,44.760263428914186],[16.269032783236412,44.760263428914186],[16.273060134417733,44.75957017392443],[16.28624055515752,44.751163801568225],[16.294661379619015,44.749257031087154],[16.324985325612317,44.75017044011378],[16.32469107643209,44.7509742109911],[16.3201145416528,44.76234855833934],[16.320495919850885,44.76600412259222],[16.33327208004249,44.78563190269023],[16.337657926172426,44.789015329393976],[16.349099263120536,44.79334582494994],[16.36080756561671,44.810588799033894],[16.364102670801685,44.812926432908625],[16.376550845545125,44.81396535042063],[16.387900652193366,44.81024247461056],[16.394490863462636,44.8155236920648],[16.394979026261126,44.83041239031962],[16.39217208477396,44.83534558632982],[16.389487184885695,44.837941836446646],[16.386222325699805,44.84065375646577],[16.3794477794915,44.83666765089146],[16.355239864628118,44.82322114144256],[16.346098414310404,44.82490212723144],[16.33763410852731,44.831625577558384],[16.326122651439277,44.852991337080596],[16.318335490190748,44.862471355168964],[16.311394760060182,44.866070952812265],[16.28041539985088,44.86943037391268],[16.2375860111855,44.89390024150299],[16.2308145667389,44.900735551304706],[16.22742884406597,44.90984803176133],[16.223081576153845,44.93304955759106],[16.207480167875474,44.95413808040814],[16.203471472230717,44.96249465910131],[16.194912367112124,44.969163716632295],[16.20455490348604,44.98625442560132],[16.21116383414369,44.98954935721713],[16.227306958049724,44.98203970157101],[16.233374173079653,44.981426624739015],[16.235181842767872,44.98163477282657],[16.23803292657834,44.981963067641516],[16.283970408207836,44.99598542288902],[16.29698177438945,45.001556048472935],[16.29158828377234,45.0091522018127],[16.27821468056311,45.01669181297683],[16.266872510058363,45.01693114955299],[16.251806045512637,45.02123903435398],[16.239448159105336,45.01908513287265],[16.2184566803316,45.0310502304838],[16.20880737116329,45.032246603098315],[16.201020209914816,45.02997347399668],[16.195772340221367,45.03021275481484],[16.185784458785804,45.04301282708036],[16.184938028567217,45.05186353917105],[16.173448249637033,45.06236106641012],[16.166396357905626,45.06078170940839],[16.160126504934283,45.05608337854511],[16.150210678979704,45.04193756076984],[16.132285917161425,45.023610159881],[16.11874700147297,45.005546539141505],[16.1147425326418,45.005411714579],[16.082066072591203,45.023356769599275],[16.06973993944672,45.02396059240749],[16.05851217259874,45.01904356800634],[16.049969307437664,45.004548830364286],[16.032395413417646,44.994020590378],[16.029012189960667,44.99278571149142],[16.0316631674213,44.9894462436493],[16.03471419030768,44.98642524822668],[16.060830950388095,44.971490564038334],[16.072790961433782,44.95991998461966],[16.07254688003451,44.93115612405592],[16.06473625997046,44.925971914672175],[16.059244418595085,44.915602090264315],[16.05912237699613,44.90972502698844],[16.06424809627265,44.900908303875156],[16.06243676994103,44.89827467073951],[16.07547586312063,44.89053395677672],[16.077794640010666,44.887334822743924],[16.07755055861145,44.885086675909406],[16.06668891566096,44.87764987254366],[16.070472184543746,44.86908770973008],[16.0698619801463,44.865108897657535],[16.053142371023625,44.859053657100674],[16.042768892670324,44.857756022622425],[16.027513775540342,44.861475829945675],[16.015919886593565,44.861908349890484],[16.011404372613754,44.85914016558621],[16.003105588851895,44.84962351361429],[16.002236046956057,44.840554195219966],[16.00738464948205,44.82824857381269],[16.005477759391113,44.81107040307671],[16.0089101613749,44.79875848731439],[16.01405876300157,44.79199257909431],[16.025805202148433,44.78971905608961],[16.036666845998184,44.78867970150708],[16.063881974173796,44.79110483402093],[16.075109740122457,44.78824663207644],[16.082554237188333,44.781490319622606],[16.101012928304044,44.755172147376754],[16.113026332998913,44.74420270269263],[16.13648107464195,44.72794784611625],[16.141248298070536,44.72754141730263],[16.142445384746736,44.727919405955845]]]}},{"type":"Feature","properties":{"shapeName":"Bosanski Petrovac","shapeISO":"","shapeID":"43093233B8593142689537","shapeGroup":"BIH","shapeType":"ADM3"},"geometry":{"type":"Polygon","coordinates":[[[16.29161973842457,44.49028322751264],[16.29405351255963,44.4917300316157],[16.30860153863017,44.4915413430586],[16.316272315914716,44.48814484380955],[16.33134936098429,44.477765424534766],[16.34827797255042,44.47587805872547],[16.377109515192046,44.47436812219115],[16.4043539999372,44.474745610821344],[16.415992420613748,44.477954157158706],[16.431069465683322,44.47965272919015],[16.44402231892306,44.47908223976909],[16.44225293012869,44.48144938578059],[16.437512918386517,44.492681013418064],[16.442043015772583,44.50857067329798],[16.44670176927127,44.51506052382416],[16.45569424779137,44.5241759963252],[16.462411521574495,44.528501484456],[16.482384320280232,44.53416945175883],[16.529731532384346,44.5360549307905],[16.5421634815595,44.535866385225575],[16.55671150763004,44.5322839115733],[16.58845265476623,44.533980899898665],[16.613570482991463,44.52793185117406],[16.648612710408315,44.525638781404666],[16.65534597053535,44.52631172251185],[16.652485397083467,44.528590995777904],[16.649434374197085,44.531445712849404],[16.647336795456795,44.535387712972636],[16.6536472267382,44.54223191167341],[16.65255373926368,44.548243843578575],[16.623342022616328,44.555090010895356],[16.599473866225992,44.565012130305604],[16.5783073919726,44.57166875470932],[16.545318202573014,44.60195356310652],[16.529491017696387,44.62855857321961],[16.528489641033083,44.63319062773091],[16.526439995709268,44.63357957993372],[16.51595210200793,44.636971905429164],[16.496311139647446,44.63805740782317],[16.453596812942635,44.650810540873806],[16.434718605179512,44.66084826903244],[16.42060762264373,44.67156230445681],[16.413170753627412,44.689459818615774],[16.363973002951752,44.7108753304322],[16.336704481126958,44.733773028402595],[16.327170033370408,44.74420270269263],[16.324985325612317,44.75017044011378],[16.294661379619015,44.749257031087154],[16.28624055515752,44.751163801568225],[16.273060134417733,44.75957017392443],[16.269032783236412,44.760263428914186],[16.26341890026208,44.760263428914186],[16.247675620333666,44.74986373802113],[16.239987040969197,44.748043599232744],[16.224243760141462,44.74847697083561],[16.214236403886957,44.750470437760555],[16.205571498026245,44.75419716986357],[16.198249041660006,44.75428383483114],[16.18934005440002,44.751163801568225],[16.18250576083227,44.73894204733767],[16.17156784278177,44.73079277676527],[16.15917305988887,44.72754141730263],[16.144680700054323,44.72862522357525],[16.142445384746736,44.727919405955845],[16.146991848894743,44.722989206486716],[16.157243288347104,44.71648542726069],[16.16297921202107,44.70920032693357],[16.163955539416634,44.6931525266678],[16.16773880829942,44.68681892705189],[16.167944752148628,44.68132526994532],[16.16603786295707,44.67969822369412],[16.154787214658256,44.67766435112895],[16.149829300781676,44.67441000591708],[16.150210678979704,44.65338796188496],[16.148875856635527,44.64755468929752],[16.144680700054323,44.64389163638998],[16.132857984008808,44.64375596286743],[16.121225957511967,44.64674069672583],[16.115695977687267,44.649725276800154],[16.109403242365772,44.65949192141511],[16.105398773534603,44.67251155416494],[16.098533971365725,44.67413880276359],[16.092431924693642,44.672647159338965],[16.088618145411147,44.669663759175194],[16.085376433875354,44.65962755716606],[16.09281330289167,44.63398666974905],[16.101394305602753,44.591769850698086],[16.106161529930716,44.587288450701465],[16.123323535352938,44.58239925851905],[16.150210678979704,44.55916997601366],[16.182055735583788,44.541639991392515],[16.219585706315343,44.52288113985276],[16.271429266947166,44.50439674431436],[16.281559618081985,44.496958839279046],[16.29161973842457,44.49028322751264]]]}},{"type":"Feature","properties":{"shapeName":"Drvar","shapeISO":"","shapeID":"43093233B59344523181148","shapeGroup":"BIH","shapeType":"ADM3"},"geometry":{"type":"Polygon","coordinates":[[[16.30558522597744,44.32397023993468],[16.314588222968155,44.3210862634204],[16.322555055271607,44.3176216027548],[16.327631957548874,44.31639215847139],[16.339816524812818,44.31192123377798],[16.35332889701101,44.30325784867085],[16.365078998197248,44.29968382864581],[16.37777125523928,44.293482057950655],[16.400714950834356,44.27880483527497],[16.421705991638248,44.260016135236526],[16.426953751614406,44.257918419799296],[16.431835388592333,44.25721916453284],[16.45209418339988,44.260977563563756],[16.457463984075673,44.26071535722798],[16.474793797595737,44.25363535089076],[16.48138400796563,44.253110871669435],[16.485777482145124,44.255121348371574],[16.494442387106517,44.25599544713225],[16.5138468961174,44.25555840000021],[16.525318744364597,44.252936044363025],[16.53337344582792,44.24908971142111],[16.536790591712474,44.24611737291849],[16.538377124404803,44.23632507873947],[16.541174301952537,44.23216985565438],[16.548125753800548,44.22791639332695],[16.57559960883492,44.23370186514899],[16.58682737478358,44.23125342850295],[16.594393912549094,44.23142831966129],[16.595501683056284,44.23263781248511],[16.596956772636986,44.234226517040156],[16.600007794624048,44.238510999682944],[16.601472286616797,44.24541797825714],[16.602082491014187,44.25914209673044],[16.616971485145996,44.26132717051257],[16.625392309607435,44.27085314215884],[16.649190291898492,44.278630084410906],[16.666153981521063,44.29007517243133],[16.690318085910974,44.315840297591706],[16.691294413306593,44.32160315056501],[16.691294413306593,44.324968004469895],[16.690148751663628,44.3249338545138],[16.683756508156364,44.32710402293236],[16.67882316911255,44.32751364998712],[16.671622078995824,44.328111573890055],[16.664904806111963,44.330126623644844],[16.655478955089734,44.33586138629397],[16.639119144033316,44.3500408917738],[16.6218925888719,44.35600610659657],[16.611708335071683,44.36181579716134],[16.59697367089825,44.373123675617194],[16.572054754723183,44.378234739541654],[16.566854285596833,44.382958204657484],[16.55940461203329,44.39612924097173],[16.548864994723772,44.40489796456944],[16.545423993422617,44.409405176907455],[16.545402348539596,44.409433528934244],[16.535759810366983,44.412916231798704],[16.487621609449775,44.44882918282059],[16.475771581893014,44.45704635850268],[16.454441530852023,44.46840349192769],[16.44631579643692,44.47601395078328],[16.44402231892306,44.47908223976909],[16.431069465683322,44.47965272919015],[16.415992420613748,44.477954157158706],[16.4043539999372,44.474745610821344],[16.377109515192046,44.47436812219115],[16.34827797255042,44.47587805872547],[16.33134936098429,44.477765424534766],[16.316272315914716,44.48814484380955],[16.30860153863017,44.4915413430586],[16.29405351255963,44.4917300316157],[16.29161973842457,44.49028322751264],[16.290879398565437,44.489843118165425],[16.288234302670958,44.473046895797665],[16.291672927063985,44.45813383940521],[16.292201946063017,44.435096064831555],[16.30412140847625,44.42081091509169],[16.304948000549814,44.41343085445044],[16.292962410986547,44.40929761439344],[16.297095373153013,44.40457355212777],[16.29957514937371,44.39482897147991],[16.309907554789845,44.37858439595317],[16.310320850826656,44.369130932146845],[16.3146852580183,44.35685096749819],[16.31151114402411,44.35136611025786],[16.31018859562721,44.33131364151137],[16.30807251963114,44.32506949206345],[16.30558522597744,44.32397023993468]]]}},{"type":"Feature","properties":{"shapeName":"Bosansko Grahovo","shapeISO":"","shapeID":"43093233B45723311829087","shapeGroup":"BIH","shapeType":"ADM3"},"geometry":{"type":"Polygon","coordinates":[[[16.216691884023305,44.24272994962752],[16.221334544153933,44.239749546004816],[16.221165257570647,44.237202587729314],[16.226920986114692,44.22810540743865],[16.224212407976324,44.22470876699606],[16.209823087965162,44.22264642459288],[16.198596032480964,44.21694427945499],[16.18472811331185,44.213605235193484],[16.174977232913022,44.20956706876524],[16.183969711433065,44.20661592548464],[16.212355608524547,44.210421319488376],[16.222648204551035,44.20886812736222],[16.231999569224797,44.199591804818],[16.259254634493857,44.179441960178394],[16.2685653713948,44.16827160964709],[16.279907541000284,44.161835555666414],[16.297005439149757,44.146167509423094],[16.30665474831801,44.141429839515524],[16.311225473476895,44.125027275588366],[16.310886901209585,44.12040943674617],[16.322059785131046,44.11797884984412],[16.336618391725438,44.12138164344816],[16.35185414195513,44.120044854286675],[16.3726763350449,44.11469739906579],[16.38097135514397,44.11092958233439],[16.388589229809156,44.098530555540776],[16.38841994412519,44.09001991488719],[16.392821382700674,44.08053518614997],[16.399931400313903,44.07810295978385],[16.4320957630091,44.07226520767324],[16.43666648816793,44.068737953293976],[16.438020777237114,44.0512201994527],[16.431926476425815,44.042946124564025],[16.431080046207228,44.0374699988414],[16.43294219322769,44.031019690606286],[16.439036494039044,44.02237761043841],[16.442422215812655,44.02055165753302],[16.479157303666682,44.01982126054281],[16.49810841137412,44.01025125718979],[16.50823199151324,44.007707826954686],[16.51641406395794,44.00287002203396],[16.518078214438106,43.997932060516234],[16.512791070451613,43.98540450621306],[16.513441129204807,43.97558140305938],[16.51679976519705,43.969031764704255],[16.53520880654122,43.95485176100004],[16.551679585844283,43.95726242072419],[16.563029392492524,43.97079010567887],[16.567178783474105,43.971141433030766],[16.58438655539527,43.964905062718515],[16.6120593377683,43.96883580872566],[16.619305518135207,43.97144335342807],[16.630365477784608,43.98434215146915],[16.649434374197085,43.99819837495511],[16.65115057383997,44.00834840775286],[16.644476460320448,44.01931946042481],[16.646764728609412,44.03083688271602],[16.657252621411374,44.03508679452],[16.679563229359587,44.03769142811694],[16.685665275132408,44.03974763804314],[16.692104580162322,44.041760175092065],[16.694436967392164,44.04248913856293],[16.698632124872688,44.048245877944964],[16.69672523478181,44.061950149279994],[16.67460531638227,44.077432159066916],[16.655786699496616,44.09818265820314],[16.637909609840676,44.11401456811785],[16.631950579655552,44.12556490739462],[16.60096362377226,44.156141010699116],[16.601261575461365,44.1582786074718],[16.60662470226822,44.1623398271214],[16.623309986966376,44.164477199063526],[16.625395646092215,44.169606576782144],[16.624501791924217,44.17281221111472],[16.61556324664656,44.181359716777536],[16.613179635831557,44.18584666109456],[16.61556324664656,44.19161508806593],[16.62569359778138,44.19738295026298],[16.62688540453786,44.20144147824169],[16.610796023217972,44.21233403898475],[16.606326750579115,44.22343810408529],[16.599175914536886,44.23048382916545],[16.595501683056284,44.23263781248511],[16.594393912549094,44.23142831966129],[16.58682737478358,44.23125342850295],[16.57559960883492,44.23370186514899],[16.548125753800548,44.22791639332695],[16.541174301952537,44.23216985565438],[16.538377124404803,44.23632507873947],[16.536790591712474,44.24611737291849],[16.53337344582792,44.24908971142111],[16.525318744364597,44.252936044363025],[16.5138468961174,44.25555840000021],[16.494442387106517,44.25599544713225],[16.485777482145124,44.255121348371574],[16.48138400796563,44.253110871669435],[16.474793797595737,44.25363535089076],[16.457463984075673,44.26071535722798],[16.45209418339988,44.260977563563756],[16.431835388592333,44.25721916453284],[16.426953751614406,44.257918419799296],[16.421705991638248,44.260016135236526],[16.400714950834356,44.27880483527497],[16.37777125523928,44.293482057950655],[16.365078998197248,44.29968382864581],[16.35332889701101,44.30325784867085],[16.339816524812818,44.31192123377798],[16.327631957548874,44.31639215847139],[16.322555055271607,44.3176216027548],[16.314588222968155,44.3210862634204],[16.30558522597744,44.32397023993468],[16.30259188111046,44.32264733990286],[16.294127575327366,44.31925616014371],[16.287017557714194,44.311504152494706],[16.278383966247077,44.30992940182051],[16.260439636979697,44.309687128957876],[16.243003166562914,44.29757219260267],[16.238432441404086,44.28909025021494],[16.23267671375936,44.28521238344479],[16.229121705402406,44.28000109547423],[16.24537317333335,44.259757525289615],[16.24723532035381,44.25466523111555],[16.244018884264165,44.25139138050787],[16.22929099108643,44.24811734733777],[16.216691884023305,44.24272994962752]]]}},{"type":"Feature","properties":{"shapeName":"Glamoč","shapeISO":"","shapeID":"43093233B43945283156568","shapeGroup":"BIH","shapeType":"ADM3"},"geometry":{"type":"Polygon","coordinates":[[[17.0620211606481,44.0874946257764],[17.0580819754029,44.090861306204374],[17.040097017463438,44.11373480521712],[17.02027022728919,44.127579084806996],[16.97161062552999,44.157342045399105],[16.95180415014147,44.16742160462343],[16.921840506734043,44.17907774284362],[16.897463305287374,44.20553833262801],[16.896632461219156,44.20722573418033],[16.894416154881696,44.2117269399464],[16.891538291059362,44.232229637188084],[16.883243270960236,44.23780901587344],[16.846000325154932,44.23999210754977],[16.837366732788553,44.24302404502373],[16.829410284956737,44.246177093298286],[16.82433170184663,44.25066383256984],[16.80604880121126,44.26036372140868],[16.79978521471594,44.264728149284736],[16.795383775241078,44.27042566471272],[16.79413294867669,44.2714812268772],[16.790643764398283,44.274425718771965],[16.763930413857565,44.285779537295866],[16.719726423135967,44.32121337989361],[16.704991758962535,44.32586393697119],[16.6953492216893,44.325088869755575],[16.691294413306593,44.324968004469895],[16.691294413306593,44.32160315056501],[16.690318085910974,44.315840297591706],[16.666153981521063,44.29007517243133],[16.649190291898492,44.278630084410906],[16.625392309607435,44.27085314215884],[16.616971485145996,44.26132717051257],[16.602082491014187,44.25914209673044],[16.601472286616797,44.24541797825714],[16.600007794624048,44.238510999682944],[16.596956772636986,44.234226517040156],[16.595501683056284,44.23263781248511],[16.599175914536886,44.23048382916545],[16.606326750579115,44.22343810408529],[16.610796023217972,44.21233403898475],[16.62688540453786,44.20144147824169],[16.62569359778138,44.19738295026298],[16.61556324664656,44.19161508806593],[16.613179635831557,44.18584666109456],[16.61556324664656,44.181359716777536],[16.624501791924217,44.17281221111472],[16.625395646092215,44.169606576782144],[16.623309986966376,44.164477199063526],[16.60662470226822,44.1623398271214],[16.601261575461365,44.1582786074718],[16.60096362377226,44.156141010699116],[16.631950579655552,44.12556490739462],[16.637909609840676,44.11401456811785],[16.655786699496616,44.09818265820314],[16.67460531638227,44.077432159066916],[16.69672523478181,44.061950149279994],[16.698632124872688,44.048245877944964],[16.694436967392164,44.04248913856293],[16.692104580162322,44.041760175092065],[16.719241787478552,44.02206190703146],[16.744504260862982,44.01065249691527],[16.762932441578982,43.99704610059712],[16.79246634754395,43.99590477638435],[16.80235166309882,43.992656274067826],[16.816108117595604,43.97894739190866],[16.829620488894477,43.95758571530854],[16.837977852695815,43.95297508273393],[16.870470030867295,43.94774551784144],[16.926628386690766,43.93284154550099],[16.932642564203036,43.92749770195741],[16.931226889209597,43.899691425119215],[16.93366770769859,43.89415112467469],[16.940135878268222,43.88605960047022],[16.963567736661787,43.86969729379513],[16.972476724821036,43.86767368519247],[16.98626734995827,43.86723376112923],[16.995786543414283,43.864770126839915],[17.016411461220002,43.871984767982724],[17.027029022771217,43.873216448880044],[17.05204741385711,43.88034210120708],[17.053285124708793,43.88156461351616],[17.055342519042085,43.88359674499384],[17.060590279018186,43.89283192984976],[17.06339722050535,43.9040881215696],[17.07511315015182,43.91428720788838],[17.08268456943739,43.92513500757457],[17.080263277927997,43.94510244362294],[17.085730710803716,43.96087522850905],[17.082679688816654,43.97830476515287],[17.083633132063426,44.03508679452],[17.080772798725718,44.04070717779405],[17.079262542032723,44.05478595201015],[17.08049701712372,44.06506129004657],[17.07656802029794,44.06861631998726],[17.06664108232013,44.08354614423922],[17.0620211606481,44.0874946257764]]]}},{"type":"Feature","properties":{"shapeName":"Kupres (BiH)","shapeISO":"","shapeID":"43093233B81215665595173","shapeGroup":"BIH","shapeType":"ADM3"},"geometry":{"type":"Polygon","coordinates":[[[17.358613068538318,43.76083419734039],[17.36350799210021,43.766441615088524],[17.371464439932026,43.77255393201841],[17.378574457545255,43.78135457165621],[17.377749186575727,43.79723369867628],[17.371929976687113,43.81670449941316],[17.374310562182757,43.82758247764929],[17.39626485603833,43.83864926135436],[17.403406614323842,43.84952324030536],[17.41345797800335,43.85848801251183],[17.436470309856986,43.87069319493503],[17.442522086224084,43.87280841843728],[17.442226037501655,43.88795925821324],[17.442395324085,43.8966209094275],[17.44129093862597,43.90173660665914],[17.4412103215991,43.902110036648935],[17.438501743460733,43.90381766215546],[17.433592446034595,43.902110036648935],[17.429529578827044,43.89710885279135],[17.42478956708493,43.89491307797624],[17.42140384531126,43.89466909820038],[17.41886455375618,43.896498923586535],[17.40616809418225,43.920403471942734],[17.407353097567466,43.93527798609023],[17.40345951604388,43.940763548399104],[17.395164495944755,43.94320141351449],[17.388393052397475,43.94234817273002],[17.38179089273558,43.93722846632073],[17.373326587851807,43.92540269977485],[17.368586575210315,43.92406148415023],[17.349287957773072,43.9294261622876],[17.33963864950414,43.933693173800975],[17.33659149909846,43.93917888269931],[17.33286720415822,43.95733906004966],[17.318816456414368,43.978539224705514],[17.310690722898585,43.998392284076715],[17.30561213888916,44.006063773624305],[17.30341573005194,44.00832805789361],[17.300533555778998,44.01129929922331],[17.290714960926778,44.030045997324976],[17.27903421815472,44.036496412579424],[17.269892767837007,44.04623155754041],[17.263967754508315,44.05937146652002],[17.262782751123098,44.06691342941127],[17.259058457082176,44.06958937924651],[17.254487731923348,44.06934611623035],[17.244838422755038,44.06545376947594],[17.242786615909665,44.065269479502945],[17.240733233452033,44.06126464914428],[17.228565793776397,44.057653102208974],[17.20211483842911,44.05613238460194],[17.166141538401348,44.056512567600976],[17.146313901065753,44.04854341954325],[17.137003164164753,44.04976015190954],[17.125322422292015,44.05401852183735],[17.093327346180104,44.05997972478451],[17.08113874545677,44.06448064276748],[17.08049701712372,44.06506129004657],[17.079262542032723,44.05478595201015],[17.080772798725718,44.04070717779405],[17.083633132063426,44.03508679452],[17.082679688816654,43.97830476515287],[17.085730710803716,43.96087522850905],[17.080263277927997,43.94510244362294],[17.08268456943739,43.92513500757457],[17.07511315015182,43.91428720788838],[17.06339722050535,43.9040881215696],[17.060590279018186,43.89283192984976],[17.055342519042085,43.88359674499384],[17.053285124708793,43.88156461351616],[17.070475594573054,43.87667491591469],[17.087637600894595,43.87378829089698],[17.104608918566782,43.86306532070802],[17.1120457875831,43.860315530237585],[17.117385078758446,43.86086549804435],[17.118104328651896,43.861803869553],[17.121389546690295,43.866089943995746],[17.125394015521465,43.868564521235726],[17.146369800226125,43.87502543337712],[17.15170909140147,43.87488797380098],[17.16067147231064,43.86993924200249],[17.179549679174386,43.87585018004182],[17.186033104044554,43.87557526538626],[17.206436821901832,43.86773967294761],[17.226077785161692,43.85817060578887],[17.23388840432642,43.85121832026931],[17.239746369599345,43.840304236951],[17.25195046294357,43.806228894947594],[17.249021480756767,43.795394674124964],[17.253170872637725,43.78588007980187],[17.25658801762296,43.78350119492427],[17.264520679285965,43.78138655064885],[17.311848153069832,43.77998732065839],[17.32301733897907,43.77654725914874],[17.358613068538318,43.76083419734039]]]}},{"type":"Feature","properties":{"shapeName":"Livno","shapeISO":"","shapeID":"43093233B82239464067086","shapeGroup":"BIH","shapeType":"ADM3"},"geometry":{"type":"Polygon","coordinates":[[[17.118104328651896,43.861803869553],[17.117385078758446,43.86086549804435],[17.1120457875831,43.860315530237585],[17.104608918566782,43.86306532070802],[17.087637600894595,43.87378829089698],[17.070475594573054,43.87667491591469],[17.053285124708793,43.88156461351616],[17.05204741385711,43.88034210120708],[17.027029022771217,43.873216448880044],[17.016411461220002,43.871984767982724],[16.995786543414283,43.864770126839915],[16.98626734995827,43.86723376112923],[16.972476724821036,43.86767368519247],[16.963567736661787,43.86969729379513],[16.940135878268222,43.88605960047022],[16.93366770769859,43.89415112467469],[16.931226889209597,43.899691425119215],[16.932642564203036,43.92749770195741],[16.926628386690766,43.93284154550099],[16.870470030867295,43.94774551784144],[16.837977852695815,43.95297508273393],[16.829620488894477,43.95758571530854],[16.816108117595604,43.97894739190866],[16.80235166309882,43.992656274067826],[16.79246634754395,43.99590477638435],[16.762932441578982,43.99704610059712],[16.744504260862982,44.01065249691527],[16.719241787478552,44.02206190703146],[16.692104580162322,44.041760175092065],[16.685665275132408,44.03974763804314],[16.679563229359587,44.03769142811694],[16.657252621411374,44.03508679452],[16.646764728609412,44.03083688271602],[16.644476460320448,44.01931946042481],[16.65115057383997,44.00834840775286],[16.649434374197085,43.99819837495511],[16.630365477784608,43.98434215146915],[16.619305518135207,43.97144335342807],[16.6120593377683,43.96883580872566],[16.58438655539527,43.964905062718515],[16.567178783474105,43.971141433030766],[16.563029392492524,43.97079010567887],[16.551679585844283,43.95726242072419],[16.53520880654122,43.95485176100004],[16.541718682271437,43.94719442048614],[16.548652641406306,43.942279912388074],[16.55954329198937,43.94124079252862],[16.572024418791955,43.93445018352918],[16.577155549289216,43.92810825169454],[16.58798119327747,43.92168136360408],[16.641502692795086,43.87905230252181],[16.650136285161466,43.87673383499856],[16.67383634117425,43.86184468708268],[16.70295355436309,43.85330005385447],[16.712367758265486,43.83704956798323],[16.711275659344267,43.807714512015195],[16.706833592096643,43.801459172303],[16.710192228088886,43.796532631275966],[16.727635470400685,43.783002103564286],[16.730560734790117,43.775570741996205],[16.740744987691073,43.76727781641813],[16.766774420902834,43.765708094752824],[16.782856602250433,43.757883321158374],[16.795045202973768,43.74736716985905],[16.810621963532867,43.72355666990444],[16.82490591987238,43.722203669563726],[16.831631861321398,43.72009894211254],[16.842379498115406,43.70396024107231],[16.860130434472012,43.70210551615668],[16.86983797744074,43.697242854873934],[16.876979956060154,43.690374301632744],[16.88521585113068,43.675206094985356],[16.912080863341203,43.64945657306242],[16.93049464321325,43.66099307177291],[16.937939140279127,43.66187595511127],[16.942698737456794,43.661964242455895],[16.958442017385266,43.65490082411378],[16.963079573863297,43.65454763156799],[17.00310899888126,43.672646083949644],[17.01714370721635,43.685797146321306],[17.03923311521612,43.70185694803979],[17.06486171159878,43.70573889143674],[17.08768336649422,43.72523303407729],[17.105867464911626,43.731847251849274],[17.138330353962715,43.763409056183036],[17.152731183497394,43.77336784544974],[17.149680160610956,43.77768574330247],[17.13100789759642,43.78121032669526],[17.126492383616664,43.793016167861936],[17.11845720823362,43.803893097488526],[17.117598040017583,43.811108056991316],[17.120019331526976,43.81432068804935],[17.122674942294793,43.81606783606185],[17.14118611154987,43.8197310445521],[17.13100789759642,43.845761528172034],[17.130153610900493,43.85315448149419],[17.126370342017708,43.857642612017],[17.118104328651896,43.861803869553]]]}},{"type":"Feature","properties":{"shapeName":"Doboj Jug","shapeISO":"","shapeID":"43093233B72212179272424","shapeGroup":"BIH","shapeType":"ADM3"},"geometry":{"type":"Polygon","coordinates":[[[18.07706344492209,44.654863579390735],[18.072390232123553,44.6562671585026],[18.068923252106458,44.65796263776559],[18.0680565071022,44.663279956704685],[18.07607389839177,44.66643929213967],[18.078024074651353,44.67137059237899],[18.075640525889582,44.67630147353424],[18.08019093626274,44.68516059698402],[18.077807388400288,44.68985923451612],[18.06513124271271,44.69810018557513],[18.049963206936525,44.70202770301614],[18.04290285977919,44.702592259625135],[18.041261166269862,44.69850816122272],[18.043048874605915,44.69448402601705],[18.046922243866504,44.69045961112221],[18.057648498379535,44.6849520639866],[18.06062801347207,44.67923213385592],[18.048709953101877,44.66482388221647],[18.04841200231209,44.65337948307672],[18.055264886665213,44.6459606103939],[18.058840304236696,44.64511267920682],[18.071056316295994,44.64765643679516],[18.074631733867477,44.64892827422051],[18.079426011145255,44.65233890509188],[18.07856579027907,44.65372384607866],[18.077265672772626,44.65480284097839],[18.07706344492209,44.654863579390735]]]}},{"type":"Feature","properties":{"shapeName":"Usora","shapeISO":"","shapeID":"43093233B20831922927744","shapeGroup":"BIH","shapeType":"ADM3"},"geometry":{"type":"Polygon","coordinates":[[[17.913239820215193,44.68864013516072],[17.90967791600309,44.68425067372965],[17.906239291610063,44.675034785626906],[17.90480179546654,44.67293911165075],[17.909864555904562,44.67012145024478],[17.917909245215526,44.66588343467282],[17.922974421232595,44.66228087736067],[17.929827305585718,44.65931389791808],[17.948300298619927,44.65507509184209],[17.95306752294789,44.64341677906117],[17.958728601443852,44.63811677117212],[17.98167086711686,44.63133205453073],[18.01087011286546,44.650835976399264],[18.031130815135043,44.66122125925375],[18.032918524370473,44.663976226221905],[18.029641057588776,44.66885007776892],[18.028449251731615,44.67605415097836],[18.028747203420778,44.69151869503179],[18.031130815135043,44.697449205016824],[18.038252998776898,44.70419893533267],[18.034727455807513,44.705911640210104],[17.996638079783622,44.712167744346004],[17.98597305381344,44.71168653060897],[17.960410849880873,44.70651321831042],[17.95194654409778,44.707355417218764],[17.94517509875186,44.714573758172435],[17.939080798839825,44.712408350764804],[17.921580846179154,44.69327706118747],[17.913645559395093,44.68914014200402],[17.913239820215193,44.68864013516072]]]}},{"type":"Feature","properties":{"shapeName":"Tešanj","shapeISO":"","shapeID":"43093233B76206910856157","shapeGroup":"BIH","shapeType":"ADM3"},"geometry":{"type":"Polygon","coordinates":[[[18.079426011145255,44.65233890509188],[18.074631733867477,44.64892827422051],[18.071056316295994,44.64765643679516],[18.058840304236696,44.64511267920682],[18.055264886665213,44.6459606103939],[18.04841200231209,44.65337948307672],[18.048709953101877,44.66482388221647],[18.06062801347207,44.67923213385592],[18.057648498379535,44.6849520639866],[18.046922243866504,44.69045961112221],[18.043048874605915,44.69448402601705],[18.041261166269862,44.69850816122272],[18.04290285977919,44.702592259625135],[18.041295757793023,44.702720766450284],[18.038252998776898,44.70419893533267],[18.031130815135043,44.697449205016824],[18.028747203420778,44.69151869503179],[18.028449251731615,44.67605415097836],[18.029641057588776,44.66885007776892],[18.032918524370473,44.663976226221905],[18.031130815135043,44.66122125925375],[18.01087011286546,44.650835976399264],[17.98167086711686,44.63133205453073],[17.958728601443852,44.63811677117212],[17.95306752294789,44.64341677906117],[17.948300298619927,44.65507509184209],[17.929827305585718,44.65931389791808],[17.922974421232595,44.66228087736067],[17.917909245215526,44.66588343467282],[17.909864555904562,44.67012145024478],[17.90480179546654,44.67293911165075],[17.90094910072048,44.66732240570451],[17.896716946929587,44.65829197399546],[17.894071851035164,44.64192073165651],[17.894865380433032,44.63269811302757],[17.900155572221934,44.62272097669177],[17.92316790317625,44.61123573394201],[17.937980438746308,44.596923073940786],[17.94194808303763,44.59051890092661],[17.944857687532306,44.56753340933943],[17.949618859422856,44.55980673739106],[17.953613718997985,44.554706562457966],[17.956607187072052,44.55577310444528],[17.975866771234564,44.55468606421056],[17.988452242776816,44.558898233266916],[18.00980940567956,44.553463118428226],[18.0363151711083,44.553463118428226],[18.05443062157599,44.559985195260595],[18.056528200316222,44.563517681895576],[18.051379599588927,44.56854431117108],[18.051188910040196,44.57248379948783],[18.058816468605187,44.58144853392275],[18.058053712209073,44.59679403831427],[18.064918515277327,44.60982774455482],[18.072355384293587,44.618650988652234],[18.08208052159887,44.62503003820575],[18.094107105732856,44.63070038955217],[18.090808561665824,44.63422141348752],[18.080624308764868,44.650409666273106],[18.079426011145255,44.65233890509188]]]}},{"type":"Feature","properties":{"shapeName":"Maglaj","shapeISO":"","shapeID":"43093233B1302485907862","shapeGroup":"BIH","shapeType":"ADM3"},"geometry":{"type":"Polygon","coordinates":[[[18.094107105732856,44.63070038955217],[18.08208052159887,44.62503003820575],[18.072355384293587,44.618650988652234],[18.064918515277327,44.60982774455482],[18.058053712209073,44.59679403831427],[18.058816468605187,44.58144853392275],[18.051188910040196,44.57248379948783],[18.051379599588927,44.56854431117108],[18.056528200316222,44.563517681895576],[18.05443062157599,44.559985195260595],[18.0363151711083,44.553463118428226],[18.00980940567956,44.553463118428226],[17.988452242776816,44.558898233266916],[17.975866771234564,44.55468606421056],[17.956607187072052,44.55577310444528],[17.953613718997985,44.554706562457966],[17.95596708920982,44.55170205160846],[17.95993473260188,44.54585843771679],[17.96125728099878,44.53680910495626],[17.96601845199001,44.52700407457843],[17.97659883466855,44.515688525804876],[17.974218249172907,44.51078443905067],[17.9641668854934,44.50776633404911],[17.959141204103332,44.502861579997955],[17.960199242101396,44.496258375323805],[17.965224923491462,44.49078658253478],[17.964431394992914,44.485502984575135],[17.959405713602848,44.479275272935524],[17.9477672929263,44.4726693972749],[17.94141906313928,44.45756744548129],[17.939491297985057,44.45632902776248],[17.95050513950065,44.454999795604124],[17.964425434286397,44.4581303311499],[17.969764724562424,44.45785811715842],[17.983303640250824,44.45350252332287],[18.01877178658873,44.46479917464222],[18.046803063910318,44.47065079789604],[18.083224655293634,44.48439299993703],[18.084486650538565,44.48494705156526],[18.09066152430995,44.487657997618555],[18.097907704676857,44.49228309938559],[18.105344573693174,44.492963230568705],[18.10858628612823,44.49065075253026],[18.111446621264633,44.485617396325836],[18.111637309913988,44.46479917464222],[18.11430695460234,44.46194119303169],[18.11869280163154,44.46044409881614],[18.123460025060183,44.46098850071877],[18.134138606511556,44.46262167674905],[18.14138478687846,44.46534353697473],[18.14329167696934,44.46779310226992],[18.139668586336256,44.47663789772088],[18.141956853725844,44.48153597700377],[18.148058900397984,44.48139992486671],[18.160262994641528,44.47786245598763],[18.173611220781254,44.49364335275857],[18.17742500096307,44.495411635738435],[18.18295497988845,44.494595511773525],[18.188294271063796,44.49078678308365],[18.198019408369078,44.489698528764166],[18.209651433966542,44.49037869052421],[18.22414379559973,44.49364335275857],[18.230436530921224,44.492691179354495],[18.24225924696674,44.486977806180846],[18.24740784859341,44.48670572618835],[18.251603005174616,44.48820214681166],[18.262281587525308,44.504932236633465],[18.27086259023639,44.51091581920974],[18.294829574025698,44.511460123985614],[18.293904505288765,44.513206354689544],[18.295935938892512,44.516948431924675],[18.30727810939726,44.523224925489956],[18.3128645504587,44.52913869459513],[18.311002402538918,44.53481052178819],[18.301691666537238,44.54156772187292],[18.295089508673925,44.55001311851066],[18.295766652309226,44.567985670302505],[18.29864451703088,44.57112125194425],[18.29992871024183,44.57797766163981],[18.293058074170858,44.57727132421229],[18.277653038257142,44.57871830460613],[18.262925145978727,44.58402359511285],[18.242102952889013,44.58679662136706],[18.230422210116956,44.59511490872609],[18.222296476601173,44.59752578428754],[18.187423536666927,44.591016190944515],[18.153397026051948,44.58679662136706],[18.127496249852072,44.57811540090506],[18.110059779435346,44.570035877253986],[18.106843342446325,44.56991527906695],[18.106335484495048,44.58474700527012],[18.102611190454127,44.59053397086609],[18.102780477037413,44.59644090242574],[18.109721207168036,44.60536043783401],[18.10887477694945,44.609578659327724],[18.101256901384943,44.61765268722178],[18.094708914185105,44.63005799038399],[18.094107105732856,44.63070038955217]]]}},{"type":"Feature","properties":{"shapeName":"Breza","shapeISO":"","shapeID":"43093233B35408487409601","shapeGroup":"BIH","shapeType":"ADM3"},"geometry":{"type":"Polygon","coordinates":[[[18.37432183364752,44.05052407840232],[18.366594244828605,44.05191257490549],[18.35698718221272,44.05578581196568],[18.350738687240664,44.0556174157112],[18.346599057500555,44.052305523780944],[18.34363102225393,44.044839052680175],[18.341600261343046,44.02743234622585],[18.336132827568008,44.024680495408575],[18.32273761454934,44.03522388267612],[18.319198427965148,44.036803124564585],[18.30626208952384,44.03811912589697],[18.30101432864842,44.04075104132755],[18.296254732370073,44.05004954205276],[18.292349421888332,44.052417794245855],[18.27282287307719,44.05338261031926],[18.263181638921537,44.04987411130122],[18.261840846739577,44.04956233180746],[18.259032247939956,44.04890923767124],[18.238636156333598,44.03549805988763],[18.229483086775076,44.033852980430765],[18.2262413734407,44.02974008123982],[18.230817909119253,44.02274749889801],[18.230055153622516,44.011914222363544],[18.231580665515366,44.008622708171515],[18.24931473868429,44.005605326224895],[18.256560919051196,43.99957010277808],[18.2552260958077,43.99367145037718],[18.250077494181085,43.9902417319704],[18.236538577593308,43.98626300893079],[18.232534109661458,43.97720699240881],[18.231826319828826,43.97415086227255],[18.235162221859127,43.97390994918487],[18.27629874918796,43.97183884108972],[18.286455916307546,43.96830560711811],[18.299998805200744,43.96720904396227],[18.309986686636307,43.96720904396227],[18.32556101003263,43.970620507930164],[18.329793162924204,43.97330080778613],[18.333348170381782,43.97914831304428],[18.333686742649093,43.991937722947625],[18.336226035103493,44.003019650336626],[18.339781043460448,44.00752489675665],[18.34722963244161,44.009107740429954],[18.355693938224704,44.00618553553409],[18.364158244907117,43.99851406127499],[18.370252545718472,43.99851406127499],[18.381086856473303,44.004846143734596],[18.380917570789336,44.012151550753515],[18.37634684563045,44.0237166065362],[18.377193275849038,44.042216004565034],[18.37389219646775,44.04985901078476],[18.37432183364752,44.05052407840232]]]}},{"type":"Feature","properties":{"shapeName":"Visoko","shapeISO":"","shapeID":"43093233B63640318160940","shapeGroup":"BIH","shapeType":"ADM3"},"geometry":{"type":"Polygon","coordinates":[[[18.231826319828826,43.97415086227255],[18.232534109661458,43.97720699240881],[18.236538577593308,43.98626300893079],[18.250077494181085,43.9902417319704],[18.2552260958077,43.99367145037718],[18.256560919051196,43.99957010277808],[18.24931473868429,44.005605326224895],[18.231580665515366,44.008622708171515],[18.230055153622516,44.011914222363544],[18.230817909119253,44.02274749889801],[18.2262413734407,44.02974008123982],[18.229483086775076,44.033852980430765],[18.238636156333598,44.03549805988763],[18.259032247939956,44.04890923767124],[18.261840846739577,44.04956233180746],[18.25770505274602,44.05468728019389],[18.254654028960317,44.05811327360874],[18.254463340310963,44.063183377910605],[18.266095366807804,44.071404248007696],[18.265523299960364,44.079350002001036],[18.26094676428181,44.09003399017655],[18.25913677883932,44.09117148687466],[18.257895741395373,44.09195142481843],[18.247217159944,44.0878425599862],[18.23825477813557,44.07989794543391],[18.231580665515366,44.0764732146672],[18.22566930659326,44.0764732146672],[18.21422796964515,44.08071985203958],[18.207363167476274,44.07989794543391],[18.206791100628834,44.075103265703206],[18.200307675758665,44.06564975962874],[18.2046935218886,44.061950149279994],[18.21308383595033,44.05934658227898],[18.216897614333504,44.05537249524451],[18.215562792888647,44.0527686386618],[18.19897285341449,44.04728646050182],[18.19268011719373,44.04660115282098],[18.187150137368974,44.047697641333116],[18.185243248177414,44.04947939255999],[18.180666713398182,44.060853924269225],[18.17799706781051,44.061950149279994],[18.172276399336397,44.06140203947257],[18.1518726805798,44.05235749290404],[18.124413470105594,44.05468728019389],[18.05996060230001,44.0679790235132],[18.03231070317645,44.07071921911671],[18.008249069339115,44.07624906224447],[18.00374809649753,44.07190032843744],[17.974461597624668,44.0639940735677],[17.975985172377875,44.06010137517836],[17.988850917635773,44.054626834960516],[17.99494521754781,44.050855190714515],[18.000362374723863,44.04477138768942],[18.00357880991419,44.04404128927416],[18.005851803218206,44.04368184014487],[18.01204311569728,44.042702751830575],[18.022369569400155,44.040390662299274],[18.03032601723197,44.03053284621393],[18.042853190222615,44.02189069499963],[18.05538036321326,44.00423731799788],[18.062531008599194,43.98844466079254],[18.06664804647022,43.98431313034672],[18.092000336946057,43.97051329435311],[18.11041866648833,43.96521080883184],[18.111935470245783,43.961779537295854],[18.098392580453265,43.95429243754603],[18.094817257310638,43.95109453468507],[18.094485456938344,43.94649237282482],[18.100410470267036,43.94332330402733],[18.129189110289246,43.93759417383211],[18.134098408614705,43.93527798609023],[18.139007706040843,43.920037658311344],[18.14848772862581,43.91467213391189],[18.169987066250144,43.909672004959134],[18.17388064687441,43.90345174600134],[18.173940905948086,43.90206233660763],[18.1792462225352,43.90374428826834],[18.187098849932056,43.90612649883889],[18.197017959311438,43.90850861498063],[18.22966835880777,43.90046859315112],[18.239587467287834,43.89957519044276],[18.247529252572974,43.90039268497446],[18.248266686758257,43.90046859315112],[18.247853390721446,43.91773841109887],[18.236281097194933,43.94363374370238],[18.222229026548405,43.9668406627664],[18.22429550763161,43.97189737706236],[18.230081654844525,43.974276859089855],[18.231826319828826,43.97415086227255]]]}},{"type":"Feature","properties":{"shapeName":"Žepče","shapeISO":"","shapeID":"43093233B28181066770553","shapeGroup":"BIH","shapeType":"ADM3"},"geometry":{"type":"Polygon","coordinates":[[[17.898920107876734,44.44159363603751],[17.901116699276315,44.44002534519359],[17.906646679101016,44.43308134243006],[17.90893494649066,44.42831537355568],[17.90683736775037,44.41524100626748],[17.893107763412615,44.39467019887064],[17.899400498734053,44.384722777933916],[17.91484630361407,44.37654555013711],[17.955394404528192,44.36026946776178],[17.960520123804713,44.349187149167676],[17.987369129881472,44.346481697972024],[17.992860971256846,44.343514285056244],[18.000822922040243,44.33343443445165],[18.037298515913847,44.330082246598465],[18.046192858613608,44.32107927838604],[18.06010552534974,44.31278400917472],[18.061355760141883,44.31263491024388],[18.064498998629915,44.31226005785544],[18.067550022415674,44.31426851198228],[18.06986880110435,44.32352397565103],[18.06730594011708,44.33382551003933],[18.059251238653815,44.34944896070101],[18.068160227712383,44.363061532663664],[18.08219493424889,44.37553694607328],[18.08976147291372,44.379374999856395],[18.119051296580096,44.384869958282025],[18.125366915151062,44.38812962028578],[18.126892427043913,44.39167252466734],[18.12727380434262,44.397395224709896],[18.124032091907566,44.40338983477312],[18.112400066310045,44.40693181555088],[18.094856681790475,44.421642363504304],[18.084368788988456,44.419190862868106],[18.08055500970596,44.421369979541],[18.083224655293634,44.43103883277598],[18.090470835660597,44.4420675418836],[18.09066152430995,44.45472756722353],[18.08608498953072,44.47350835412732],[18.08856394556966,44.477318211466354],[18.084486650538565,44.48494705156526],[18.083224655293634,44.48439299993703],[18.046803063910318,44.47065079789604],[18.01877178658873,44.46479917464222],[17.983303640250824,44.45350252332287],[17.969764724562424,44.45785811715842],[17.964425434286397,44.4581303311499],[17.95050513950065,44.454999795604124],[17.939491297985057,44.45632902776248],[17.936128871350377,44.45416896862304],[17.91867124078516,44.446804921310104],[17.898920107876734,44.44159363603751]]]}},{"type":"Feature","properties":{"shapeName":"Zenica","shapeISO":"","shapeID":"43093233B81630913558650","shapeGroup":"BIH","shapeType":"ADM3"},"geometry":{"type":"Polygon","coordinates":[[[17.737322466358762,44.38193097293612],[17.740127287244547,44.38010862361415],[17.74594649713316,44.372735244935654],[17.755733351313154,44.36611732015825],[17.770545886883212,44.36706278372054],[17.775042549274303,44.36573913005685],[17.782184307559817,44.35079868211352],[17.787209988949883,44.347204841030646],[17.793293709237332,44.33585442374272],[17.799112919125946,44.33282727515865],[17.811608350544986,44.33197207744945],[17.814655500950664,44.32930801845032],[17.814147642999387,44.32301066960679],[17.821426945397263,44.31538028447261],[17.821426945397263,44.310898484277686],[17.816517647971125,44.306779771869],[17.819903370644113,44.299631908985475],[17.832938401586034,44.28775726248773],[17.832599829318724,44.28242500760808],[17.82565909828878,44.27624383408573],[17.813131925298137,44.26945591405922],[17.810254062375122,44.264364459852004],[17.811946922812297,44.25090635004807],[17.810084775791836,44.24169001138495],[17.805175478365697,44.2335638839661],[17.805006192681674,44.226528420150544],[17.80944148803428,44.213605235193484],[17.80575782266544,44.20824683882063],[17.806160328601308,44.20759108915167],[17.80814137142721,44.2043636381714],[17.820709173089938,44.19752858287785],[17.823742779705583,44.193256270760344],[17.83403537573207,44.19100347173287],[17.840102590762,44.17344423036701],[17.845411403013884,44.169869585313165],[17.8682718007031,44.16543983248232],[17.87347226982945,44.1568125173838],[17.87715593609761,44.15486925421277],[17.87893209893724,44.15499178504291],[17.88278977862541,44.15525791242277],[17.89102385526678,44.15673478808009],[17.8983911878031,44.15315913038961],[17.929555001662038,44.1229999428931],[17.921927645444555,44.10980803871007],[17.924493210693186,44.10517772986839],[17.928306888352267,44.102937126547204],[17.944532353285524,44.101144583455834],[17.947206533254928,44.096706949865904],[17.951777258413813,44.09366748146914],[17.953846554375048,44.09010052741746],[17.96461612293575,44.094827460319095],[17.972815748348182,44.100852985476934],[17.973769193393593,44.106604051036186],[17.970283398659944,44.10913981904747],[17.968208702269862,44.11483531549749],[17.970161357960365,44.12044265410526],[17.976385445332085,44.12718827631795],[17.979558509817423,44.13813732347876],[17.983707900799004,44.14006414524414],[18.009618716130888,44.139593393320524],[18.029450368040102,44.14780364332353],[18.03745930480312,44.14752998681951],[18.053286487881167,44.1415092208739],[18.05996060230001,44.141646062615735],[18.064918515277327,44.14561435531829],[18.063774380683185,44.15409739577825],[18.07254607294294,44.15970647817147],[18.073308829339055,44.165451815049266],[18.067397471316326,44.17338493176925],[18.08455947763781,44.18200072925032],[18.087229122326164,44.1856928284613],[18.085894300881307,44.18911123249745],[18.075215718530615,44.200048793517055],[18.0755970967287,44.20524342424471],[18.08303396574496,44.2090707527131],[18.08475016718654,44.23298592655931],[18.093903236745007,44.249379287724025],[18.105344573693174,44.25375007920286],[18.09104290250798,44.26959147696516],[18.083570279145135,44.28212671057929],[18.082027618080133,44.28453622096987],[18.08029281236344,44.28724584681845],[18.06420343194287,44.30302704126501],[18.061223916850338,44.31027643760757],[18.061355760141883,44.31263491024388],[18.06010552534974,44.31278400917472],[18.046192858613608,44.32107927838604],[18.037298515913847,44.330082246598465],[18.000822922040243,44.33343443445165],[17.992860971256846,44.343514285056244],[17.987369129881472,44.346481697972024],[17.960520123804713,44.349187149167676],[17.955394404528192,44.36026946776178],[17.91484630361407,44.37654555013711],[17.899400498734053,44.384722777933916],[17.893107763412615,44.39467019887064],[17.90683736775037,44.41524100626748],[17.90893494649066,44.42831537355568],[17.906646679101016,44.43308134243006],[17.901116699276315,44.44002534519359],[17.898920107876734,44.44159363603751],[17.894336361434,44.440384225951334],[17.828208971267088,44.42414049308934],[17.813396435696973,44.422818129952816],[17.80413860051607,44.42017331464683],[17.797790371628423,44.40921494601298],[17.793293709237332,44.40524675493384],[17.77398451037692,44.40052236621426],[17.76099180153045,44.39127657925076],[17.743047472263072,44.38474392369318],[17.737322466358762,44.38193097293612]]]}},{"type":"Feature","properties":{"shapeName":"Zavidovići","shapeISO":"","shapeID":"43093233B17981650539180","shapeGroup":"BIH","shapeType":"ADM3"},"geometry":{"type":"Polygon","coordinates":[[[18.489532577294803,44.32336840626461],[18.486260937492318,44.325708924427374],[18.477749231142127,44.3349992701003],[18.467084205172,44.340205677450115],[18.440675571020847,44.34238496589353],[18.423069814920098,44.3507381559412],[18.41105049988073,44.35243286088786],[18.403771196583477,44.354974826127375],[18.40021618822658,44.35945325926053],[18.409337324657884,44.367082751367946],[18.4228802144504,44.370258186466174],[18.44162357336927,44.36561115023443],[18.444115465256573,44.36878666447302],[18.44292369087566,44.37149733353516],[18.424397018207856,44.38830068303014],[18.402755479781604,44.400348501182464],[18.393614029463947,44.413409598973885],[18.38718115638528,44.41812538927536],[18.381425428740613,44.418609038376474],[18.37042183140244,44.41486065149792],[18.357556086144484,44.41389328674586],[18.329116017490264,44.42598419501462],[18.321667429408365,44.43444634332411],[18.315403842013723,44.4473789729613],[18.314895984062446,44.45245454963782],[18.31811242015209,44.45716719141279],[18.330808879726078,44.46320848168614],[18.331316737677355,44.466228892549395],[18.330999159183875,44.46660333337718],[18.32742315705309,44.47081961863057],[18.303215242189708,44.501857941091146],[18.2967823691111,44.50777387936108],[18.294829574025698,44.511460123985614],[18.27086259023639,44.51091581920974],[18.262281587525308,44.504932236633465],[18.251603005174616,44.48820214681166],[18.24740784859341,44.48670572618835],[18.24225924696674,44.486977806180846],[18.230436530921224,44.492691179354495],[18.22414379559973,44.49364335275857],[18.209651433966542,44.49037869052421],[18.198019408369078,44.489698528764166],[18.188294271063796,44.49078678308365],[18.18295497988845,44.494595511773525],[18.17742500096307,44.495411635738435],[18.173611220781254,44.49364335275857],[18.160262994641528,44.47786245598763],[18.148058900397984,44.48139992486671],[18.141956853725844,44.48153597700377],[18.139668586336256,44.47663789772088],[18.14329167696934,44.46779310226992],[18.14138478687846,44.46534353697473],[18.134138606511556,44.46262167674905],[18.123460025060183,44.46098850071877],[18.11869280163154,44.46044409881614],[18.11430695460234,44.46194119303169],[18.111637309913988,44.46479917464222],[18.111446621264633,44.485617396325836],[18.10858628612823,44.49065075253026],[18.105344573693174,44.492963230568705],[18.097907704676857,44.49228309938559],[18.09066152430995,44.487657997618555],[18.084486650538565,44.48494705156526],[18.08856394556966,44.477318211466354],[18.08608498953072,44.47350835412732],[18.09066152430995,44.45472756722353],[18.090470835660597,44.4420675418836],[18.083224655293634,44.43103883277598],[18.08055500970596,44.421369979541],[18.084368788988456,44.419190862868106],[18.094856681790475,44.421642363504304],[18.112400066310045,44.40693181555088],[18.124032091907566,44.40338983477312],[18.12727380434262,44.397395224709896],[18.126892427043913,44.39167252466734],[18.125366915151062,44.38812962028578],[18.119051296580096,44.384869958282025],[18.08976147291372,44.379374999856395],[18.08219493424889,44.37553694607328],[18.068160227712383,44.363061532663664],[18.059251238653815,44.34944896070101],[18.06730594011708,44.33382551003933],[18.06986880110435,44.32352397565103],[18.067550022415674,44.31426851198228],[18.064498998629915,44.31226005785544],[18.061355760141883,44.31263491024388],[18.061223916850338,44.31027643760757],[18.06420343194287,44.30302704126501],[18.08029281236344,44.28724584681845],[18.082027618080133,44.28453622096987],[18.090721115187364,44.288525561405606],[18.101447368801075,44.29428393035914],[18.105916640540556,44.294497192891185],[18.139585160726654,44.28425973789666],[18.15060936602947,44.27423383582294],[18.181596321013444,44.26121894250025],[18.21615869536754,44.257591327377895],[18.229566513284,44.25353666918198],[18.258467808242813,44.25268302190398],[18.26561864428504,44.255884137143255],[18.277536703755914,44.25673773855584],[18.282622191860696,44.25802323758239],[18.287667055790052,44.25929846814984],[18.296903550958177,44.26484633369142],[18.318654010774026,44.28340653668238],[18.327294604362578,44.28788570725965],[18.33235977948027,44.28895212603982],[18.34368193737157,44.279566975635476],[18.346837114333567,44.278003079649686],[18.34755530663216,44.27764710023354],[18.36424059043094,44.28660597918264],[18.36781600800242,44.28617939656198],[18.37496684404465,44.28106016769266],[18.38062792254067,44.280846857496556],[18.407145605785104,44.28703255820602],[18.445581349399788,44.30238734539972],[18.4554137488455,44.309850027656694],[18.469430816978672,44.31234738382477],[18.479560214832077,44.31741204093299],[18.489532577294803,44.32336840626461]]]}},{"type":"Feature","properties":{"shapeName":"Kakanj","shapeISO":"","shapeID":"43093233B37669859979811","shapeGroup":"BIH","shapeType":"ADM3"},"geometry":{"type":"Polygon","coordinates":[[[18.25913677883932,44.09117148687466],[18.265523299960364,44.09564915918139],[18.268192945548037,44.098661956384205],[18.269146389694185,44.109753206145626],[18.27238810212924,44.11742001382265],[18.281922549885792,44.12426453807802],[18.27944359294753,44.1259071057284],[18.262662964824017,44.12782337754692],[18.233106177408217,44.12344323671607],[18.22471586244717,44.127139001563705],[18.225478617943907,44.13439297725415],[18.237492022638776,44.141646062615735],[18.23119928731728,44.14889825764851],[18.22662275163873,44.17694081066992],[18.228529641729608,44.18295796313953],[18.23272479921019,44.18706021435747],[18.246835781745972,44.19622087869067],[18.258467808242813,44.21945796461341],[18.28661349821442,44.23999737937561],[18.289908603399397,44.2463796440054],[18.289542480401224,44.25144999112422],[18.282622191860696,44.25802323758239],[18.277536703755914,44.25673773855584],[18.26561864428504,44.255884137143255],[18.258467808242813,44.25268302190398],[18.229566513284,44.25353666918198],[18.21615869536754,44.257591327377895],[18.181596321013444,44.26121894250025],[18.15060936602947,44.27423383582294],[18.139585160726654,44.28425973789666],[18.105916640540556,44.294497192891185],[18.101447368801075,44.29428393035914],[18.090721115187364,44.288525561405606],[18.082027618080133,44.28453622096987],[18.083570279145135,44.28212671057929],[18.09104290250798,44.26959147696516],[18.105344573693174,44.25375007920286],[18.093903236745007,44.249379287724025],[18.08475016718654,44.23298592655931],[18.08303396574496,44.2090707527131],[18.0755970967287,44.20524342424471],[18.075215718530615,44.200048793517055],[18.085894300881307,44.18911123249745],[18.087229122326164,44.1856928284613],[18.08455947763781,44.18200072925032],[18.067397471316326,44.17338493176925],[18.073308829339055,44.165451815049266],[18.07254607294294,44.15970647817147],[18.063774380683185,44.15409739577825],[18.064918515277327,44.14561435531829],[18.05996060230001,44.141646062615735],[18.053286487881167,44.1415092208739],[18.03745930480312,44.14752998681951],[18.029450368040102,44.14780364332353],[18.009618716130888,44.139593393320524],[17.983707900799004,44.14006414524414],[17.979558509817423,44.13813732347876],[17.976385445332085,44.12718827631795],[17.970161357960365,44.12044265410526],[17.968208702269862,44.11483531549749],[17.970283398659944,44.10913981904747],[17.973769193393593,44.106604051036186],[17.972815748348182,44.100852985476934],[17.96461612293575,44.094827460319095],[17.953846554375048,44.09010052741746],[17.954316549069517,44.089290374051586],[17.961934424634023,44.08296731269138],[17.972260878336897,44.0832105199496],[17.988681631951806,44.089898325647255],[17.9934216427946,44.09038468080843],[18.000700946991174,44.087952859137204],[18.00577953010128,44.08357532813892],[18.008657393923613,44.07664357594035],[18.008249069339115,44.07624906224447],[18.03231070317645,44.07071921911671],[18.05996060230001,44.0679790235132],[18.124413470105594,44.05468728019389],[18.1518726805798,44.05235749290404],[18.172276399336397,44.06140203947257],[18.17799706781051,44.061950149279994],[18.180666713398182,44.060853924269225],[18.185243248177414,44.04947939255999],[18.187150137368974,44.047697641333116],[18.19268011719373,44.04660115282098],[18.19897285341449,44.04728646050182],[18.215562792888647,44.0527686386618],[18.216897614333504,44.05537249524451],[18.21308383595033,44.05934658227898],[18.2046935218886,44.061950149279994],[18.200307675758665,44.06564975962874],[18.206791100628834,44.075103265703206],[18.207363167476274,44.07989794543391],[18.21422796964515,44.08071985203958],[18.22566930659326,44.0764732146672],[18.231580665515366,44.0764732146672],[18.23825477813557,44.07989794543391],[18.247217159944,44.0878425599862],[18.257895741395373,44.09195142481843],[18.25913677883932,44.09117148687466]]]}},{"type":"Feature","properties":{"shapeName":"Vareš","shapeISO":"","shapeID":"43093233B14833660750510","shapeGroup":"BIH","shapeType":"ADM3"},"geometry":{"type":"Polygon","coordinates":[[[18.346837114333567,44.278003079649686],[18.34368193737157,44.279566975635476],[18.33235977948027,44.28895212603982],[18.327294604362578,44.28788570725965],[18.318654010774026,44.28340653668238],[18.296903550958177,44.26484633369142],[18.287667055790052,44.25929846814984],[18.282622191860696,44.25802323758239],[18.289542480401224,44.25144999112422],[18.289908603399397,44.2463796440054],[18.28661349821442,44.23999737937561],[18.258467808242813,44.21945796461341],[18.246835781745972,44.19622087869067],[18.23272479921019,44.18706021435747],[18.228529641729608,44.18295796313953],[18.22662275163873,44.17694081066992],[18.23119928731728,44.14889825764851],[18.237492022638776,44.141646062615735],[18.225478617943907,44.13439297725415],[18.22471586244717,44.127139001563705],[18.233106177408217,44.12344323671607],[18.262662964824017,44.12782337754692],[18.27944359294753,44.1259071057284],[18.281922549885792,44.12426453807802],[18.27238810212924,44.11742001382265],[18.269146389694185,44.109753206145626],[18.268192945548037,44.098661956384205],[18.265523299960364,44.09564915918139],[18.25913677883932,44.09117148687466],[18.26094676428181,44.09003399017655],[18.265523299960364,44.079350002001036],[18.266095366807804,44.071404248007696],[18.254463340310963,44.063183377910605],[18.254654028960317,44.05811327360874],[18.25770505274602,44.05468728019389],[18.261840846739577,44.04956233180746],[18.263181638921537,44.04987411130122],[18.27282287307719,44.05338261031926],[18.292349421888332,44.052417794245855],[18.296254732370073,44.05004954205276],[18.30101432864842,44.04075104132755],[18.30626208952384,44.03811912589697],[18.319198427965148,44.036803124564585],[18.32273761454934,44.03522388267612],[18.336132827568008,44.024680495408575],[18.341600261343046,44.02743234622585],[18.34363102225393,44.044839052680175],[18.346599057500555,44.052305523780944],[18.350738687240664,44.0556174157112],[18.35698718221272,44.05578581196568],[18.366594244828605,44.05191257490549],[18.37432183364752,44.05052407840232],[18.37733082086072,44.05518191541313],[18.385001599044585,44.06126464914428],[18.39954962421581,44.06772686979923],[18.4148911787849,44.067916924426584],[18.42071038957289,44.063545514214184],[18.42335548546731,44.056512567600976],[18.42335548546731,44.04472575698816],[18.42732312796005,44.0449158853599],[18.442400173029625,44.05613238460194],[18.446632325921144,44.067156702320005],[18.444516249025696,44.07133780339694],[18.432613319748953,44.08045918084656],[18.433671357747016,44.08292931183831],[18.446367816421628,44.09223887782201],[18.451658007311266,44.09356869633831],[18.465941523882293,44.09128898959523],[18.470702695772843,44.09261882969531],[18.482793957475224,44.102065759027596],[18.491786435995266,44.10362176423308],[18.494386594565754,44.1031938775954],[18.494743346628184,44.10524335789472],[18.492359734014542,44.11016395350373],[18.475674450215763,44.12107337743447],[18.47150312926607,44.12663426875656],[18.488784316443116,44.13048381137884],[18.501596230981306,44.13069766746344],[18.506959357788162,44.132408488261206],[18.51786438223553,44.14103026983116],[18.527720618212015,44.143972336254365],[18.529246129205546,44.150676961972295],[18.51685134721197,44.16189524456996],[18.50674483260798,44.173932004658354],[18.497401073500782,44.17379523666091],[18.483099402315588,44.16805071277025],[18.480620445377326,44.16955528484857],[18.47871355528639,44.17557319095005],[18.485006291507204,44.18377843622591],[18.485578357455267,44.188701034625126],[18.477950799789653,44.21166772768356],[18.47318357546169,44.21494795268592],[18.44553367633813,44.217681335025645],[18.43352027164326,44.225607423543806],[18.42760891451985,44.227110527029254],[18.419027911808712,44.227383813911956],[18.396145237013116,44.220824567200054],[18.381652875379928,44.21467460824664],[18.37116498347723,44.214264588440074],[18.3597236456298,44.21672466501133],[18.356863310493452,44.218911315305036],[18.356672621844098,44.222327792094006],[18.361821224370033,44.227930384979345],[18.362011913019444,44.23407895897685],[18.35629887169563,44.23877330494412],[18.341409877563876,44.2431448851284],[18.325666597635404,44.24436886872837],[18.318100058970572,44.24874003252654],[18.3196865916629,44.255645809606506],[18.34177600056205,44.26980448678768],[18.346657637539977,44.27504757568511],[18.346837114333567,44.278003079649686]]]}},{"type":"Feature","properties":{"shapeName":"Kreševo","shapeISO":"","shapeID":"43093233B96860256766014","shapeGroup":"BIH","shapeType":"ADM3"},"geometry":{"type":"Polygon","coordinates":[[[18.082809930234134,43.81191945861616],[18.083415343943045,43.82445765999307],[18.092324332102294,43.830356600177026],[18.09622964168466,43.83493447944272],[18.100501074265196,43.86547403250063],[18.108677817327475,43.87576770591494],[18.121980278766898,43.882629167102436],[18.124543137955527,43.88649938603788],[18.116976601089334,43.89239219104684],[18.093300659497913,43.90558292521189],[18.07719125567195,43.91059463743261],[18.038382239448822,43.91270470595748],[18.02752059559907,43.91877073658026],[18.021298415689387,43.92053266764856],[18.02055350004406,43.919835117496746],[18.018318900596853,43.91774260463757],[17.99627048999116,43.89949665714505],[17.987629896402666,43.889190592871614],[17.977797496956953,43.88339264835207],[17.97720159357874,43.87974180014402],[17.99001350811693,43.86556580112085],[17.99001350811693,43.859335887041595],[17.980777012049543,43.856113261817654],[17.966177388275923,43.86105454902827],[17.937871995796,43.86212868758889],[17.933700674846307,43.86062488802821],[17.923570324610864,43.847733621809255],[17.91761129442574,43.84408059004727],[17.90926761111143,43.831685300836],[17.90928644201574,43.831688875641134],[17.915888600778374,43.828757943724156],[17.916565745312937,43.810314194844295],[17.91859717801742,43.80591616919588],[17.923960162731362,43.801380976251096],[17.936311278143023,43.79739284990018],[17.94703724667164,43.791840309682584],[17.952779431425654,43.79168389239777],[17.958521617079043,43.79363907608257],[17.971847819721177,43.80857457056004],[17.980623612889474,43.812249223822676],[17.98517402326263,43.81037283333961],[17.990157806137915,43.801693759559384],[17.997741824925356,43.79606341539437],[18.002159194990895,43.7931785179743],[18.008826679607637,43.792720147916555],[18.022369569400155,43.78844303431862],[18.031003160867215,43.79406432051201],[18.044762736910855,43.80747994904044],[18.050504922564187,43.8098255419153],[18.060905861716208,43.80763632495649],[18.069139938357523,43.801380976251096],[18.07553218276405,43.80067720818664],[18.07986590688614,43.803805001699516],[18.08268282815004,43.811858313710275],[18.082809930234134,43.81191945861616]]]}},{"type":"Feature","properties":{"shapeName":"Kiseljak","shapeISO":"","shapeID":"43093233B52871697212491","shapeGroup":"BIH","shapeType":"ADM3"},"geometry":{"type":"Polygon","coordinates":[[[18.17313050616798,43.85222130177169],[18.177435654332044,43.85464286307774],[18.18217566607416,43.86025791876801],[18.184884244212526,43.86745906468411],[18.184207099677963,43.873927148918824],[18.174049932558376,43.899548506658334],[18.173940905948086,43.90206233660763],[18.17388064687441,43.90345174600134],[18.169987066250144,43.909672004959134],[18.14848772862581,43.91467213391189],[18.139007706040843,43.920037658311344],[18.134098408614705,43.93527798609023],[18.129189110289246,43.93759417383211],[18.100410470267036,43.94332330402733],[18.094485456938344,43.94649237282482],[18.094817257310638,43.95109453468507],[18.098392580453265,43.95429243754603],[18.111935470245783,43.961779537295854],[18.11041866648833,43.96521080883184],[18.092000336946057,43.97051329435311],[18.06664804647022,43.98431313034672],[18.062531008599194,43.98844466079254],[18.05538036321326,44.00423731799788],[18.042853190222615,44.02189069499963],[18.03032601723197,44.03053284621393],[18.022369569400155,44.040390662299274],[18.01204311569728,44.042702751830575],[18.005851803218206,44.04368184014487],[18.00384465490697,44.0384700548492],[17.998108731233003,44.034346509483896],[17.987125047582936,44.03241623971775],[17.973334421546383,44.02583530585474],[17.969673194262555,44.02565980405677],[17.963815228989688,44.02864325997854],[17.961496451200333,44.02794128426291],[17.95075684894948,44.016796298210636],[17.940383369696804,44.01460215656431],[17.939377776497675,44.01384089756503],[17.938064591907448,44.012846784251735],[17.93745438751,44.00319131113014],[17.940749492694977,43.99836298416443],[17.969185029665425,43.99414885188804],[18.008188550361353,43.97673528720378],[18.016531191361423,43.9651558890331],[18.019510706454014,43.95529017690018],[18.016829143050586,43.95185823986594],[18.003719276823233,43.94692448447745],[17.99895205339459,43.93984490262022],[18.01593528888253,43.92825831436977],[18.02055350004406,43.919835117496746],[18.021298415689387,43.92053266764856],[18.02752059559907,43.91877073658026],[18.038382239448822,43.91270470595748],[18.07719125567195,43.91059463743261],[18.093300659497913,43.90558292521189],[18.116976601089334,43.89239219104684],[18.124543137955527,43.88649938603788],[18.121980278766898,43.882629167102436],[18.108677817327475,43.87576770591494],[18.100501074265196,43.86547403250063],[18.09622964168466,43.83493447944272],[18.092324332102294,43.830356600177026],[18.083415343943045,43.82445765999307],[18.082809930234134,43.81191945861616],[18.086583179770003,43.81373465832786],[18.10013040339544,43.81658971534313],[18.10900587202343,43.822143082936975],[18.120238885516187,43.836249314354404],[18.123081808878453,43.83679949080391],[18.135146898510584,43.82849630216265],[18.138838420356876,43.828635818488294],[18.16897134854895,43.84988185666242],[18.17313050616798,43.85222130177169]]]}},{"type":"Feature","properties":{"shapeName":"Busovača","shapeISO":"","shapeID":"43093233B67476224198876","shapeGroup":"BIH","shapeType":"ADM3"},"geometry":{"type":"Polygon","coordinates":[[[18.008249069339115,44.07624906224447],[18.008657393923613,44.07664357594035],[18.00577953010128,44.08357532813892],[18.000700946991174,44.087952859137204],[17.9934216427946,44.09038468080843],[17.988681631951806,44.089898325647255],[17.972260878336897,44.0832105199496],[17.961934424634023,44.08296731269138],[17.954316549069517,44.089290374051586],[17.953846554375048,44.09010052741746],[17.951777258413813,44.09366748146914],[17.947206533254928,44.096706949865904],[17.944532353285524,44.101144583455834],[17.928306888352267,44.102937126547204],[17.924493210693186,44.10517772986839],[17.921927645444555,44.10980803871007],[17.929555001662038,44.1229999428931],[17.8983911878031,44.15315913038961],[17.89102385526678,44.15673478808009],[17.88278977862541,44.15525791242277],[17.87893209893724,44.15499178504291],[17.877044125186274,44.146632384277154],[17.871796365210116,44.14164058934176],[17.869599628120397,44.12771387699388],[17.86691472733287,44.12377175905948],[17.863009417750504,44.1216691872832],[17.855809002983165,44.1216691872832],[17.843238786640768,44.12832707253642],[17.8366485753715,44.12823947317321],[17.813582839976107,44.1243849941722],[17.809677529494422,44.120880703981356],[17.811019979888215,44.11457245805258],[17.816145699164736,44.11150570692291],[17.81736610885889,44.105897521153736],[17.816755903562125,44.09958767623033],[17.809677529494422,44.086702984055535],[17.814803249670263,44.079426715070895],[17.8149252903699,44.06899291109403],[17.81126406218675,44.06092518025292],[17.80150078733152,44.04961096607326],[17.79783956004769,44.0395228291153],[17.79806054325951,44.03939862914348],[17.80329326297374,44.036457668886385],[17.812064955233552,44.03700600981955],[17.816832179561516,44.035635148043696],[17.820645958843954,44.02411865834944],[17.829226961555094,44.01781106083183],[17.840858988051934,44.01383418769768],[17.852681704097392,44.01383418769768],[17.878043335831308,44.02027933112629],[17.902260832971137,44.039336401453795],[17.9072187459484,44.04057010132914],[17.917706638750417,44.04002179367092],[17.932198999484285,44.03494970456529],[17.936584845614163,44.031385275809896],[17.93811035750707,44.02905457031221],[17.92647833101023,44.02247326233123],[17.9274317760557,44.01904520946891],[17.93238968813364,44.016439755690214],[17.936584845614163,44.01493128325217],[17.939377776497675,44.01384089756503],[17.940383369696804,44.01460215656431],[17.95075684894948,44.016796298210636],[17.961496451200333,44.02794128426291],[17.963815228989688,44.02864325997854],[17.969673194262555,44.02565980405677],[17.973334421546383,44.02583530585474],[17.987125047582936,44.03241623971775],[17.998108731233003,44.034346509483896],[18.00384465490697,44.0384700548492],[18.005851803218206,44.04368184014487],[18.00357880991419,44.04404128927416],[18.000362374723863,44.04477138768942],[17.99494521754781,44.050855190714515],[17.988850917635773,44.054626834960516],[17.975985172377875,44.06010137517836],[17.974461597624668,44.0639940735677],[18.00374809649753,44.07190032843744],[18.008249069339115,44.07624906224447]]]}},{"type":"Feature","properties":{"shapeName":"Vitez","shapeISO":"","shapeID":"43093233B31414598982959","shapeGroup":"BIH","shapeType":"ADM3"},"geometry":{"type":"Polygon","coordinates":[[[17.806160328601308,44.20759108915167],[17.799479484590563,44.20647366442813],[17.783461611963844,44.20182595550352],[17.76820649483392,44.187607159542836],[17.75028173211632,44.17940244666562],[17.73426386038892,44.16750358592179],[17.73418334912822,44.167406317117965],[17.7306407706551,44.16312638947136],[17.72511078993108,44.15628636992011],[17.721487700197258,44.13726694791137],[17.7073767167621,44.13083453438628],[17.705660517119213,44.12864461685564],[17.70546982757054,44.11974724164196],[17.713860142531587,44.1040024472552],[17.71557634217453,44.096333899390004],[17.700893292791307,44.08482921149897],[17.699749158197164,44.07976096069984],[17.70451638342439,44.07195226518496],[17.738840395168154,44.04098132892523],[17.74608657553506,44.0367318398026],[17.757909291580575,44.034264254791594],[17.770685451772238,44.03412716393751],[17.78384299016193,44.03659475434449],[17.78893037763487,44.037598048810935],[17.79806054325951,44.03939862914348],[17.79783956004769,44.0395228291153],[17.80150078733152,44.04961096607326],[17.81126406218675,44.06092518025292],[17.8149252903699,44.06899291109403],[17.814803249670263,44.079426715070895],[17.809677529494422,44.086702984055535],[17.816755903562125,44.09958767623033],[17.81736610885889,44.105897521153736],[17.816145699164736,44.11150570692291],[17.811019979888215,44.11457245805258],[17.809677529494422,44.120880703981356],[17.813582839976107,44.1243849941722],[17.8366485753715,44.12823947317321],[17.843238786640768,44.12832707253642],[17.855809002983165,44.1216691872832],[17.863009417750504,44.1216691872832],[17.86691472733287,44.12377175905948],[17.869599628120397,44.12771387699388],[17.871796365210116,44.14164058934176],[17.877044125186274,44.146632384277154],[17.87893209893724,44.15499178504291],[17.87715593609761,44.15486925421277],[17.87347226982945,44.1568125173838],[17.8682718007031,44.16543983248232],[17.845411403013884,44.169869585313165],[17.840102590762,44.17344423036701],[17.83403537573207,44.19100347173287],[17.823742779705583,44.193256270760344],[17.820709173089938,44.19752858287785],[17.80814137142721,44.2043636381714],[17.806160328601308,44.20759108915167]]]}},{"type":"Feature","properties":{"shapeName":"Fojnica","shapeISO":"","shapeID":"43093233B94230808309685","shapeGroup":"BIH","shapeType":"ADM3"},"geometry":{"type":"Polygon","coordinates":[[[17.83147193198414,43.878057165805615],[17.835877208866123,43.87812004550375],[17.84616980489261,43.87015377797451],[17.850374872002817,43.8698999344345],[17.86374847611131,43.87331698229298],[17.867642056735576,43.8716084826454],[17.875090644817476,43.86062410022208],[17.893204259768822,43.855009077806756],[17.89658998244181,43.85268967588786],[17.899298560580178,43.8337648652564],[17.901668565551915,43.83058979258493],[17.906070005026777,43.83107827644136],[17.90926761111143,43.831685300836],[17.91761129442574,43.84408059004727],[17.923570324610864,43.847733621809255],[17.933700674846307,43.86062488802821],[17.937871995796,43.86212868758889],[17.966177388275923,43.86105454902827],[17.980777012049543,43.856113261817654],[17.99001350811693,43.859335887041595],[17.99001350811693,43.86556580112085],[17.97720159357874,43.87974180014402],[17.977797496956953,43.88339264835207],[17.987629896402666,43.889190592871614],[17.99627048999116,43.89949665714505],[18.018318900596853,43.91774260463757],[18.02055350004406,43.919835117496746],[18.01593528888253,43.92825831436977],[17.99895205339459,43.93984490262022],[18.003719276823233,43.94692448447745],[18.016829143050586,43.95185823986594],[18.019510706454014,43.95529017690018],[18.016531191361423,43.9651558890331],[18.008188550361353,43.97673528720378],[17.969185029665425,43.99414885188804],[17.940749492694977,43.99836298416443],[17.93745438751,44.00319131113014],[17.938064591907448,44.012846784251735],[17.939377776497675,44.01384089756503],[17.936584845614163,44.01493128325217],[17.93238968813364,44.016439755690214],[17.9274317760557,44.01904520946891],[17.92647833101023,44.02247326233123],[17.93811035750707,44.02905457031221],[17.936584845614163,44.031385275809896],[17.932198999484285,44.03494970456529],[17.917706638750417,44.04002179367092],[17.9072187459484,44.04057010132914],[17.902260832971137,44.039336401453795],[17.878043335831308,44.02027933112629],[17.852681704097392,44.01383418769768],[17.840858988051934,44.01383418769768],[17.829226961555094,44.01781106083183],[17.820645958843954,44.02411865834944],[17.816832179561516,44.035635148043696],[17.812064955233552,44.03700600981955],[17.80329326297374,44.036457668886385],[17.79806054325951,44.03939862914348],[17.78893037763487,44.037598048810935],[17.79127985917819,44.0193880238383],[17.78859829577476,44.00824554419654],[17.767443738437805,43.99367145037718],[17.749566649681185,43.99217097201279],[17.73824449268926,43.988526797673615],[17.735562929285834,43.98616868263866],[17.73586088007562,43.98359608738957],[17.741224006882476,43.97673528720378],[17.741224006882476,43.97373343834755],[17.73913834685726,43.97137473515596],[17.72245306305848,43.96537034226753],[17.715302227016196,43.961295587821155],[17.71524809592296,43.961100763189734],[17.714408371948878,43.95807847903865],[17.71347876433356,43.95428635543101],[17.717292542716734,43.94975608177782],[17.75257000040523,43.92517676039921],[17.759625491223517,43.92394066023331],[17.80500946441532,43.923253926227744],[17.808632554149085,43.92215513724983],[17.811111510188084,43.91308934599658],[17.817785624606927,43.90896807591605],[17.833231430386263,43.90786902163808],[17.844291390035664,43.902785634349584],[17.847754301519842,43.89881204643882],[17.84641185022673,43.89256808674787],[17.84311674594113,43.88887416820836],[17.832743265789134,43.87972633720074],[17.83147193198414,43.878057165805615]]]}},{"type":"Feature","properties":{"shapeName":"Dobretići","shapeISO":"","shapeID":"43093233B28333540693502","shapeGroup":"BIH","shapeType":"ADM3"},"geometry":{"type":"Polygon","coordinates":[[[17.3249423782882,44.44158303213129],[17.331910157327968,44.437302305956734],[17.34258873877934,44.42722595461419],[17.35860661140606,44.4167392588098],[17.372336216643134,44.39603272752839],[17.401511627659545,44.37000294448035],[17.407041606584926,44.358960642119996],[17.406469539737543,44.35309783219924],[17.39979542621802,44.34164321046586],[17.412571586409626,44.324047826246215],[17.418482944432412,44.32159223639263],[17.424966369302524,44.32213793152039],[17.42586996043036,44.323202637991415],[17.428208081737637,44.32595765801955],[17.438695973640336,44.33264158044466],[17.441174930578654,44.33605145171316],[17.43926804048772,44.347370801021725],[17.431640482822047,44.363323282143824],[17.433738061562337,44.36959400835684],[17.443463197968242,44.36877612531799],[17.45090006788388,44.363459609473466],[17.463866915825577,44.34791625692975],[17.473210674932773,44.34900715345742],[17.485033390978288,44.34055217724125],[17.493042327741307,44.340824938020546],[17.49761886252054,44.34668897461654],[17.4995257517121,44.35746090929359],[17.4980463012958,44.36962392430473],[17.49047935343947,44.369638603039164],[17.465668779490613,44.376608540451855],[17.434682649184936,44.404325189056294],[17.42411242344963,44.41643258459618],[17.409723103438523,44.4211481320807],[17.389578054883373,44.44048998442531],[17.36994086517882,44.44689556218049],[17.35288359480211,44.45708985871005],[17.346166321918247,44.45863649028183],[17.338148931527996,44.45755385222856],[17.32698959049725,44.443477730113216],[17.3249423782882,44.44158303213129]]]}},{"type":"Feature","properties":{"shapeName":"Jajce","shapeISO":"","shapeID":"43093233B65899723689105","shapeGroup":"BIH","shapeType":"ADM3"},"geometry":{"type":"Polygon","coordinates":[[[17.26765471948977,44.21853986292439],[17.27111088965586,44.22198342009881],[17.279287632718138,44.23195299133755],[17.287342334181403,44.23632507873947],[17.296495403739925,44.23894817451867],[17.310408070476115,44.25442205983023],[17.318950935637247,44.248914872423484],[17.325297063708547,44.24978906381432],[17.33957585344291,44.25582062881904],[17.348850964600388,44.25669471768714],[17.36679098161858,44.255645809606506],[17.38485303933635,44.247953247144665],[17.391321209006662,44.24707902877424],[17.423173893660305,44.25136257522274],[17.4233499269576,44.25157271980521],[17.425736752848934,44.25442205983023],[17.43220492161987,44.26167677386405],[17.44209023717474,44.26744494452862],[17.443554728268168,44.27137746220018],[17.441602074376306,44.27810582822144],[17.43525594540563,44.28404712107783],[17.436720436499,44.312696685004084],[17.433913495011836,44.317586675784526],[17.42586996043036,44.323202637991415],[17.424966369302524,44.32213793152039],[17.418482944432412,44.32159223639263],[17.412571586409626,44.324047826246215],[17.39979542621802,44.34164321046586],[17.406469539737543,44.35309783219924],[17.407041606584926,44.358960642119996],[17.401511627659545,44.37000294448035],[17.372336216643134,44.39603272752839],[17.35860661140606,44.4167392588098],[17.34258873877934,44.42722595461419],[17.331910157327968,44.437302305956734],[17.3249423782882,44.44158303213129],[17.324064326107816,44.44077039393858],[17.314096759457925,44.434813814406084],[17.298170321802957,44.4338080980653],[17.29105353319403,44.435655121186926],[17.265152756994212,44.438072603168166],[17.259566315033453,44.44061085061031],[17.250255578132453,44.44822493373374],[17.244416421280846,44.45103403449315],[17.24246841688398,44.451971180225826],[17.225539804418474,44.45160865091856],[17.21859907428791,44.44544530375782],[17.21859907428791,44.438918697939584],[17.226555522119725,44.42912742179311],[17.228079096872875,44.42247808909258],[17.226894094386978,44.4182463022251],[17.22498821603341,44.4158639882325],[17.223508371714047,44.414014208688855],[17.213520491177803,44.40712128651819],[17.211658343257966,44.401074194718376],[17.21335120459446,44.391155610543024],[17.21741407180201,44.38776839229752],[17.228248382556842,44.38619568848031],[17.22977195731005,44.382324237473654],[17.226894094386978,44.37687957633142],[17.21555192388223,44.370345314584654],[17.205733329029954,44.367077910317334],[17.198961883684035,44.36126874225869],[17.19574544849371,44.35315914797633],[17.194560445108493,44.330276780748875],[17.19913117026732,44.3259172218024],[17.208272620585035,44.323616213717344],[17.21622906841685,44.3180449756951],[17.23281910771567,44.297087543455405],[17.23654340265597,44.290544384715645],[17.238913408527026,44.27915270293494],[17.241452700082107,44.2547864813111],[17.238106494519172,44.24663713609499],[17.23806697740912,44.24654089604559],[17.251271294934384,44.22786279643094],[17.258381312547613,44.221433249045276],[17.26718419059796,44.21900682150766],[17.26765471948977,44.21853986292439]]]}},{"type":"Feature","properties":{"shapeName":"Donji Vakuf","shapeISO":"","shapeID":"43093233B49053343061122","shapeGroup":"BIH","shapeType":"ADM3"},"geometry":{"type":"Polygon","coordinates":[[[17.242786615909665,44.065269479502945],[17.244838422755038,44.06545376947594],[17.254487731923348,44.06934611623035],[17.259058457082176,44.06958937924651],[17.262782751123098,44.06691342941127],[17.263967754508315,44.05937146652002],[17.269892767837007,44.04623155754041],[17.27903421815472,44.036496412579424],[17.290714960926778,44.030045997324976],[17.300533555778998,44.01129929922331],[17.30341573005194,44.00832805789361],[17.31837124074019,44.011228505491204],[17.323519843266183,44.016714019236645],[17.331528779129883,44.031659470108536],[17.345067694818283,44.04070717779405],[17.34850009680207,44.04577877317189],[17.36451796942879,44.05797623761333],[17.376912752321687,44.07181526156512],[17.390833045308852,44.07770614112559],[17.455095224465083,44.11153308948053],[17.460815893838458,44.11919966693114],[17.471113097091802,44.12358012072605],[17.48350787908538,44.13562469592301],[17.489419238007486,44.13863545706073],[17.499335063062745,44.13685638941092],[17.507343998926444,44.139456546182714],[17.508869510819295,44.14369866176389],[17.50772537712453,44.15450783466889],[17.50719198382302,44.16101319040649],[17.50715331027709,44.16148485694066],[17.50467435423809,44.1657253888157],[17.499907129910184,44.16805071277025],[17.485414769176316,44.17092304486266],[17.478740655656793,44.17461583745097],[17.476833765565857,44.178445156119096],[17.477024455114588,44.18200072925032],[17.482729868388788,44.185676419431275],[17.485170686877723,44.193814631939745],[17.482851909987687,44.21559850966355],[17.491638856548036,44.223820047057586],[17.490540488452837,44.22679351241072],[17.477848231410803,44.23370186514899],[17.46625434246397,44.2344888411871],[17.46247107358124,44.2332646516424],[17.450022898837744,44.22390750342862],[17.445995547656423,44.224169874340305],[17.440869828379903,44.229242135216396],[17.431838798621698,44.245855100932204],[17.4233499269576,44.25157271980521],[17.423173893660305,44.25136257522274],[17.391321209006662,44.24707902877424],[17.38485303933635,44.247953247144665],[17.36679098161858,44.255645809606506],[17.348850964600388,44.25669471768714],[17.33957585344291,44.25582062881904],[17.325297063708547,44.24978906381432],[17.318950935637247,44.248914872423484],[17.310408070476115,44.25442205983023],[17.296495403739925,44.23894817451867],[17.287342334181403,44.23632507873947],[17.279287632718138,44.23195299133755],[17.27111088965586,44.22198342009881],[17.26765471948977,44.21853986292439],[17.277500062877664,44.20876923071546],[17.278822611274563,44.197202405067],[17.28649338855911,44.181270599358754],[17.285964369560077,44.17406194050619],[17.282261235667534,44.16533448859582],[17.287551426557116,44.145218487243426],[17.286228878160273,44.11769021063475],[17.255545769022092,44.08178926376354],[17.24966474196439,44.07568665143925],[17.2484040116359,44.07437841932864],[17.24443636824384,44.06848708471125],[17.242786615909665,44.065269479502945]]]}},{"type":"Feature","properties":{"shapeName":"Travnik","shapeISO":"","shapeID":"43093233B64510687239445","shapeGroup":"BIH","shapeType":"ADM3"},"geometry":{"type":"Polygon","coordinates":[[[17.692508318004514,44.37272469768669],[17.691753777814654,44.37288650370925],[17.68481304768403,44.37179743640263],[17.67177801674211,44.36550465071912],[17.65451083200935,44.3497697308884],[17.62014574912706,44.35182761445287],[17.61209886187305,44.3512079473889],[17.609142151788944,44.35098025973127],[17.605079285480713,44.34771177537817],[17.596445693114276,44.34952762170241],[17.579347794964804,44.357395642794756],[17.56377347156848,44.35400647122174],[17.5204362258512,44.35436960577272],[17.511633346901476,44.36489954008175],[17.500460462980016,44.36961924153485],[17.4980463012958,44.36962392430473],[17.4995257517121,44.35746090929359],[17.49761886252054,44.34668897461654],[17.493042327741307,44.340824938020546],[17.485033390978288,44.34055217724125],[17.473210674932773,44.34900715345742],[17.463866915825577,44.34791625692975],[17.45090006788388,44.363459609473466],[17.443463197968242,44.36877612531799],[17.433738061562337,44.36959400835684],[17.431640482822047,44.363323282143824],[17.43926804048772,44.347370801021725],[17.441174930578654,44.33605145171316],[17.438695973640336,44.33264158044466],[17.428208081737637,44.32595765801955],[17.42586996043036,44.323202637991415],[17.433913495011836,44.317586675784526],[17.436720436499,44.312696685004084],[17.43525594540563,44.28404712107783],[17.441602074376306,44.27810582822144],[17.443554728268168,44.27137746220018],[17.44209023717474,44.26744494452862],[17.43220492161987,44.26167677386405],[17.425736752848934,44.25442205983023],[17.4233499269576,44.25157271980521],[17.431838798621698,44.245855100932204],[17.440869828379903,44.229242135216396],[17.445995547656423,44.224169874340305],[17.450022898837744,44.22390750342862],[17.46247107358124,44.2332646516424],[17.46625434246397,44.2344888411871],[17.477848231410803,44.23370186514899],[17.490540488452837,44.22679351241072],[17.491638856548036,44.223820047057586],[17.482851909987687,44.21559850966355],[17.485170686877723,44.193814631939745],[17.482729868388788,44.185676419431275],[17.477024455114588,44.18200072925032],[17.476833765565857,44.178445156119096],[17.478740655656793,44.17461583745097],[17.485414769176316,44.17092304486266],[17.499907129910184,44.16805071277025],[17.50467435423809,44.1657253888157],[17.50715331027709,44.16148485694066],[17.50719198382302,44.16101319040649],[17.512873979650465,44.16230562860193],[17.528510474079155,44.157244020195435],[17.537091476790295,44.157517631733356],[17.537756676529455,44.15772009070969],[17.543384212111732,44.15943287652607],[17.556732440050098,44.16230562860193],[17.56550413230991,44.16859783422274],[17.56950859934244,44.16873461391134],[17.57904304799831,44.165451815049266],[17.58762405070945,44.168324273946155],[17.604213990183553,44.19375994416612],[17.608981214511516,44.19704116651667],[17.61355774929075,44.19799815579029],[17.628431487323326,44.19307633260672],[17.64120764841431,44.19594744611777],[17.65436518590468,44.19594744611777],[17.660467233476083,44.19307633260672],[17.6654251464534,44.17461583745097],[17.66885754753781,44.17324816287248],[17.679726818537915,44.17735109038057],[17.689261265395146,44.17721433137632],[17.69345642287567,44.18049647463266],[17.69593537981399,44.19047853835389],[17.70051191459322,44.19704116651667],[17.70394431567769,44.19840828891148],[17.71157187424268,44.19690445247858],[17.719771499655053,44.186923476936954],[17.724729411732994,44.17078627056998],[17.73369179354148,44.16750358592179],[17.73418334912822,44.167406317117965],[17.73426386038892,44.16750358592179],[17.75028173211632,44.17940244666562],[17.76820649483392,44.187607159542836],[17.783461611963844,44.20182595550352],[17.799479484590563,44.20647366442813],[17.806160328601308,44.20759108915167],[17.80575782266544,44.20824683882063],[17.80944148803428,44.213605235193484],[17.805006192681674,44.226528420150544],[17.805175478365697,44.2335638839661],[17.810084775791836,44.24169001138495],[17.811946922812297,44.25090635004807],[17.810254062375122,44.264364459852004],[17.813131925298137,44.26945591405922],[17.82565909828878,44.27624383408573],[17.832599829318724,44.28242500760808],[17.832938401586034,44.28775726248773],[17.819903370644113,44.299631908985475],[17.816517647971125,44.306779771869],[17.821426945397263,44.310898484277686],[17.821426945397263,44.31538028447261],[17.814147642999387,44.32301066960679],[17.814655500950664,44.32930801845032],[17.811608350544986,44.33197207744945],[17.799112919125946,44.33282727515865],[17.793293709237332,44.33585442374272],[17.787209988949883,44.347204841030646],[17.782184307559817,44.35079868211352],[17.775042549274303,44.36573913005685],[17.770545886883212,44.36706278372054],[17.755733351313154,44.36611732015825],[17.74594649713316,44.372735244935654],[17.740127287244547,44.38010862361415],[17.737322466358762,44.38193097293612],[17.73492173874729,44.38075138796626],[17.72137884895477,44.37288650370925],[17.714099545657575,44.37058733743572],[17.70495809533986,44.369377214187125],[17.69683236182408,44.37179743640263],[17.692508318004514,44.37272469768669]]]}},{"type":"Feature","properties":{"shapeName":"Novi Travnik","shapeISO":"","shapeID":"43093233B28738780111513","shapeGroup":"BIH","shapeType":"ADM3"},"geometry":{"type":"Polygon","coordinates":[[[17.71524809592296,43.961100763189734],[17.715302227016196,43.961295587821155],[17.72245306305848,43.96537034226753],[17.73913834685726,43.97137473515596],[17.741224006882476,43.97373343834755],[17.741224006882476,43.97673528720378],[17.73586088007562,43.98359608738957],[17.735562929285834,43.98616868263866],[17.73824449268926,43.988526797673615],[17.749566649681185,43.99217097201279],[17.767443738437805,43.99367145037718],[17.78859829577476,44.00824554419654],[17.79127985917819,44.0193880238383],[17.78893037763487,44.037598048810935],[17.78384299016193,44.03659475434449],[17.770685451772238,44.03412716393751],[17.757909291580575,44.034264254791594],[17.74608657553506,44.0367318398026],[17.738840395168154,44.04098132892523],[17.70451638342439,44.07195226518496],[17.699749158197164,44.07976096069984],[17.700893292791307,44.08482921149897],[17.71557634217453,44.096333899390004],[17.713860142531587,44.1040024472552],[17.70546982757054,44.11974724164196],[17.705660517119213,44.12864461685564],[17.7073767167621,44.13083453438628],[17.721487700197258,44.13726694791137],[17.72511078993108,44.15628636992011],[17.7306407706551,44.16312638947136],[17.73418334912822,44.167406317117965],[17.73369179354148,44.16750358592179],[17.724729411732994,44.17078627056998],[17.719771499655053,44.186923476936954],[17.71157187424268,44.19690445247858],[17.70394431567769,44.19840828891148],[17.70051191459322,44.19704116651667],[17.69593537981399,44.19047853835389],[17.69345642287567,44.18049647463266],[17.689261265395146,44.17721433137632],[17.679726818537915,44.17735109038057],[17.66885754753781,44.17324816287248],[17.6654251464534,44.17461583745097],[17.660467233476083,44.19307633260672],[17.65436518590468,44.19594744611777],[17.64120764841431,44.19594744611777],[17.628431487323326,44.19307633260672],[17.61355774929075,44.19799815579029],[17.608981214511516,44.19704116651667],[17.604213990183553,44.19375994416612],[17.58762405070945,44.168324273946155],[17.57904304799831,44.165451815049266],[17.56950859934244,44.16873461391134],[17.56550413230991,44.16859783422274],[17.556732440050098,44.16230562860193],[17.543384212111732,44.15943287652607],[17.537756676529455,44.15772009070969],[17.53825849373453,44.15635203751657],[17.548998095086063,44.14339214403225],[17.555466265655696,44.13717388876398],[17.565839744009054,44.131392950424356],[17.576091182562095,44.12201962160833],[17.58342889412819,44.10701481997802],[17.58304751593016,44.101674600702324],[17.585145093771132,44.09784029979005],[17.594107475579563,44.09222533852858],[17.601925723693228,44.09030791377927],[17.604213990183553,44.08660984486852],[17.599256077206235,44.072089267905426],[17.602497789641347,44.068664084779755],[17.61756221812192,44.064005516541386],[17.61965979596289,44.05564657892654],[17.6150832611836,44.04564170839819],[17.616990151274535,44.04221499462636],[17.620702052657634,44.035143780960766],[17.620803929657654,44.03494970456529],[17.63777524643052,44.03234495045916],[17.64063558156687,44.03056268392078],[17.637012490933785,44.02535267478618],[17.63777524643052,44.021376307970286],[17.664662390057288,44.003822255692626],[17.67381546051513,43.99545482577963],[17.676103727904774,43.99079050008157],[17.66942961438525,43.98242123195433],[17.66920841533613,43.97948484834711],[17.67128311082695,43.97755279252743],[17.67579862570608,43.97570850064682],[17.68812476064926,43.97764061582183],[17.697643953205898,43.97746497103162],[17.702525589284562,43.97518154918919],[17.71524809592296,43.961100763189734]]]}},{"type":"Feature","properties":{"shapeName":"Bugojno","shapeISO":"","shapeID":"43093233B60495374346514","shapeGroup":"BIH","shapeType":"ADM3"},"geometry":{"type":"Polygon","coordinates":[[[17.620702052657634,44.035143780960766],[17.616990151274535,44.04221499462636],[17.6150832611836,44.04564170839819],[17.61965979596289,44.05564657892654],[17.61756221812192,44.064005516541386],[17.602497789641347,44.068664084779755],[17.599256077206235,44.072089267905426],[17.604213990183553,44.08660984486852],[17.601925723693228,44.09030791377927],[17.594107475579563,44.09222533852858],[17.585145093771132,44.09784029979005],[17.58304751593016,44.101674600702324],[17.58342889412819,44.10701481997802],[17.576091182562095,44.12201962160833],[17.565839744009054,44.131392950424356],[17.555466265655696,44.13717388876398],[17.548998095086063,44.14339214403225],[17.53825849373453,44.15635203751657],[17.537756676529455,44.15772009070969],[17.537091476790295,44.157517631733356],[17.528510474079155,44.157244020195435],[17.512873979650465,44.16230562860193],[17.50719198382302,44.16101319040649],[17.50772537712453,44.15450783466889],[17.508869510819295,44.14369866176389],[17.507343998926444,44.139456546182714],[17.499335063062745,44.13685638941092],[17.489419238007486,44.13863545706073],[17.48350787908538,44.13562469592301],[17.471113097091802,44.12358012072605],[17.460815893838458,44.11919966693114],[17.455095224465083,44.11153308948053],[17.390833045308852,44.07770614112559],[17.376912752321687,44.07181526156512],[17.36451796942879,44.05797623761333],[17.34850009680207,44.04577877317189],[17.345067694818283,44.04070717779405],[17.331528779129883,44.031659470108536],[17.323519843266183,44.016714019236645],[17.31837124074019,44.011228505491204],[17.30341573005194,44.00832805789361],[17.30561213888916,44.006063773624305],[17.310690722898585,43.998392284076715],[17.318816456414368,43.978539224705514],[17.33286720415822,43.95733906004966],[17.33659149909846,43.93917888269931],[17.33963864950414,43.933693173800975],[17.349287957773072,43.9294261622876],[17.368586575210315,43.92406148415023],[17.373326587851807,43.92540269977485],[17.38179089273558,43.93722846632073],[17.388393052397475,43.94234817273002],[17.395164495944755,43.94320141351449],[17.40345951604388,43.940763548399104],[17.407353097567466,43.93527798609023],[17.40616809418225,43.920403471942734],[17.41886455375618,43.896498923586535],[17.42140384531126,43.89466909820038],[17.42478956708493,43.89491307797624],[17.429529578827044,43.89710885279135],[17.433592446034595,43.902110036648935],[17.438501743460733,43.90381766215546],[17.4412103215991,43.902110036648935],[17.44129093862597,43.90173660665914],[17.456620736357934,43.90828116924064],[17.47797790016,43.920232205951606],[17.480838234397027,43.9238033139718],[17.480838234397027,43.96238507601049],[17.48350787908538,43.97144335342807],[17.48560545782567,43.97240399934515],[17.497428173871185,43.96911029260599],[17.50314884234524,43.97130611688385],[17.50810675442324,43.97363909137101],[17.523552561101837,43.98708621505682],[17.544604621805888,44.000030996333464],[17.558029124844268,44.00477140467666],[17.57535893746507,44.008194798151465],[17.58109486113898,44.01100358864477],[17.586830784812946,44.020306755952106],[17.592200586388003,44.024606784275704],[17.620702052657634,44.035143780960766]]]}}]}
